# SYNTHETIC. Every crew on the estate: harvest gangs carried through from ec_gangs.csv under the same code, plus upkeep crews, spray teams and P&D teams sized from the programme. EPMS has m_gang_employee for harvest gangs only; the EC export carries none of it.
crew_code,crew_type,name,division_code,establishment,harvesters,mandor,kerani,skill,blocks,home_block,home_lon,home_lat
G1-01,harvest,Gang 1-01,1,28,15,1,1,0.913,10,32-51,140.839842,-7.04206
G1-02,harvest,Gang 1-02,1,26,17,1,1,0.922,10,33-54,140.848986,-7.049989
G1-03,harvest,Gang 1-03,1,25,18,1,1,1.165,10,34-50,140.857268,-7.038509
G1-04,harvest,Gang 1-04,1,26,15,1,1,0.977,9,34-60,140.857769,-7.066664
G2-01,harvest,Gang 2-01,2,24,19,1,1,0.996,9,35-49,140.865791,-7.035183
G2-02,harvest,Gang 2-02,2,20,16,1,1,1.059,9,36-52,140.876141,-7.044338
G2-03,harvest,Gang 2-03,2,24,12,1,1,1.048,9,36-61,140.875608,-7.069598
G2-04,harvest,Gang 2-04,2,25,14,1,1,1.06,7,37-57,140.884909,-7.058413
G3-01,harvest,Gang 3-01,3,27,13,1,1,0.924,13,31-41,140.830525,-7.013453
G3-02,harvest,Gang 3-02,3,24,13,1,1,1.142,13,32-46,140.839364,-7.027679
G3-03,harvest,Gang 3-03,3,25,18,1,1,1.05,13,34-42,140.856632,-7.016345
G3-04,harvest,Gang 3-04,3,24,20,1,1,0.978,10,36-41,140.875871,-7.013447
G4-01,harvest,Gang 4-01,4,26,12,1,1,1.035,11,30-35,140.822371,-6.995695
G4-02,harvest,Gang 4-02,4,25,17,1,1,1.152,11,31-40,140.830184,-7.010859
G4-03,harvest,Gang 4-03,4,24,18,1,1,1.119,11,33-38,140.848407,-7.004502
G4-04,harvest,Gang 4-04,4,20,13,1,1,0.91,10,35-35,140.866536,-6.997267
G5-01,harvest,Gang 5-01,5,23,13,1,1,1.127,11,30-28,140.819039,-6.97666
G5-02,harvest,Gang 5-02,5,27,15,1,1,1.017,11,31-32,140.830392,-6.987494
G5-03,harvest,Gang 5-03,5,19,14,1,1,1.145,11,33-29,140.848301,-6.979345
G6-01,harvest,Gang 6-01,6,24,18,1,1,1.039,10,37-33,140.881992,-6.993957
G6-02,harvest,Gang 6-02,6,18,16,1,1,1.006,10,38-36,140.895712,-7.00193
G6-03,harvest,Gang 6-03,6,24,17,1,1,0.959,10,37-43,140.88406,-7.020111
G6-04,harvest,Gang 6-04,6,24,14,1,1,1.044,10,38-46,140.894621,-7.028629
G6-05,harvest,Gang 6-05,6,21,20,1,1,0.844,7,40-42,140.912415,-7.018105
G7-01,harvest,Gang 7-01,7,27,18,1,1,0.996,12,37-47,140.883512,-7.030737
G7-02,harvest,Gang 7-02,7,21,20,1,1,1.0,12,39-50,140.903073,-7.039477
G7-03,harvest,Gang 7-03,7,20,14,1,1,1.111,12,40-54,140.913048,-7.050001
G7-04,harvest,Gang 7-04,7,27,15,1,1,0.987,10,39-57,140.903133,-7.058296
U1-01,upkeep,Upkeep 1-01,1,19,,1,0,1.075,13,32-51,140.839842,-7.04206
U1-02,upkeep,Upkeep 1-02,1,19,,1,0,1.123,13,33-57,140.84728,-7.05828
U1-03,upkeep,Upkeep 1-03,1,19,,1,0,0.953,13,34-56,140.85702,-7.055562
S1-01,spray,Spray team 1,1,15,,1,0,0.961,39,32-51,140.839842,-7.04206
P1-01,pest,P&D team 1,1,11,,1,0,0.867,39,32-51,140.839842,-7.04206
U2-01,upkeep,Upkeep 2-01,2,18,,1,0,1.078,12,35-49,140.865791,-7.035183
U2-02,upkeep,Upkeep 2-02,2,18,,1,0,1.091,12,36-55,140.876266,-7.052783
U2-03,upkeep,Upkeep 2-03,2,18,,1,0,1.025,10,37-54,140.885135,-7.050441
S2-01,spray,Spray team 2,2,14,,1,0,1.021,34,35-49,140.865791,-7.035183
P2-01,pest,P&D team 2,2,10,,1,0,1.096,34,35-49,140.865791,-7.035183
U3-01,upkeep,Upkeep 3-01,3,16,,1,0,0.98,13,31-41,140.830525,-7.013453
U3-02,upkeep,Upkeep 3-02,3,16,,1,0,0.991,13,32-46,140.839364,-7.027679
U3-03,upkeep,Upkeep 3-03,3,16,,1,0,1.06,13,34-42,140.856632,-7.016345
U3-04,upkeep,Upkeep 3-04,3,16,,1,0,1.024,10,36-41,140.875871,-7.013447
S3-01,spray,Spray team 3,3,17,,1,0,0.965,49,31-41,140.830525,-7.013453
P3-01,pest,P&D team 3,3,11,,1,0,0.989,49,31-41,140.830525,-7.013453
U4-01,upkeep,Upkeep 4-01,4,15,,1,0,0.8,11,30-35,140.822371,-6.995695
U4-02,upkeep,Upkeep 4-02,4,15,,1,0,1.096,11,31-40,140.830184,-7.010859
U4-03,upkeep,Upkeep 4-03,4,15,,1,0,0.976,11,33-38,140.848407,-7.004502
U4-04,upkeep,Upkeep 4-04,4,15,,1,0,0.94,10,35-35,140.866536,-6.997267
S4-01,spray,Spray team 4,4,16,,1,0,0.988,43,30-35,140.822371,-6.995695
P4-01,pest,P&D team 4,4,10,,1,0,1.037,43,30-35,140.822371,-6.995695
U5-01,upkeep,Upkeep 5-01,5,16,,1,0,1.085,11,30-28,140.819039,-6.97666
U5-02,upkeep,Upkeep 5-02,5,16,,1,0,1.132,11,31-32,140.830392,-6.987494
U5-03,upkeep,Upkeep 5-03,5,16,,1,0,1.2,11,33-29,140.848301,-6.979345
S5-01,spray,Spray team 5,5,13,,1,0,0.889,33,30-28,140.819039,-6.97666
P5-01,pest,P&D team 5,5,10,,1,0,0.824,33,30-28,140.819039,-6.97666
U6-01,upkeep,Upkeep 6-01,6,17,,1,0,1.0,12,37-33,140.881992,-6.993957
U6-02,upkeep,Upkeep 6-02,6,17,,1,0,1.051,12,38-38,140.894819,-7.00794
U6-03,upkeep,Upkeep 6-03,6,17,,1,0,1.105,12,38-40,140.894661,-7.013598
U6-04,upkeep,Upkeep 6-04,6,17,,1,0,1.062,11,39-45,140.903055,-7.025329
S6-01,spray,Spray team 6,6,18,,1,0,1.046,47,37-33,140.881992,-6.993957
P6-01,pest,P&D team 6,6,13,,1,0,1.011,47,37-33,140.881992,-6.993957
U7-01,upkeep,Upkeep 7-01,7,15,,1,0,0.904,12,37-47,140.883512,-7.030737
U7-02,upkeep,Upkeep 7-02,7,15,,1,0,0.975,12,39-50,140.903073,-7.039477
U7-03,upkeep,Upkeep 7-03,7,15,,1,0,0.991,12,40-54,140.913048,-7.050001
U7-04,upkeep,Upkeep 7-04,7,15,,1,0,1.126,10,39-57,140.903133,-7.058296
S7-01,spray,Spray team 7,7,17,,1,0,0.954,46,37-47,140.883512,-7.030737
P7-01,pest,P&D team 7,7,13,,1,0,1.041,46,37-47,140.883512,-7.030737
