# SYNTHETIC. Forward block forecast in bunches. The real export ends 2025-05-23; these months are generated so the time scrubber has a forward half.
division_code,block_code,month,horizon,p10,p50,p90
1,1,2025-06,1,767,857,947
1,1,2025-07,2,753,882,1010
1,1,2025-08,3,742,912,1083
1,1,2025-09,4,704,911,1118
1,1,2025-10,5,736,1005,1275
1,1,2025-11,6,741,1073,1404
1,2,2025-06,1,2182,2491,2800
1,2,2025-07,2,2111,2551,2991
1,2,2025-08,3,2000,2566,3132
1,2,2025-09,4,2018,2760,3502
1,2,2025-10,5,2006,2938,3870
1,2,2025-11,6,1870,2947,4024
1,3,2025-06,1,2185,2437,2690
1,3,2025-07,2,1965,2296,2627
1,3,2025-08,3,2082,2553,3023
1,3,2025-09,4,1982,2556,3131
1,3,2025-10,5,2055,2797,3538
1,3,2025-11,6,2058,2963,3868
1,4,2025-06,1,1940,2242,2544
1,4,2025-07,2,1814,2233,2651
1,4,2025-08,3,1631,2145,2659
1,4,2025-09,4,1647,2327,3007
1,4,2025-10,5,1660,2533,3406
1,4,2025-11,6,1562,2590,3618
1,5,2025-06,1,1171,1357,1543
1,5,2025-07,2,1068,1319,1571
1,5,2025-08,3,1047,1385,1722
1,5,2025-09,4,990,1409,1827
1,5,2025-10,5,968,1490,2012
1,5,2025-11,6,939,1574,2209
1,6,2025-06,1,885,1034,1184
1,6,2025-07,2,817,1022,1227
1,6,2025-08,3,812,1093,1374
1,6,2025-09,4,815,1186,1558
1,6,2025-10,5,768,1218,1667
1,6,2025-11,6,737,1283,1829
1,7,2025-06,1,2546,2938,3330
1,7,2025-07,2,2451,3008,3566
1,7,2025-08,3,2338,3065,3792
1,7,2025-09,4,2362,3323,4283
1,7,2025-10,5,2321,3522,4722
1,7,2025-11,6,2328,3834,5339
1,8,2025-06,1,5126,5803,6481
1,8,2025-07,2,5062,6042,7022
1,8,2025-08,3,4884,6163,7443
1,8,2025-09,4,4961,6641,8322
1,8,2025-10,5,5027,7165,9303
1,8,2025-11,6,4820,7345,9871
1,9,2025-06,1,4280,4875,5471
1,9,2025-07,2,4093,4929,5765
1,9,2025-08,3,3990,5097,6203
1,9,2025-09,4,3937,5353,6770
1,9,2025-10,5,3835,5575,7314
1,9,2025-11,6,3812,5952,8092
1,10,2025-06,1,4821,5344,5868
1,10,2025-07,2,4653,5385,6118
1,10,2025-08,3,4598,5567,6536
1,10,2025-09,4,4774,6060,7346
1,10,2025-10,5,4788,6386,7984
1,10,2025-11,6,4621,6493,8365
1,11,2025-06,1,5759,6478,7198
1,11,2025-07,2,5299,6265,7231
1,11,2025-08,3,5261,6555,7849
1,11,2025-09,4,5112,6732,8352
1,11,2025-10,5,5438,7592,9747
1,11,2025-11,6,5181,7698,10216
1,12,2025-06,1,4871,5539,6207
1,12,2025-07,2,4517,5426,6336
1,12,2025-08,3,4496,5724,6952
1,12,2025-09,4,4396,5952,7509
1,12,2025-10,5,4575,6615,8655
1,12,2025-11,6,4550,7058,9566
1,13,2025-06,1,4508,5486,6465
1,13,2025-07,2,4344,5774,7204
1,13,2025-08,3,3828,5605,7382
1,13,2025-09,4,3881,6325,8768
1,13,2025-10,5,3482,6398,9313
1,13,2025-11,6,3286,6918,10550
1,14,2025-06,1,5864,6869,7875
1,14,2025-07,2,5267,6610,7954
1,14,2025-08,3,5066,6847,8628
1,14,2025-09,4,5336,7814,10291
1,14,2025-10,5,5097,8141,11185
1,14,2025-11,6,4708,8271,11835
1,15,2025-06,1,5556,6478,7399
1,15,2025-07,2,5193,6472,7751
1,15,2025-08,3,4926,6594,8262
1,15,2025-09,4,4783,6915,9047
1,15,2025-10,5,4910,7715,10521
1,15,2025-11,6,4732,8144,11556
1,16,2025-06,1,3506,4261,5017
1,16,2025-07,2,3286,4360,5435
1,16,2025-08,3,3034,4431,5828
1,16,2025-09,4,2886,4687,6488
1,16,2025-10,5,2779,5084,7388
1,16,2025-11,6,2494,5219,7945
1,17,2025-06,1,3116,3632,4148
1,17,2025-07,2,2934,3654,4375
1,17,2025-08,3,2736,3659,4583
1,17,2025-09,4,2679,3869,5059
1,17,2025-10,5,2538,3983,5428
1,17,2025-11,6,2508,4309,6110
1,18,2025-06,1,2570,2923,3276
1,18,2025-07,2,2359,2834,3310
1,18,2025-08,3,2200,2801,3403
1,18,2025-09,4,2246,3042,3839
1,18,2025-10,5,2245,3248,4251
1,18,2025-11,6,2105,3267,4429
1,19,2025-06,1,2681,3015,3349
1,19,2025-07,2,2447,2892,3336
1,19,2025-08,3,2491,3101,3712
1,19,2025-09,4,2358,3102,3846
1,19,2025-10,5,2419,3374,4328
1,19,2025-11,6,2367,3512,4656
1,20,2025-06,1,3158,3647,4136
1,20,2025-07,2,2933,3604,4276
1,20,2025-08,3,2765,3630,4496
1,20,2025-09,4,2764,3896,5029
1,20,2025-10,5,2808,4273,5738
1,20,2025-11,6,2714,4486,6259
1,21,2025-06,1,4320,5005,5689
1,21,2025-07,2,3882,4793,5703
1,21,2025-08,3,3730,4928,6127
1,21,2025-09,4,3748,5327,6906
1,21,2025-10,5,3724,5726,7727
1,21,2025-11,6,3694,6185,8676
1,22,2025-06,1,4158,4984,5810
1,22,2025-07,2,3890,5053,6216
1,22,2025-08,3,3649,5173,6697
1,22,2025-09,4,3288,5131,6973
1,22,2025-10,5,3235,5613,7990
1,22,2025-11,6,2944,5750,8556
1,23,2025-06,1,3724,4351,4979
1,23,2025-07,2,3475,4345,5216
1,23,2025-08,3,3182,4279,5377
1,23,2025-09,4,3262,4745,6228
1,23,2025-10,5,3112,4929,6746
1,23,2025-11,6,2961,5148,7335
1,24,2025-06,1,3765,4554,5344
1,24,2025-07,2,3327,4382,5437
1,24,2025-08,3,3233,4674,6114
1,24,2025-09,4,3167,5073,6978
1,24,2025-10,5,2893,5194,7496
1,24,2025-11,6,2742,5602,8461
1,25,2025-06,1,5270,6192,7115
1,25,2025-07,2,5175,6525,7875
1,25,2025-08,3,4881,6639,8398
1,25,2025-09,4,4641,6853,9066
1,25,2025-10,5,4739,7653,10566
1,25,2025-11,6,4564,8130,11697
1,26,2025-06,1,5090,6093,7095
1,26,2025-07,2,4514,5851,7189
1,26,2025-08,3,4357,6159,7960
1,26,2025-09,4,4094,6363,8631
1,26,2025-10,5,4162,7182,10203
1,26,2025-11,6,3752,7278,10805
1,27,2025-06,1,3696,4504,5311
1,27,2025-07,2,3452,4597,5741
1,27,2025-08,3,3300,4844,6388
1,27,2025-09,4,3148,5148,7148
1,27,2025-10,5,2961,5464,7968
1,27,2025-11,6,2596,5499,8403
1,28,2025-06,1,4479,5082,5685
1,28,2025-07,2,4285,5130,5975
1,28,2025-08,3,4259,5397,6535
1,28,2025-09,4,4078,5488,6898
1,28,2025-10,5,4327,6209,8091
1,28,2025-11,6,4103,6304,8505
1,29,2025-06,1,4565,5201,5837
1,29,2025-07,2,4234,5100,5966
1,29,2025-08,3,4110,5252,6394
1,29,2025-09,4,4039,5495,6952
1,29,2025-10,5,4303,6260,8216
1,29,2025-11,6,4238,6623,9007
1,30,2025-06,1,3298,3811,4324
1,30,2025-07,2,3124,3842,4561
1,30,2025-08,3,2872,3776,4679
1,30,2025-09,4,2989,4220,5450
1,30,2025-10,5,2928,4463,5999
1,30,2025-11,6,2815,4664,6513
1,31,2025-06,1,3947,4568,5189
1,31,2025-07,2,3760,4636,5511
1,31,2025-08,3,3676,4848,6019
1,31,2025-09,4,3531,5005,6480
1,31,2025-10,5,3581,5488,7395
1,31,2025-11,6,3380,5636,7892
1,32,2025-06,1,3783,4298,4814
1,32,2025-07,2,3552,4262,4972
1,32,2025-08,3,3513,4465,5417
1,32,2025-09,4,3412,4609,5807
1,32,2025-10,5,3326,4795,6265
1,32,2025-11,6,3277,5065,6854
1,33,2025-06,1,3870,4372,4873
1,33,2025-07,2,3455,4110,4765
1,33,2025-08,3,3291,4134,4976
1,33,2025-09,4,3398,4522,5646
1,33,2025-10,5,3407,4820,6233
1,33,2025-11,6,3203,4837,6470
1,34,2025-06,1,4658,5512,6367
1,34,2025-07,2,4583,5840,7097
1,34,2025-08,3,4384,6051,7718
1,34,2025-09,4,4283,6448,8613
1,34,2025-10,5,3949,6538,9128
1,34,2025-11,6,3986,7330,10675
1,35,2025-06,1,4533,5586,6639
1,35,2025-07,2,3997,5415,6832
1,35,2025-08,3,3905,5872,7840
1,35,2025-09,4,3615,6110,8606
1,35,2025-10,5,3270,6309,9348
1,35,2025-11,6,3042,6837,10632
1,36,2025-06,1,3561,4253,4945
1,36,2025-07,2,3276,4233,5189
1,36,2025-08,3,2998,4219,5439
1,36,2025-09,4,2852,4405,5958
1,36,2025-10,5,2804,4800,6796
1,36,2025-11,6,2525,4847,7170
1,37,2025-06,1,3651,4508,5365
1,37,2025-07,2,3365,4572,5779
1,37,2025-08,3,3166,4782,6398
1,37,2025-09,4,2919,4964,7008
1,37,2025-10,5,2766,5380,7993
1,37,2025-11,6,2388,5424,8459
1,38,2025-06,1,4121,4931,5741
1,38,2025-07,2,3691,4782,5873
1,38,2025-08,3,3504,4950,6395
1,38,2025-09,4,3376,5242,7107
1,38,2025-10,5,3262,5622,7983
1,38,2025-11,6,3048,5904,8760
1,39,2025-06,1,4217,4786,5355
1,39,2025-07,2,3867,4631,5396
1,39,2025-08,3,3796,4813,5830
1,39,2025-09,4,3843,5176,6508
1,39,2025-10,5,3849,5528,7208
1,39,2025-11,6,3766,5794,7822
2,40,2025-06,1,3024,3390,3756
2,40,2025-07,2,2857,3360,3863
2,40,2025-08,3,2695,3335,3974
2,40,2025-09,4,2700,3524,4347
2,40,2025-10,5,2774,3830,4886
2,40,2025-11,6,2715,3979,5243
2,41,2025-06,1,3651,4095,4539
2,41,2025-07,2,3444,4055,4666
2,41,2025-08,3,3434,4255,5075
2,41,2025-09,4,3400,4445,5489
2,41,2025-10,5,3460,4787,6114
2,41,2025-11,6,3472,5102,6731
2,42,2025-06,1,4863,5702,6542
2,42,2025-07,2,4599,5781,6963
2,42,2025-08,3,4662,6315,7967
2,42,2025-09,4,4487,6589,8690
2,42,2025-10,5,4392,7041,9691
2,42,2025-11,6,4205,7422,10639
2,43,2025-06,1,4653,5693,6734
2,43,2025-07,2,4295,5755,7216
2,43,2025-08,3,3936,5830,7724
2,43,2025-09,4,3784,6263,8742
2,43,2025-10,5,3643,6835,10026
2,43,2025-11,6,3377,7309,11242
2,44,2025-06,1,4015,5001,5988
2,44,2025-07,2,3703,5100,6497
2,44,2025-08,3,3480,5359,7238
2,44,2025-09,4,3168,5532,7896
2,44,2025-10,5,3019,6086,9154
2,44,2025-11,6,2737,6529,10320
2,45,2025-06,1,4051,4747,5444
2,45,2025-07,2,3719,4670,5621
2,45,2025-08,3,3446,4661,5875
2,45,2025-09,4,3357,4920,6482
2,45,2025-10,5,3485,5573,7660
2,45,2025-11,6,3315,5833,8351
2,46,2025-06,1,4894,5687,6479
2,46,2025-07,2,4390,5444,6498
2,46,2025-08,3,4255,5656,7057
2,46,2025-09,4,4129,5915,7700
2,46,2025-10,5,4188,6503,8819
2,46,2025-11,6,4173,7077,9980
2,47,2025-06,1,5490,6162,6833
2,47,2025-07,2,5100,6010,6920
2,47,2025-08,3,4968,6163,7357
2,47,2025-09,4,4989,6532,8075
2,47,2025-10,5,5373,7448,9523
2,47,2025-11,6,5384,7929,10475
2,49,2025-06,1,4476,5130,5784
2,49,2025-07,2,4069,4944,5818
2,49,2025-08,3,4159,5377,6595
2,49,2025-09,4,3916,5410,6903
2,49,2025-10,5,3988,5914,7839
2,49,2025-11,6,3821,6114,8408
2,50,2025-06,1,4516,5164,5812
2,50,2025-07,2,4188,5071,5955
2,50,2025-08,3,4166,5362,6558
2,50,2025-09,4,4070,5589,7108
2,50,2025-10,5,4220,6212,8203
2,50,2025-11,6,3927,6228,8528
2,51,2025-06,1,4206,4865,5524
2,51,2025-07,2,3792,4671,5550
2,51,2025-08,3,3599,4742,5884
2,51,2025-09,4,3543,5015,6487
2,51,2025-10,5,3413,5220,7028
2,51,2025-11,6,3518,5854,8189
2,52,2025-06,1,3482,4146,4810
2,52,2025-07,2,3219,4139,5059
2,52,2025-08,3,2922,4084,5247
2,52,2025-09,4,2837,4344,5851
2,52,2025-10,5,2619,4433,6247
2,52,2025-11,6,2559,4842,7125
2,53,2025-06,1,4486,5532,6578
2,53,2025-07,2,3924,5322,6720
2,53,2025-08,3,3785,5701,7618
2,53,2025-09,4,3571,6050,8528
2,53,2025-10,5,3295,6376,9458
2,53,2025-11,6,2886,6512,10137
2,54,2025-06,1,3540,4322,5103
2,54,2025-07,2,3054,4077,5101
2,54,2025-08,3,2983,4396,5808
2,54,2025-09,4,2661,4373,6086
2,54,2025-10,5,2640,4906,7173
2,54,2025-11,6,2382,5091,7801
2,55,2025-06,1,4559,5282,6005
2,55,2025-07,2,4376,5404,6431
2,55,2025-08,3,4224,5583,6941
2,55,2025-09,4,4021,5716,7411
2,55,2025-10,5,4061,6245,8429
2,55,2025-11,6,3917,6561,9205
2,56,2025-06,1,4256,5037,5818
2,56,2025-07,2,3797,4839,5882
2,56,2025-08,3,3761,5192,6624
2,56,2025-09,4,3665,5519,7374
2,56,2025-10,5,3543,5870,8196
2,56,2025-11,6,3215,5917,8620
2,57,2025-06,1,3811,4348,4884
2,57,2025-07,2,3507,4233,4958
2,57,2025-08,3,3322,4256,5189
2,57,2025-09,4,3200,4368,5536
2,57,2025-10,5,3138,4583,6029
2,57,2025-11,6,3188,5007,6827
2,58,2025-06,1,4067,4655,5243
2,58,2025-07,2,3623,4394,5165
2,58,2025-08,3,3502,4517,5531
2,58,2025-09,4,3488,4803,6117
2,58,2025-10,5,3513,5187,6861
2,58,2025-11,6,3340,5318,7296
2,59,2025-06,1,4931,5554,6178
2,59,2025-07,2,4652,5511,6370
2,59,2025-08,3,4568,5706,6844
2,59,2025-09,4,4509,5957,7405
2,59,2025-10,5,4606,6457,8309
2,59,2025-11,6,4315,6444,8573
2,60,2025-06,1,4963,5684,6405
2,60,2025-07,2,4922,5974,7027
2,60,2025-08,3,4534,5854,7174
2,60,2025-09,4,4649,6410,8172
2,60,2025-10,5,4445,6577,8708
2,60,2025-11,6,4297,6857,9417
2,62,2025-06,1,3700,4213,4726
2,62,2025-07,2,3480,4188,4897
2,62,2025-08,3,3189,4070,4951
2,62,2025-09,4,3171,4308,5445
2,62,2025-10,5,3196,4640,6084
2,62,2025-11,6,3214,5012,6809
2,63,2025-06,1,5153,5787,6421
2,63,2025-07,2,4828,5694,6560
2,63,2025-08,3,4897,6081,7264
2,63,2025-09,4,4985,6535,8086
2,63,2025-10,5,4864,6754,8645
2,63,2025-11,6,5064,7474,9884
2,64,2025-06,1,3769,4294,4819
2,64,2025-07,2,3500,4216,4932
2,64,2025-08,3,3348,4278,5208
2,64,2025-09,4,3254,4428,5601
2,64,2025-10,5,3206,4664,6122
2,64,2025-11,6,3204,5007,6810
2,65,2025-06,1,2652,3086,3520
2,65,2025-07,2,2371,2947,3523
2,65,2025-08,3,2394,3193,3991
2,65,2025-09,4,2331,3353,4375
2,65,2025-10,5,2274,3551,4827
2,65,2025-11,6,2151,3671,5191
2,66,2025-06,1,4603,5319,6034
2,66,2025-07,2,4246,5222,6198
2,66,2025-08,3,3914,5145,6375
2,66,2025-09,4,4056,5724,7393
2,66,2025-10,5,3911,5961,8010
2,66,2025-11,6,3690,6110,8530
2,67,2025-06,1,3993,4657,5321
2,67,2025-07,2,3601,4491,5380
2,67,2025-08,3,3327,4457,5587
2,67,2025-09,4,3400,4921,6441
2,67,2025-10,5,3253,5119,6984
2,67,2025-11,6,3279,5653,8026
2,68,2025-06,1,2724,3141,3558
2,68,2025-07,2,2685,3292,3899
2,68,2025-08,3,2524,3304,4085
2,68,2025-09,4,2373,3332,4291
2,68,2025-10,5,2480,3754,5028
2,68,2025-11,6,2314,3800,5286
2,69,2025-06,1,3927,4628,5329
2,69,2025-07,2,3653,4626,5600
2,69,2025-08,3,3697,5060,6422
2,69,2025-09,4,3583,5334,7084
2,69,2025-10,5,3294,5374,7454
2,69,2025-11,6,3280,5920,8560
2,70,2025-06,1,4076,4845,5615
2,70,2025-07,2,3986,5113,6241
2,70,2025-08,3,3784,5271,6759
2,70,2025-09,4,3480,5305,7130
2,70,2025-10,5,3364,5661,7957
2,70,2025-11,6,3264,6129,8993
2,71,2025-06,1,4388,5151,5914
2,71,2025-07,2,4009,5048,6088
2,71,2025-08,3,3859,5240,6621
2,71,2025-09,4,3808,5609,7410
2,71,2025-10,5,3506,5644,7782
2,71,2025-11,6,3540,6281,9022
2,72,2025-06,1,3873,4642,5412
2,72,2025-07,2,3527,4582,5636
2,72,2025-08,3,3314,4698,6082
2,72,2025-09,4,3293,5138,6983
2,72,2025-10,5,2996,5197,7398
2,72,2025-11,6,2823,5515,8206
2,73,2025-06,1,4226,4807,5387
2,73,2025-07,2,3995,4800,5605
2,73,2025-08,3,3919,4991,6062
2,73,2025-09,4,4026,5452,6879
2,73,2025-10,5,3754,5429,7105
2,73,2025-11,6,3925,6091,8256
2,74,2025-06,1,4577,5260,5944
2,74,2025-07,2,4256,5192,6129
2,74,2025-08,3,4377,5690,7004
2,74,2025-09,4,4321,6013,7705
2,74,2025-10,5,4098,6134,8169
2,74,2025-11,6,4040,6541,9042
2,382,2025-06,1,5976,6647,7318
2,382,2025-07,2,5603,6517,7431
2,382,2025-08,3,5335,6501,7668
2,382,2025-09,4,5356,6855,8354
2,382,2025-10,5,5738,7733,9728
2,382,2025-11,6,5474,7789,10103
3,75,2025-06,1,5887,6891,7895
3,75,2025-07,2,5671,7110,8548
3,75,2025-08,3,5042,6805,8567
3,75,2025-09,4,4893,7150,9408
3,75,2025-10,5,5120,8158,11195
3,75,2025-11,6,4875,8538,12201
3,76,2025-06,1,5618,6785,7953
3,76,2025-07,2,5341,7019,8696
3,76,2025-08,3,4920,7088,9257
3,76,2025-09,4,4657,7427,10196
3,76,2025-10,5,4557,8135,11712
3,76,2025-11,6,4347,8813,13278
3,77,2025-06,1,5928,7097,8266
3,77,2025-07,2,5736,7437,9138
3,77,2025-08,3,5485,7756,10026
3,77,2025-09,4,5359,8330,11302
3,77,2025-10,5,5220,9013,12805
3,77,2025-11,6,4742,9205,13668
3,78,2025-06,1,5039,6205,7371
3,78,2025-07,2,4459,6034,7609
3,78,2025-08,3,4145,6225,8305
3,78,2025-09,4,3923,6618,9313
3,78,2025-10,5,3690,7100,10511
3,78,2025-11,6,3250,7278,11306
3,79,2025-06,1,3327,4142,4956
3,79,2025-07,2,3063,4215,5366
3,79,2025-08,3,2666,4100,5533
3,79,2025-09,4,2616,4558,6501
3,79,2025-10,5,2373,4771,7169
3,79,2025-11,6,2191,5205,8220
3,80,2025-06,1,2161,2540,2920
3,80,2025-07,2,2125,2681,3236
3,80,2025-08,3,1984,2701,3418
3,80,2025-09,4,1864,2756,3647
3,80,2025-10,5,1944,3144,4344
3,80,2025-11,6,1735,3096,4457
3,81,2025-06,1,1084,1257,1430
3,81,2025-07,2,962,1190,1417
3,81,2025-08,3,894,1184,1474
3,81,2025-09,4,865,1233,1602
3,81,2025-10,5,876,1352,1829
3,81,2025-11,6,844,1420,1996
3,82,2025-06,1,384,476,568
3,82,2025-07,2,360,493,625
3,82,2025-08,3,316,482,647
3,82,2025-09,4,302,520,738
3,82,2025-10,5,272,539,805
3,82,2025-11,6,254,590,926
3,83,2025-06,1,6437,7554,8671
3,83,2025-07,2,5789,7286,8782
3,83,2025-08,3,5471,7423,9374
3,83,2025-09,4,5457,8029,10602
3,83,2025-10,5,5357,8611,11865
3,83,2025-11,6,4921,8715,12510
3,84,2025-06,1,6664,7748,8832
3,84,2025-07,2,6150,7632,9115
3,84,2025-08,3,6229,8290,10351
3,84,2025-09,4,5921,8495,11069
3,84,2025-10,5,5710,8886,12062
3,84,2025-11,6,5561,9454,13347
3,85,2025-06,1,3928,4707,5487
3,85,2025-07,2,3598,4673,5748
3,85,2025-08,3,3557,5041,6525
3,85,2025-09,4,3244,5060,6876
3,85,2025-10,5,3146,5454,7762
3,85,2025-11,6,3099,6048,8996
3,86,2025-06,1,6102,7210,8319
3,86,2025-07,2,5852,7440,9029
3,86,2025-08,3,5317,7315,9314
3,86,2025-09,4,5227,7836,10446
3,86,2025-10,5,5079,8364,11649
3,86,2025-11,6,4862,8880,12899
3,87,2025-06,1,6361,7633,8906
3,87,2025-07,2,5803,7551,9299
3,87,2025-08,3,5359,7616,9873
3,87,2025-09,4,5255,8226,11198
3,87,2025-10,5,4787,8340,11893
3,87,2025-11,6,4555,8947,13338
3,88,2025-06,1,4706,5482,6258
3,88,2025-07,2,4461,5552,6643
3,88,2025-08,3,4180,5584,6989
3,88,2025-09,4,3966,5720,7473
3,88,2025-10,5,3919,6139,8358
3,88,2025-11,6,3831,6567,9302
3,89,2025-06,1,4863,5569,6275
3,89,2025-07,2,4197,5093,5990
3,89,2025-08,3,4335,5596,6856
3,89,2025-09,4,4231,5833,7435
3,89,2025-10,5,3950,5842,7735
3,89,2025-11,6,4069,6491,8914
3,90,2025-06,1,4719,5542,6364
3,90,2025-07,2,4301,5418,6535
3,90,2025-08,3,4117,5593,7069
3,90,2025-09,4,4251,6266,8281
3,90,2025-10,5,4070,6557,9044
3,90,2025-11,6,3823,6792,9760
3,91,2025-06,1,3221,3749,4277
3,91,2025-07,2,2957,3676,4395
3,91,2025-08,3,2936,3916,4895
3,91,2025-09,4,2924,4206,5489
3,91,2025-10,5,2910,4544,6179
3,91,2025-11,6,2858,4880,6903
3,92,2025-06,1,4862,5640,6418
3,92,2025-07,2,4678,5786,6895
3,92,2025-08,3,4299,5695,7091
3,92,2025-09,4,4183,5965,7747
3,92,2025-10,5,4156,6417,8678
3,92,2025-11,6,4042,6805,9568
3,93,2025-06,1,6558,7588,8619
3,93,2025-07,2,6167,7601,9035
3,93,2025-08,3,5858,7723,9587
3,93,2025-09,4,5552,7867,10182
3,93,2025-10,5,5453,8352,11250
3,93,2025-11,6,5455,9089,12723
3,94,2025-06,1,3577,4297,5017
3,94,2025-07,2,3179,4143,5108
3,94,2025-08,3,2975,4238,5501
3,94,2025-09,4,2932,4604,6276
3,94,2025-10,5,2751,4813,6876
3,94,2025-11,6,2621,5177,7732
3,95,2025-06,1,6648,7457,8266
3,95,2025-07,2,6568,7733,8898
3,95,2025-08,3,6114,7575,9035
3,95,2025-09,4,6330,8275,10220
3,95,2025-10,5,6705,9276,11848
3,95,2025-11,6,6188,9092,11996
3,96,2025-06,1,6778,7882,8985
3,96,2025-07,2,6182,7674,9166
3,96,2025-08,3,5825,7755,9686
3,96,2025-09,4,5714,8202,10690
3,96,2025-10,5,5587,8698,11810
3,96,2025-11,6,5545,9433,13321
3,97,2025-06,1,4028,4707,5385
3,97,2025-07,2,3946,4934,5922
3,97,2025-08,3,3723,5006,6288
3,97,2025-09,4,3514,5111,6707
3,97,2025-10,5,3534,5596,7657
3,97,2025-11,6,3299,5733,8167
3,98,2025-06,1,5429,6045,6661
3,98,2025-07,2,5260,6127,6995
3,98,2025-08,3,4982,6085,7187
3,98,2025-09,4,5114,6563,8012
3,98,2025-10,5,5344,7226,9108
3,98,2025-11,6,5276,7538,9800
3,99,2025-06,1,2754,3179,3604
3,99,2025-07,2,2578,3166,3754
3,99,2025-08,3,2385,3128,3871
3,99,2025-09,4,2449,3447,4446
3,99,2025-10,5,2365,3592,4819
3,99,2025-11,6,2433,4011,5589
3,100,2025-06,1,5678,6611,7544
3,100,2025-07,2,5149,6405,7660
3,100,2025-08,3,4932,6584,8236
3,100,2025-09,4,4828,6955,9082
3,100,2025-10,5,4990,7806,10622
3,100,2025-11,6,4820,8247,11675
3,101,2025-06,1,7550,8728,9906
3,101,2025-07,2,7045,8670,10295
3,101,2025-08,3,6770,8907,11044
3,101,2025-09,4,6688,9452,12217
3,101,2025-10,5,6336,9672,13008
3,101,2025-11,6,5983,9928,13873
3,102,2025-06,1,4559,5289,6018
3,102,2025-07,2,4260,5270,6280
3,102,2025-08,3,4249,5631,7012
3,102,2025-09,4,3958,5647,7335
3,102,2025-10,5,3968,6130,8292
3,102,2025-11,6,3776,6361,8945
3,103,2025-06,1,4126,4681,5237
3,103,2025-07,2,3757,4498,5239
3,103,2025-08,3,3832,4856,5880
3,103,2025-09,4,3735,5028,6320
3,103,2025-10,5,3487,5005,6522
3,103,2025-11,6,3400,5226,7052
3,104,2025-06,1,5616,6324,7032
3,104,2025-07,2,5142,6088,7035
3,104,2025-08,3,5007,6251,7494
3,104,2025-09,4,4973,6565,8157
3,104,2025-10,5,4827,6761,8696
3,104,2025-11,6,4750,7085,9420
3,105,2025-06,1,3524,4144,4764
3,105,2025-07,2,3073,3880,4686
3,105,2025-08,3,3028,4126,5224
3,105,2025-09,4,2953,4371,5788
3,105,2025-10,5,2961,4795,6629
3,105,2025-11,6,2801,5007,7214
3,106,2025-06,1,1862,2178,2494
3,106,2025-07,2,1824,2284,2744
3,106,2025-08,3,1737,2340,2944
3,106,2025-09,4,1640,2392,3144
3,106,2025-10,5,1623,2579,3535
3,106,2025-11,6,1550,2705,3861
3,107,2025-06,1,6239,7177,8115
3,107,2025-07,2,5633,6882,8131
3,107,2025-08,3,5513,7181,8850
3,107,2025-09,4,5407,7543,9679
3,107,2025-10,5,5468,8209,10951
3,107,2025-11,6,4888,7945,11003
3,108,2025-06,1,7057,8298,9539
3,108,2025-07,2,6340,8002,9664
3,108,2025-08,3,6160,8392,10623
3,108,2025-09,4,5890,8713,11536
3,108,2025-10,5,5893,9538,13184
3,108,2025-11,6,5656,10106,14556
3,109,2025-06,1,4688,5603,6517
3,109,2025-07,2,4207,5440,6674
3,109,2025-08,3,3942,5553,7164
3,109,2025-09,4,3923,6069,8216
3,109,2025-10,5,3792,6507,9221
3,109,2025-11,6,3382,6511,9641
3,110,2025-06,1,5210,5986,6763
3,110,2025-07,2,4868,5938,7008
3,110,2025-08,3,4654,6049,7444
3,110,2025-09,4,4675,6503,8331
3,110,2025-10,5,4498,6729,8960
3,110,2025-11,6,4438,7181,9924
3,111,2025-06,1,6767,7724,8682
3,111,2025-07,2,6017,7268,8520
3,111,2025-08,3,6174,7919,9664
3,111,2025-09,4,6137,8391,10644
3,111,2025-10,5,5700,8342,10985
3,111,2025-11,6,5501,8662,11823
3,112,2025-06,1,4443,5228,6013
3,112,2025-07,2,4253,5374,6495
3,112,2025-08,3,4052,5527,7003
3,112,2025-09,4,3963,5875,7786
3,112,2025-10,5,3864,6270,8675
3,112,2025-11,6,3604,6459,9315
3,113,2025-06,1,5026,5866,6705
3,113,2025-07,2,4440,5542,6644
3,113,2025-08,3,4404,5908,7412
3,113,2025-09,4,4306,6243,8180
3,113,2025-10,5,4005,6316,8627
3,113,2025-11,6,3895,6735,9574
3,114,2025-06,1,3342,3898,4453
3,114,2025-07,2,3186,3973,4760
3,114,2025-08,3,3048,4084,5119
3,114,2025-09,4,2836,4105,5373
3,114,2025-10,5,2758,4340,5922
3,114,2025-11,6,2588,4461,6335
3,115,2025-06,1,3446,4135,4824
3,115,2025-07,2,3139,4084,5029
3,115,2025-08,3,3096,4399,5702
3,115,2025-09,4,2757,4315,5874
3,115,2025-10,5,2761,4808,6856
3,115,2025-11,6,2460,4830,7200
3,116,2025-06,1,1643,2050,2458
3,116,2025-07,2,1437,1985,2534
3,116,2025-08,3,1256,1943,2629
3,116,2025-09,4,1173,2061,2948
3,116,2025-10,5,1078,2192,3305
3,116,2025-11,6,931,2245,3559
3,117,2025-06,1,1654,2000,2346
3,117,2025-07,2,1534,2019,2504
3,117,2025-08,3,1398,2020,2641
3,117,2025-09,4,1359,2174,2989
3,117,2025-10,5,1255,2250,3244
3,117,2025-11,6,1165,2375,3585
3,118,2025-06,1,1337,1575,1813
3,118,2025-07,2,1193,1511,1828
3,118,2025-08,3,1120,1532,1944
3,118,2025-09,4,1135,1688,2240
3,118,2025-10,5,1027,1673,2319
3,118,2025-11,6,945,1702,2460
3,119,2025-06,1,600,733,867
3,119,2025-07,2,555,743,930
3,119,2025-08,3,506,748,989
3,119,2025-09,4,463,764,1065
3,119,2025-10,5,458,856,1254
3,119,2025-11,6,398,857,1316
3,120,2025-06,1,2143,2553,2963
3,120,2025-07,2,1876,2415,2953
3,120,2025-08,3,1719,2406,3093
3,120,2025-09,4,1730,2654,3578
3,120,2025-10,5,1607,2725,3844
3,120,2025-11,6,1505,2855,4206
3,121,2025-06,1,766,918,1071
3,121,2025-07,2,654,850,1046
3,121,2025-08,3,651,923,1195
3,121,2025-09,4,588,918,1248
3,121,2025-10,5,565,981,1397
3,121,2025-11,6,513,1004,1494
3,369,2025-06,1,584,693,802
3,369,2025-07,2,552,706,860
3,369,2025-08,3,542,751,961
3,369,2025-09,4,507,768,1028
3,369,2025-10,5,511,852,1194
3,369,2025-11,6,460,855,1250
3,370,2025-06,1,345,424,504
3,370,2025-07,2,296,401,505
3,370,2025-08,3,281,421,561
3,370,2025-09,4,259,436,613
3,370,2025-10,5,248,476,703
3,370,2025-11,6,224,498,773
4,122,2025-06,1,1943,2222,2502
4,122,2025-07,2,1754,2124,2495
4,122,2025-08,3,1719,2213,2707
4,122,2025-09,4,1688,2320,2952
4,122,2025-10,5,1681,2476,3272
4,122,2025-11,6,1605,2547,3489
4,123,2025-06,1,1718,2024,2329
4,123,2025-07,2,1526,1931,2336
4,123,2025-08,3,1555,2126,2698
4,123,2025-09,4,1471,2187,2903
4,123,2025-10,5,1358,2212,3067
4,123,2025-11,6,1301,2344,3387
4,124,2025-06,1,1883,2253,2623
4,124,2025-07,2,1729,2240,2751
4,124,2025-08,3,1570,2218,2866
4,124,2025-09,4,1494,2321,3147
4,124,2025-10,5,1452,2502,3553
4,124,2025-11,6,1387,2687,3987
4,125,2025-06,1,1479,1806,2134
4,125,2025-07,2,1446,1933,2419
4,125,2025-08,3,1368,2018,2668
4,125,2025-09,4,1238,2039,2840
4,125,2025-10,5,1250,2329,3407
4,125,2025-11,6,1164,2496,3827
4,126,2025-06,1,1032,1250,1468
4,126,2025-07,2,964,1273,1581
4,126,2025-08,3,908,1317,1726
4,126,2025-09,4,863,1388,1913
4,126,2025-10,5,840,1518,2195
4,126,2025-11,6,772,1588,2405
4,127,2025-06,1,590,748,907
4,127,2025-07,2,551,781,1010
4,127,2025-08,3,491,787,1084
4,127,2025-09,4,453,836,1220
4,127,2025-10,5,414,901,1388
4,127,2025-11,6,356,944,1532
4,128,2025-06,1,7027,7863,8698
4,128,2025-07,2,6771,7943,9115
4,128,2025-08,3,6701,8262,9822
4,128,2025-09,4,7036,9140,11245
4,128,2025-10,5,6972,9570,12168
4,128,2025-11,6,7163,10425,13686
4,129,2025-06,1,5022,5737,6451
4,129,2025-07,2,4518,5462,6407
4,129,2025-08,3,4489,5765,7041
4,129,2025-09,4,4642,6357,8073
4,129,2025-10,5,4731,6939,9147
4,129,2025-11,6,4404,6953,9503
4,130,2025-06,1,6688,7869,9051
4,130,2025-07,2,5922,7482,9043
4,130,2025-08,3,5931,8091,10251
4,130,2025-09,4,5860,8686,11512
4,130,2025-10,5,5480,8893,12306
4,130,2025-11,6,5487,9837,14186
4,131,2025-06,1,6777,7995,9213
4,131,2025-07,2,6053,7677,9302
4,131,2025-08,3,5975,8194,10413
4,131,2025-09,4,5772,8616,11460
4,131,2025-10,5,5768,9444,13121
4,131,2025-11,6,5303,9616,13928
4,132,2025-06,1,6946,8291,9636
4,132,2025-07,2,6230,8042,9854
4,132,2025-08,3,5897,8288,10678
4,132,2025-09,4,5700,8789,11879
4,132,2025-10,5,5617,9596,13574
4,132,2025-11,6,5068,9704,14339
4,133,2025-06,1,8082,9408,10733
4,133,2025-07,2,7301,9077,10853
4,133,2025-08,3,7685,10253,12822
4,133,2025-09,4,7597,10936,14275
4,133,2025-10,5,7360,11501,15643
4,133,2025-11,6,7591,12974,18356
4,134,2025-06,1,7703,8895,10087
4,134,2025-07,2,6912,8492,10073
4,134,2025-08,3,6946,9119,11291
4,134,2025-09,4,6899,9721,12543
4,134,2025-10,5,6531,9932,13333
4,134,2025-11,6,6629,10949,15269
4,135,2025-06,1,5755,6667,7579
4,135,2025-07,2,5261,6495,7729
4,135,2025-08,3,5196,6866,8535
4,135,2025-09,4,5078,7216,9355
4,135,2025-10,5,4759,7317,9875
4,135,2025-11,6,4785,8011,11238
4,136,2025-06,1,5793,6885,7977
4,136,2025-07,2,5265,6752,8239
4,136,2025-08,3,5147,7168,9189
4,136,2025-09,4,5039,7676,10314
4,136,2025-10,5,4679,7867,11055
4,136,2025-11,6,4465,8376,12286
4,137,2025-06,1,5071,6240,7410
4,137,2025-07,2,4347,5877,7406
4,137,2025-08,3,4079,6117,8155
4,137,2025-09,4,3868,6513,9157
4,137,2025-10,5,3502,6721,9940
4,137,2025-11,6,3296,7354,11412
4,138,2025-06,1,6907,8438,9970
4,138,2025-07,2,6155,8230,10304
4,138,2025-08,3,5813,8583,11353
4,138,2025-09,4,5347,8813,12278
4,138,2025-10,5,5279,9847,14414
4,138,2025-11,6,4491,9647,14802
4,139,2025-06,1,6628,7698,8767
4,139,2025-07,2,6301,7807,9314
4,139,2025-08,3,6483,8610,10737
4,139,2025-09,4,6358,9097,11836
4,139,2025-10,5,6183,9587,12992
4,139,2025-11,6,6317,10692,15066
4,140,2025-06,1,6453,7608,8764
4,140,2025-07,2,5776,7320,8864
4,140,2025-08,3,5374,7361,9349
4,140,2025-09,4,5560,8287,11014
4,140,2025-10,5,5164,8440,11716
4,140,2025-11,6,5154,9323,13493
4,141,2025-06,1,6385,7465,8545
4,141,2025-07,2,5763,7212,8662
4,141,2025-08,3,5507,7414,9321
4,141,2025-09,4,5452,7942,10432
4,141,2025-10,5,5333,8462,11591
4,141,2025-11,6,5228,9110,12991
4,142,2025-06,1,5672,6560,7448
4,142,2025-07,2,5556,6842,8127
4,142,2025-08,3,5370,7071,8772
4,142,2025-09,4,5133,7262,9391
4,142,2025-10,5,5288,8084,10879
4,142,2025-11,6,4861,8081,11301
4,143,2025-06,1,6251,7098,7944
4,143,2025-07,2,5874,7039,8205
4,143,2025-08,3,5684,7213,8742
4,143,2025-09,4,5773,7783,9794
4,143,2025-10,5,5826,8380,10933
4,143,2025-11,6,5651,8708,11765
4,144,2025-06,1,4296,5046,5795
4,144,2025-07,2,3941,4965,5990
4,144,2025-08,3,3853,5235,6618
4,144,2025-09,4,3654,5389,7124
4,144,2025-10,5,3538,5704,7869
4,144,2025-11,6,3489,6201,8914
4,145,2025-06,1,5157,6298,7438
4,145,2025-07,2,4685,6259,7833
4,145,2025-08,3,4297,6337,8377
4,145,2025-09,4,4135,6805,9474
4,145,2025-10,5,3988,7422,10857
4,145,2025-11,6,3642,7801,11960
4,146,2025-06,1,6021,7093,8166
4,146,2025-07,2,5492,6952,8412
4,146,2025-08,3,5309,7261,9213
4,146,2025-09,4,5016,7460,9904
4,146,2025-10,5,5110,8327,11545
4,146,2025-11,6,4978,8972,12966
4,147,2025-06,1,5046,5803,6561
4,147,2025-07,2,4655,5686,6717
4,147,2025-08,3,4490,5847,7205
4,147,2025-09,4,4221,5887,7552
4,147,2025-10,5,4291,6440,8589
4,147,2025-11,6,4359,7082,9805
4,148,2025-06,1,6168,7275,8382
4,148,2025-07,2,5994,7600,9206
4,148,2025-08,3,5387,7385,9382
4,148,2025-09,4,5292,7895,10498
4,148,2025-10,5,5082,8315,11548
4,148,2025-11,6,4812,8717,12622
4,149,2025-06,1,5427,6221,7015
4,149,2025-07,2,5187,6304,7422
4,149,2025-08,3,5053,6536,8020
4,149,2025-09,4,5036,6961,8887
4,149,2025-10,5,4901,7274,9648
4,149,2025-11,6,4820,7723,10627
4,150,2025-06,1,6337,7424,8512
4,150,2025-07,2,6157,7730,9303
4,150,2025-08,3,5814,7861,9908
4,150,2025-09,4,5800,8496,11192
4,150,2025-10,5,5538,8851,12164
4,150,2025-11,6,5281,9286,13290
4,151,2025-06,1,5939,6894,7849
4,151,2025-07,2,5532,6849,8167
4,151,2025-08,3,5384,7143,8902
4,151,2025-09,4,5420,7744,10069
4,151,2025-10,5,5381,8329,11278
4,151,2025-11,6,5154,8704,12254
4,152,2025-06,1,7600,9001,10403
4,152,2025-07,2,6762,8627,10493
4,152,2025-08,3,6696,9259,11821
4,152,2025-09,4,6369,9611,12853
4,152,2025-10,5,6235,10355,14475
4,152,2025-11,6,5871,10841,15810
4,153,2025-06,1,6530,8169,9807
4,153,2025-07,2,5896,8173,10450
4,153,2025-08,3,5350,8315,11280
4,153,2025-09,4,4908,8681,12453
4,153,2025-10,5,4805,9858,14911
4,153,2025-11,6,4111,10040,15970
4,154,2025-06,1,420,500,580
4,154,2025-07,2,378,487,595
4,154,2025-08,3,364,509,654
4,154,2025-09,4,360,552,743
4,154,2025-10,5,343,580,817
4,154,2025-11,6,334,632,931
4,155,2025-06,1,3028,3590,4152
4,155,2025-07,2,2768,3537,4306
4,155,2025-08,3,2679,3711,4744
4,155,2025-09,4,2696,4079,5462
4,155,2025-10,5,2669,4448,6227
4,155,2025-11,6,2526,4686,6845
4,156,2025-06,1,4305,4950,5596
4,156,2025-07,2,4015,4903,5791
4,156,2025-08,3,3895,5070,6246
4,156,2025-09,4,3786,5276,6767
4,156,2025-10,5,3664,5495,7327
4,156,2025-11,6,3508,5695,7881
4,157,2025-06,1,6125,6945,7766
4,157,2025-07,2,5857,7007,8156
4,157,2025-08,3,5521,6988,8455
4,157,2025-09,4,5434,7303,9172
4,157,2025-10,5,5489,7862,10235
4,157,2025-11,6,5475,8394,11313
4,158,2025-06,1,5104,5828,6552
4,158,2025-07,2,4508,5448,6388
4,158,2025-08,3,4493,5767,7041
4,158,2025-09,4,4302,5887,7471
4,158,2025-10,5,4168,6107,8047
4,158,2025-11,6,3966,6254,8543
4,159,2025-06,1,7013,8165,9316
4,159,2025-07,2,6450,8022,9594
4,159,2025-08,3,6228,8313,10397
4,159,2025-09,4,6208,8940,11672
4,159,2025-10,5,6087,9517,12948
4,159,2025-11,6,5837,9983,14129
4,160,2025-06,1,6787,7967,9146
4,160,2025-07,2,6194,7798,9402
4,160,2025-08,3,5708,7748,9788
4,160,2025-09,4,5865,8636,11407
4,160,2025-10,5,5661,9108,12555
4,160,2025-11,6,5329,9451,13572
4,163,2025-06,1,2400,2911,3422
4,163,2025-07,2,2229,2949,3668
4,163,2025-08,3,2105,3061,4017
4,163,2025-09,4,2001,3230,4459
4,163,2025-10,5,1928,3498,5068
4,163,2025-11,6,1764,3654,5544
4,164,2025-06,1,2554,3081,3607
4,164,2025-07,2,2403,3151,3898
4,164,2025-08,3,2226,3197,4169
4,164,2025-09,4,2055,3263,4471
4,164,2025-10,5,2033,3608,5184
4,164,2025-11,6,1817,3656,5495
4,165,2025-06,1,2809,3392,3974
4,165,2025-07,2,2535,3329,4123
4,165,2025-08,3,2441,3514,4587
4,165,2025-09,4,2331,3713,5095
4,165,2025-10,5,2116,3771,5426
4,165,2025-11,6,1970,3986,6002
4,166,2025-06,1,2792,3279,3766
4,166,2025-07,2,2623,3306,3988
4,166,2025-08,3,2573,3498,4422
4,166,2025-09,4,2458,3625,4793
4,166,2025-10,5,2450,3951,5452
4,166,2025-11,6,2329,4142,5955
5,168,2025-06,1,6746,7809,8873
5,168,2025-07,2,6403,7897,9390
5,168,2025-08,3,5972,7879,9786
5,168,2025-09,4,6072,8613,11154
5,168,2025-10,5,5739,8802,11864
5,168,2025-11,6,5548,9261,12974
5,169,2025-06,1,5655,6411,7166
5,169,2025-07,2,5060,6051,7041
5,169,2025-08,3,5022,6354,7685
5,169,2025-09,4,4857,6523,8189
5,169,2025-10,5,4652,6657,8662
5,169,2025-11,6,4624,7082,9540
5,170,2025-06,1,4721,5436,6151
5,170,2025-07,2,4390,5371,6353
5,170,2025-08,3,4395,5737,7079
5,170,2025-09,4,4205,5882,7558
5,170,2025-10,5,4075,6139,8202
5,170,2025-11,6,4135,6750,9364
5,171,2025-06,1,4760,5386,6013
5,171,2025-07,2,4774,5693,6613
5,171,2025-08,3,4524,5703,6882
5,171,2025-09,4,4609,6162,7714
5,171,2025-10,5,4653,6621,8588
5,171,2025-11,6,4459,6780,9101
5,172,2025-06,1,5880,6748,7616
5,172,2025-07,2,5322,6480,7637
5,172,2025-08,3,5362,6951,8540
5,172,2025-09,4,5216,7230,9245
5,172,2025-10,5,5233,7795,10357
5,172,2025-11,6,5023,8085,11146
5,173,2025-06,1,2961,3443,3924
5,173,2025-07,2,2678,3325,3971
5,173,2025-08,3,2466,3282,4099
5,173,2025-09,4,2481,3561,4641
5,173,2025-10,5,2412,3755,5098
5,173,2025-11,6,2364,4020,5677
5,174,2025-06,1,1590,1890,2190
5,174,2025-07,2,1433,1839,2244
5,174,2025-08,3,1279,1782,2284
5,174,2025-09,4,1209,1843,2476
5,174,2025-10,5,1220,2052,2884
5,174,2025-11,6,1135,2129,3123
5,176,2025-06,1,4198,4989,5780
5,176,2025-07,2,3883,4979,6075
5,176,2025-08,3,3783,5268,6753
5,176,2025-09,4,3706,5645,7585
5,176,2025-10,5,3541,5953,8366
5,176,2025-11,6,3139,5888,8636
5,177,2025-06,1,5766,6646,7526
5,177,2025-07,2,5109,6261,7412
5,177,2025-08,3,5135,6716,8297
5,177,2025-09,4,4931,6915,8899
5,177,2025-10,5,5092,7697,10302
5,177,2025-11,6,4700,7704,10707
5,178,2025-06,1,6656,7557,8459
5,178,2025-07,2,6074,7280,8486
5,178,2025-08,3,6443,8177,9910
5,178,2025-09,4,6064,8177,10290
5,178,2025-10,5,6280,9033,11786
5,178,2025-11,6,5988,9229,12469
5,179,2025-06,1,4602,5537,6473
5,179,2025-07,2,4279,5591,6903
5,179,2025-08,3,4203,6008,7812
5,179,2025-09,4,4055,6397,8738
5,179,2025-10,5,3679,6475,9270
5,179,2025-11,6,3597,7158,10720
5,180,2025-06,1,5425,6374,7322
5,180,2025-07,2,5040,6353,7666
5,180,2025-08,3,4860,6608,8356
5,180,2025-09,4,4824,7119,9414
5,180,2025-10,5,4612,7442,10271
5,180,2025-11,6,4544,8086,11628
5,181,2025-06,1,5157,5863,6570
5,181,2025-07,2,5064,6082,7101
5,181,2025-08,3,4849,6171,7493
5,181,2025-09,4,4728,6399,8070
5,181,2025-10,5,4604,6654,8703
5,181,2025-11,6,4565,7077,9589
5,182,2025-06,1,5870,6933,7996
5,182,2025-07,2,5133,6522,7910
5,182,2025-08,3,5079,6982,8885
5,182,2025-09,4,5087,7617,10148
5,182,2025-10,5,5112,8405,11698
5,182,2025-11,6,4882,8899,12917
5,184,2025-06,1,3407,4019,4631
5,184,2025-07,2,3173,4025,4876
5,184,2025-08,3,3206,4396,5586
5,184,2025-09,4,2969,4431,5894
5,184,2025-10,5,2853,4671,6489
5,184,2025-11,6,2782,5043,7305
5,185,2025-06,1,4566,5207,5849
5,185,2025-07,2,4451,5369,6287
5,185,2025-08,3,4189,5363,6537
5,185,2025-09,4,4299,5863,7427
5,185,2025-10,5,4352,6351,8350
5,185,2025-11,6,3974,6234,8494
5,186,2025-06,1,4649,5463,6277
5,186,2025-07,2,4273,5388,6504
5,186,2025-08,3,4102,5581,7060
5,186,2025-09,4,4052,5985,7918
5,186,2025-10,5,3882,6271,8660
5,186,2025-11,6,3841,6846,9850
5,187,2025-06,1,5149,5820,6492
5,187,2025-07,2,4873,5804,6734
5,187,2025-08,3,4702,5916,7130
5,187,2025-09,4,4537,6050,7563
5,187,2025-10,5,4715,6688,8661
5,187,2025-11,6,4500,6817,9134
5,188,2025-06,1,5129,5998,6867
5,188,2025-07,2,5064,6341,7617
5,188,2025-08,3,4805,6473,8141
5,188,2025-09,4,4522,6591,8661
5,188,2025-10,5,4602,7310,10018
5,188,2025-11,6,4342,7574,10807
5,189,2025-06,1,5679,6564,7450
5,189,2025-07,2,5552,6831,8111
5,189,2025-08,3,5320,6997,8675
5,189,2025-09,4,5036,7114,9193
5,189,2025-10,5,4964,7574,10184
5,189,2025-11,6,4656,7721,10787
5,190,2025-06,1,7304,8433,9563
5,190,2025-07,2,6596,8103,9611
5,190,2025-08,3,6744,8852,10960
5,190,2025-09,4,6546,9222,11899
5,190,2025-10,5,6339,9638,12937
5,190,2025-11,6,6601,10899,15197
5,192,2025-06,1,2095,2487,2878
5,192,2025-07,2,1977,2531,3086
5,192,2025-08,3,1848,2567,3287
5,192,2025-09,4,1773,2693,3612
5,192,2025-10,5,1665,2787,3910
5,192,2025-11,6,1525,2845,4165
5,193,2025-06,1,5272,6313,7354
5,193,2025-07,2,4992,6476,7960
5,193,2025-08,3,4598,6506,8414
5,193,2025-09,4,4590,7144,9697
5,193,2025-10,5,4306,7444,10581
5,193,2025-11,6,4048,7871,11694
5,194,2025-06,1,6182,7320,8459
5,194,2025-07,2,5396,6883,8370
5,194,2025-08,3,5467,7557,9646
5,194,2025-09,4,4957,7476,9996
5,194,2025-10,5,5091,8449,11806
5,194,2025-11,6,4746,8755,12764
5,195,2025-06,1,5708,6816,7925
5,195,2025-07,2,5099,6586,8073
5,195,2025-08,3,4877,6859,8842
5,195,2025-09,4,4794,7401,10009
5,195,2025-10,5,4659,7971,11283
5,195,2025-11,6,4473,8581,12688
5,196,2025-06,1,5632,6751,7870
5,196,2025-07,2,4938,6414,7890
5,196,2025-08,3,4882,6921,8960
5,196,2025-09,4,4640,7240,9840
5,196,2025-10,5,4198,7282,10367
5,196,2025-11,6,3900,7617,11334
5,197,2025-06,1,5705,6446,7187
5,197,2025-07,2,5473,6513,7552
5,197,2025-08,3,5314,6679,8044
5,197,2025-09,4,5437,7240,9042
5,197,2025-10,5,5396,7640,9884
5,197,2025-11,6,5235,7912,10589
5,198,2025-06,1,2541,3003,3464
5,198,2025-07,2,2342,2977,3613
5,198,2025-08,3,2215,3047,3880
5,198,2025-09,4,2201,3299,4397
5,198,2025-10,5,2231,3673,5115
5,198,2025-11,6,2061,3764,5466
5,199,2025-06,1,3923,4474,5024
5,199,2025-07,2,3912,4719,5525
5,199,2025-08,3,3647,4668,5689
5,199,2025-09,4,3533,4817,6101
5,199,2025-10,5,3560,5193,6826
5,199,2025-11,6,3626,5685,7745
5,200,2025-06,1,4355,4904,5453
5,200,2025-07,2,4123,4881,5640
5,200,2025-08,3,4087,5101,6116
5,200,2025-09,4,4162,5493,6825
5,200,2025-10,5,4116,5765,7413
5,200,2025-11,6,4238,6321,8403
5,201,2025-06,1,4528,5470,6411
5,201,2025-07,2,4222,5549,6877
5,201,2025-08,3,3951,5694,7438
5,201,2025-09,4,3567,5689,7812
5,201,2025-10,5,3376,6030,8683
5,201,2025-11,6,3072,6232,9391
5,202,2025-06,1,6226,7107,7989
5,202,2025-07,2,6076,7341,8606
5,202,2025-08,3,5719,7337,8955
5,202,2025-09,4,5998,8203,10409
5,202,2025-10,5,5717,8371,11025
5,202,2025-11,6,5671,8935,12199
5,373,2025-06,1,363,438,514
5,373,2025-07,2,309,406,504
5,373,2025-08,3,286,413,540
5,373,2025-09,4,270,432,594
5,373,2025-10,5,260,465,671
5,373,2025-11,6,226,460,694
6,203,2025-06,1,6873,7810,8747
6,203,2025-07,2,6124,7349,8573
6,203,2025-08,3,5909,7510,9112
6,203,2025-09,4,6130,8282,10435
6,203,2025-10,5,5731,8264,10798
6,203,2025-11,6,5571,8614,11657
6,204,2025-06,1,6329,7108,7888
6,204,2025-07,2,6326,7463,8600
6,204,2025-08,3,6185,7683,9181
6,204,2025-09,4,6047,7932,9817
6,204,2025-10,5,5934,8246,10557
6,204,2025-11,6,6153,9088,12023
6,205,2025-06,1,4587,5431,6275
6,205,2025-07,2,4323,5513,6702
6,205,2025-08,3,3963,5476,6989
6,205,2025-09,4,4039,6089,8140
6,205,2025-10,5,4001,6637,9273
6,205,2025-11,6,3774,6959,10143
6,206,2025-06,1,4358,5276,6194
6,206,2025-07,2,3883,5121,6359
6,206,2025-08,3,3631,5258,6886
6,206,2025-09,4,3387,5438,7489
6,206,2025-10,5,3223,5806,8388
6,206,2025-11,6,3051,6260,9469
6,207,2025-06,1,5036,5998,6959
6,207,2025-07,2,4516,5810,7104
6,207,2025-08,3,4415,6175,7935
6,207,2025-09,4,4114,6303,8492
6,207,2025-10,5,4104,6952,9800
6,207,2025-11,6,3858,7308,10757
6,208,2025-06,1,3631,4229,4828
6,208,2025-07,2,3354,4174,4995
6,208,2025-08,3,3036,4057,5078
6,208,2025-09,4,3083,4446,5809
6,208,2025-10,5,2956,4631,6306
6,208,2025-11,6,2718,4659,6600
6,209,2025-06,1,3847,4423,4999
6,209,2025-07,2,3614,4413,5211
6,209,2025-08,3,3536,4602,5668
6,209,2025-09,4,3267,4553,5838
6,209,2025-10,5,3188,4780,6371
6,209,2025-11,6,3118,5059,7000
6,210,2025-06,1,5841,6553,7264
6,210,2025-07,2,5463,6433,7404
6,210,2025-08,3,5620,6965,8309
6,210,2025-09,4,5305,6937,8569
6,210,2025-10,5,5290,7322,9354
6,210,2025-11,6,5428,7979,10530
6,211,2025-06,1,5456,6443,7430
6,211,2025-07,2,5231,6645,8059
6,211,2025-08,3,5013,6890,8767
6,211,2025-09,4,4833,7235,9636
6,211,2025-10,5,4590,7544,10499
6,211,2025-11,6,4387,7994,11600
6,212,2025-06,1,5700,6580,7460
6,212,2025-07,2,5566,6836,8106
6,212,2025-08,3,5166,6778,8389
6,212,2025-09,4,5080,7153,9226
6,212,2025-10,5,4992,7585,10178
6,212,2025-11,6,5144,8486,11829
6,213,2025-06,1,5126,5927,6729
6,213,2025-07,2,4996,6152,7307
6,213,2025-08,3,4550,5989,7429
6,213,2025-09,4,4810,6803,8796
6,213,2025-10,5,4465,6823,9181
6,213,2025-11,6,4273,7100,9927
6,214,2025-06,1,5228,6216,7203
6,214,2025-07,2,4802,6162,7522
6,214,2025-08,3,4463,6220,7977
6,214,2025-09,4,4089,6235,8381
6,214,2025-10,5,3963,6672,9382
6,214,2025-11,6,3778,7098,10419
6,215,2025-06,1,5771,6644,7517
6,215,2025-07,2,5166,6319,7472
6,215,2025-08,3,5010,6536,8062
6,215,2025-09,4,4892,6838,8784
6,215,2025-10,5,5037,7582,10127
6,215,2025-11,6,4835,7884,10933
6,216,2025-06,1,5318,6143,6969
6,216,2025-07,2,4611,5668,6726
6,216,2025-08,3,4708,6186,7664
6,216,2025-09,4,4437,6259,8081
6,216,2025-10,5,4334,6600,8867
6,216,2025-11,6,4308,7128,9948
6,222,2025-06,1,3898,4669,5439
6,222,2025-07,2,3596,4666,5735
6,222,2025-08,3,3303,4674,6045
6,222,2025-09,4,3233,5032,6831
6,222,2025-10,5,2940,5083,7226
6,222,2025-11,6,2878,5597,8316
6,223,2025-06,1,5286,6162,7037
6,223,2025-07,2,5174,6446,7718
6,223,2025-08,3,4856,6498,8139
6,223,2025-09,4,4699,6789,8879
6,223,2025-10,5,4567,7172,9776
6,223,2025-11,6,4331,7446,10562
6,230,2025-06,1,5212,5960,6708
6,230,2025-07,2,4621,5596,6572
6,230,2025-08,3,4662,6001,7341
6,230,2025-09,4,4480,6153,7826
6,230,2025-10,5,4698,6917,9136
6,230,2025-11,6,4565,7241,9917
6,245,2025-06,1,4747,5565,6384
6,245,2025-07,2,4259,5352,6445
6,245,2025-08,3,4099,5550,7002
6,245,2025-09,4,3977,5837,7696
6,245,2025-10,5,3867,6196,8524
6,245,2025-11,6,3552,6265,8978
6,246,2025-06,1,3259,3842,4426
6,246,2025-07,2,2817,3570,4324
6,246,2025-08,3,2725,3734,4742
6,246,2025-09,4,2545,3794,5042
6,246,2025-10,5,2442,3991,5539
6,246,2025-11,6,2270,4107,5943
6,247,2025-06,1,2598,2987,3376
6,247,2025-07,2,2353,2872,3392
6,247,2025-08,3,2240,2915,3590
6,247,2025-09,4,2176,3031,3886
6,247,2025-10,5,2224,3334,4443
6,247,2025-11,6,2135,3462,4789
6,248,2025-06,1,4866,5553,6241
6,248,2025-07,2,4308,5202,6097
6,248,2025-08,3,4242,5438,6635
6,248,2025-09,4,4003,5469,6936
6,248,2025-10,5,4219,6169,8120
6,248,2025-11,6,4028,6337,8645
6,249,2025-06,1,4966,5660,6353
6,249,2025-07,2,4437,5347,6258
6,249,2025-08,3,4319,5523,6726
6,249,2025-09,4,4288,5839,7390
6,249,2025-10,5,4385,6386,8386
6,249,2025-11,6,4186,6550,8915
6,250,2025-06,1,4458,5074,5691
6,250,2025-07,2,4121,4957,5794
6,250,2025-08,3,4009,5114,6219
6,250,2025-09,4,3878,5264,6651
6,250,2025-10,5,3782,5486,7190
6,250,2025-11,6,3672,5719,7765
6,251,2025-06,1,4164,4800,5436
6,251,2025-07,2,3805,4663,5521
6,251,2025-08,3,3698,4837,5977
6,251,2025-09,4,3423,4800,6178
6,251,2025-10,5,3521,5322,7124
6,251,2025-11,6,3329,5458,7586
6,252,2025-06,1,6299,7524,8749
6,252,2025-07,2,5443,7035,8626
6,252,2025-08,3,5149,7248,9347
6,252,2025-09,4,5215,8059,10903
6,252,2025-10,5,4761,8155,11550
6,252,2025-11,6,4737,9103,13468
6,253,2025-06,1,5334,6131,6929
6,253,2025-07,2,4898,5978,7057
6,253,2025-08,3,5084,6613,8142
6,253,2025-09,4,4709,6557,8405
6,253,2025-10,5,5035,7542,10049
6,253,2025-11,6,4716,7644,10572
6,254,2025-06,1,4089,4742,5396
6,254,2025-07,2,3765,4656,5546
6,254,2025-08,3,3501,4637,5772
6,254,2025-09,4,3435,4896,6357
6,254,2025-10,5,3374,5207,7040
6,254,2025-11,6,3405,5729,8052
6,255,2025-06,1,3761,4695,5628
6,255,2025-07,2,3162,4369,5575
6,255,2025-08,3,2821,4364,5906
6,255,2025-09,4,2739,4812,6885
6,255,2025-10,5,2432,4946,7459
6,255,2025-11,6,2077,5011,7945
6,256,2025-06,1,3555,4058,4560
6,256,2025-07,2,3119,3767,4414
6,256,2025-08,3,3036,3894,4751
6,256,2025-09,4,3060,4181,5303
6,256,2025-10,5,2995,4381,5768
6,256,2025-11,6,2737,4307,5877
6,257,2025-06,1,4577,5303,6029
6,257,2025-07,2,4065,5020,5974
6,257,2025-08,3,3812,5039,6265
6,257,2025-09,4,3914,5564,7215
6,257,2025-10,5,3783,5820,7856
6,257,2025-11,6,3681,6168,8654
6,258,2025-06,1,1422,1734,2047
6,258,2025-07,2,1275,1701,2127
6,258,2025-08,3,1181,1737,2293
6,258,2025-09,4,1111,1822,2533
6,258,2025-10,5,1094,2027,2960
6,258,2025-11,6,965,2056,3147
6,259,2025-06,1,4937,6002,7066
6,259,2025-07,2,4214,5591,6968
6,259,2025-08,3,4101,5989,7877
6,259,2025-09,4,3849,6251,8653
6,259,2025-10,5,3744,6847,9950
6,259,2025-11,6,3203,6703,10203
6,260,2025-06,1,3528,3982,4437
6,260,2025-07,2,3208,3813,4417
6,260,2025-08,3,3138,3936,4735
6,260,2025-09,4,3035,4031,5028
6,260,2025-10,5,3151,4449,5746
6,260,2025-11,6,3037,4574,6111
6,261,2025-06,1,3999,4607,5215
6,261,2025-07,2,3785,4634,5484
6,261,2025-08,3,3673,4799,5926
6,261,2025-09,4,3548,4970,6391
6,261,2025-10,5,3528,5323,7119
6,261,2025-11,6,3396,5555,7714
6,262,2025-06,1,4323,5065,5806
6,262,2025-07,2,3895,4889,5882
6,262,2025-08,3,3702,5003,6305
6,262,2025-09,4,3702,5420,7139
6,262,2025-10,5,3497,5585,7674
6,262,2025-11,6,3323,5838,8353
6,263,2025-06,1,4574,5491,6407
6,263,2025-07,2,4231,5508,6785
6,263,2025-08,3,3687,5242,6798
6,263,2025-09,4,3762,5893,8024
6,263,2025-10,5,3453,6020,8587
6,263,2025-11,6,3173,6237,9302
6,264,2025-06,1,1630,1949,2267
6,264,2025-07,2,1557,2014,2471
6,264,2025-08,3,1449,2042,2635
6,264,2025-09,4,1385,2143,2901
6,264,2025-10,5,1279,2195,3110
6,264,2025-11,6,1216,2342,3468
6,265,2025-06,1,3304,3877,4450
6,265,2025-07,2,2937,3696,4455
6,265,2025-08,3,2929,3973,5017
6,265,2025-09,4,2805,4127,5450
6,265,2025-10,5,2695,4331,5968
6,265,2025-11,6,2548,4512,6476
6,266,2025-06,1,5028,5909,6790
6,266,2025-07,2,4383,5528,6673
6,266,2025-08,3,4281,5824,7368
6,266,2025-09,4,4006,5917,7828
6,266,2025-10,5,4086,6601,9115
6,266,2025-11,6,3787,6751,9714
6,267,2025-06,1,3160,3688,4216
6,267,2025-07,2,2799,3493,4188
6,267,2025-08,3,2725,3655,4585
6,267,2025-09,4,2582,3742,4903
6,267,2025-10,5,2547,4016,5485
6,267,2025-11,6,2545,4399,6253
6,268,2025-06,1,2887,3332,3778
6,268,2025-07,2,2578,3165,3752
6,268,2025-08,3,2495,3272,4049
6,268,2025-09,4,2514,3539,4563
6,268,2025-10,5,2456,3730,5003
6,268,2025-11,6,2293,3781,5269
6,269,2025-06,1,3319,3876,4432
6,269,2025-07,2,3198,3995,4792
6,269,2025-08,3,2882,3870,4858
6,269,2025-09,4,2935,4261,5587
6,269,2025-10,5,2831,4473,6115
6,269,2025-11,6,2651,4594,6537
6,270,2025-06,1,2332,2726,3120
6,270,2025-07,2,2222,2779,3337
6,270,2025-08,3,2015,2712,3408
6,270,2025-09,4,1949,2838,3727
6,270,2025-10,5,1925,3052,4179
6,270,2025-11,6,1872,3258,4644
6,271,2025-06,1,3427,4097,4767
6,271,2025-07,2,3154,4081,5008
6,271,2025-08,3,3043,4291,5539
6,271,2025-09,4,2845,4408,5970
6,271,2025-10,5,2667,4583,6499
6,271,2025-11,6,2607,5030,7452
6,272,2025-06,1,3551,4159,4767
6,272,2025-07,2,3362,4219,5075
6,272,2025-08,3,3188,4307,5427
6,272,2025-09,4,3066,4488,5909
6,272,2025-10,5,3005,4797,6589
6,272,2025-11,6,2665,4679,6692
6,379,2025-06,1,6976,8001,9025
6,379,2025-07,2,6201,7543,8885
6,379,2025-08,3,6268,8115,9963
6,379,2025-09,4,5967,8258,10550
6,379,2025-10,5,5874,8732,11590
6,379,2025-11,6,6034,9686,13338
6,380,2025-06,1,6441,7482,8522
6,380,2025-07,2,6206,7692,9178
6,380,2025-08,3,5865,7792,9718
6,380,2025-09,4,5720,8187,10654
6,380,2025-10,5,5919,9183,12447
6,380,2025-11,6,5584,9456,13328
7,287,2025-06,1,2211,2710,3209
7,287,2025-07,2,1958,2630,3302
7,287,2025-08,3,1832,2723,3614
7,287,2025-09,4,1669,2777,3884
7,287,2025-10,5,1613,3046,4479
7,287,2025-11,6,1391,3038,4684
7,288,2025-06,1,1490,1841,2192
7,288,2025-07,2,1347,1832,2318
7,288,2025-08,3,1250,1891,2533
7,288,2025-09,4,1146,1953,2760
7,288,2025-10,5,1128,2201,3274
7,288,2025-11,6,996,2273,3549
7,289,2025-06,1,2916,3301,3687
7,289,2025-07,2,2768,3304,3840
7,289,2025-08,3,2586,3263,3940
7,289,2025-09,4,2552,3417,4281
7,289,2025-10,5,2676,3814,4952
7,289,2025-11,6,2579,3931,5283
7,290,2025-06,1,3056,3571,4087
7,290,2025-07,2,2767,3461,4155
7,290,2025-08,3,2652,3568,4484
7,290,2025-09,4,2486,3618,4750
7,290,2025-10,5,2460,3900,5339
7,290,2025-11,6,2325,4045,5765
7,291,2025-06,1,3793,4281,4769
7,291,2025-07,2,3663,4352,5041
7,291,2025-08,3,3551,4454,5356
7,291,2025-09,4,3462,4598,5734
7,291,2025-10,5,3566,5032,6498
7,291,2025-11,6,3290,4952,6614
7,292,2025-06,1,3603,4263,4924
7,292,2025-07,2,3209,4089,4968
7,292,2025-08,3,3204,4421,5639
7,292,2025-09,4,2881,4336,5791
7,292,2025-10,5,2826,4678,6530
7,292,2025-11,6,2722,5004,7286
7,293,2025-06,1,3779,4538,5296
7,293,2025-07,2,3632,4731,5830
7,293,2025-08,3,3312,4713,6114
7,293,2025-09,4,3137,4918,6700
7,293,2025-10,5,3038,5305,7571
7,293,2025-11,6,2714,5346,7978
7,294,2025-06,1,1662,1996,2330
7,294,2025-07,2,1477,1924,2372
7,294,2025-08,3,1506,2144,2783
7,294,2025-09,4,1395,2189,2983
7,294,2025-10,5,1276,2229,3183
7,294,2025-11,6,1182,2331,3480
7,295,2025-06,1,2405,2804,3202
7,295,2025-07,2,2210,2753,3297
7,295,2025-08,3,2160,2890,3621
7,295,2025-09,4,2090,3020,3950
7,295,2025-10,5,2116,3323,4530
7,295,2025-11,6,2024,3481,4938
7,296,2025-06,1,5076,6128,7180
7,296,2025-07,2,4955,6507,8058
7,296,2025-08,3,4509,6490,8471
7,296,2025-09,4,4398,7002,9607
7,296,2025-10,5,4226,7529,10833
7,296,2025-11,6,3812,7709,11606
7,297,2025-06,1,4413,5083,5752
7,297,2025-07,2,4163,5095,6026
7,297,2025-08,3,3869,5052,6235
7,297,2025-09,4,3898,5454,7009
7,297,2025-10,5,3784,5702,7621
7,297,2025-11,6,3647,5957,8266
7,298,2025-06,1,4033,4677,5321
7,298,2025-07,2,3584,4431,5279
7,298,2025-08,3,3569,4725,5882
7,298,2025-09,4,3529,5029,6529
7,298,2025-10,5,3320,5123,6925
7,298,2025-11,6,3231,5434,7637
7,299,2025-06,1,4361,5069,5776
7,299,2025-07,2,3990,4950,5909
7,299,2025-08,3,4032,5364,6695
7,299,2025-09,4,3994,5726,7459
7,299,2025-10,5,3849,5984,8118
7,299,2025-11,6,3665,6222,8780
7,300,2025-06,1,3003,3539,4076
7,300,2025-07,2,2770,3508,4247
7,300,2025-08,3,2707,3705,4703
7,300,2025-09,4,2614,3892,5170
7,300,2025-10,5,2444,3988,5532
7,300,2025-11,6,2273,4105,5936
7,301,2025-06,1,1970,2371,2772
7,301,2025-07,2,1840,2404,2968
7,301,2025-08,3,1782,2547,3312
7,301,2025-09,4,1639,2585,3531
7,301,2025-10,5,1570,2764,3957
7,301,2025-11,6,1537,3058,4580
7,302,2025-06,1,4083,4924,5764
7,302,2025-07,2,3773,4945,6117
7,302,2025-08,3,3453,4956,6460
7,302,2025-09,4,3304,5243,7182
7,302,2025-10,5,3084,5468,7853
7,302,2025-11,6,2982,5994,9005
7,303,2025-06,1,5140,6224,7308
7,303,2025-07,2,4546,5996,7447
7,303,2025-08,3,4226,6121,8016
7,303,2025-09,4,3977,6387,8797
7,303,2025-10,5,3629,6539,9448
7,303,2025-11,6,3350,6875,10400
7,304,2025-06,1,5140,6157,7175
7,304,2025-07,2,4621,5998,7374
7,304,2025-08,3,4411,6245,8080
7,304,2025-09,4,4310,6713,9116
7,304,2025-10,5,4030,6976,9922
7,304,2025-11,6,3719,7243,10767
7,305,2025-06,1,4827,5668,6509
7,305,2025-07,2,4632,5834,7036
7,305,2025-08,3,4245,5765,7285
7,305,2025-09,4,4111,6057,8004
7,305,2025-10,5,4145,6676,9206
7,305,2025-11,6,3908,6939,9969
7,306,2025-06,1,4127,5074,6022
7,306,2025-07,2,3997,5396,6795
7,306,2025-08,3,3762,5630,7499
7,306,2025-09,4,3508,5891,8274
7,306,2025-10,5,3153,6029,8906
7,306,2025-11,6,2930,6507,10084
7,307,2025-06,1,1910,2285,2660
7,307,2025-07,2,1810,2345,2879
7,307,2025-08,3,1699,2399,3100
7,307,2025-09,4,1613,2503,3394
7,307,2025-10,5,1592,2743,3894
7,307,2025-11,6,1434,2776,4117
7,308,2025-06,1,2407,2920,3434
7,308,2025-07,2,2185,2890,3596
7,308,2025-08,3,2074,3016,3959
7,308,2025-09,4,1913,3090,4266
7,308,2025-10,5,1911,3470,5028
7,308,2025-11,6,1727,3579,5431
7,309,2025-06,1,3974,4518,5063
7,309,2025-07,2,3710,4456,5201
7,309,2025-08,3,3727,4742,5758
7,309,2025-09,4,3473,4699,5925
7,309,2025-10,5,3504,5062,6620
7,309,2025-11,6,3390,5253,7116
7,310,2025-06,1,4684,5378,6071
7,310,2025-07,2,4359,5310,6261
7,310,2025-08,3,4125,5352,6579
7,310,2025-09,4,4296,5961,7626
7,310,2025-10,5,4181,6236,8290
7,310,2025-11,6,3973,6404,8835
7,311,2025-06,1,6222,7300,8379
7,311,2025-07,2,5711,7185,8659
7,311,2025-08,3,5216,7074,8932
7,311,2025-09,4,5442,8003,10565
7,311,2025-10,5,5035,8088,11141
7,311,2025-11,6,4841,8568,12294
7,328,2025-06,1,3397,4208,5020
7,328,2025-07,2,2939,4014,5089
7,328,2025-08,3,2777,4225,5673
7,328,2025-09,4,2665,4577,6488
7,328,2025-10,5,2487,4902,7317
7,328,2025-11,6,2242,5186,8130
7,329,2025-06,1,2900,3415,3931
7,329,2025-07,2,2654,3359,4064
7,329,2025-08,3,2454,3355,4256
7,329,2025-09,4,2405,3576,4746
7,329,2025-10,5,2470,4023,5575
7,329,2025-11,6,2364,4257,6151
7,330,2025-06,1,3254,3838,4422
7,330,2025-07,2,2903,3681,4459
7,330,2025-08,3,2752,3772,4793
7,330,2025-09,4,2735,4079,5424
7,330,2025-10,5,2808,4594,6380
7,330,2025-11,6,2519,4563,6606
7,331,2025-06,1,2904,3671,4438
7,331,2025-07,2,2558,3604,4650
7,331,2025-08,3,2367,3766,5166
7,331,2025-09,4,2206,4030,5855
7,331,2025-10,5,1936,4155,6373
7,331,2025-11,6,1695,4405,7115
7,332,2025-06,1,3492,4104,4716
7,332,2025-07,2,3227,4070,4913
7,332,2025-08,3,3048,4148,5249
7,332,2025-09,4,2799,4136,5473
7,332,2025-10,5,2861,4623,6385
7,332,2025-11,6,2790,4975,7160
7,333,2025-06,1,3795,4425,5054
7,333,2025-07,2,3404,4243,5081
7,333,2025-08,3,3225,4317,5410
7,333,2025-09,4,3232,4673,6114
7,333,2025-10,5,3207,5040,6873
7,333,2025-11,6,3228,5555,7882
7,334,2025-06,1,3471,4039,4608
7,334,2025-07,2,3094,3846,4599
7,334,2025-08,3,3059,4081,5102
7,334,2025-09,4,2907,4184,5460
7,334,2025-10,5,2909,4545,6181
7,334,2025-11,6,2731,4666,6601
7,335,2025-06,1,3889,4515,5141
7,335,2025-07,2,3544,4389,5235
7,335,2025-08,3,3323,4410,5498
7,335,2025-09,4,3433,4907,6382
7,335,2025-10,5,3283,5086,6889
7,335,2025-11,6,3155,5333,7511
7,336,2025-06,1,4729,5311,5892
7,336,2025-07,2,4417,5209,6001
7,336,2025-08,3,4481,5563,6646
7,336,2025-09,4,4542,5955,7367
7,336,2025-10,5,4678,6495,8311
7,336,2025-11,6,4409,6507,8604
7,337,2025-06,1,4065,4807,5548
7,337,2025-07,2,3858,4910,5962
7,337,2025-08,3,3564,4911,6258
7,337,2025-09,4,3532,5305,7079
7,337,2025-10,5,3287,5426,7566
7,337,2025-11,6,3036,5563,8090
7,338,2025-06,1,3637,4241,4845
7,338,2025-07,2,3350,4176,5002
7,338,2025-08,3,3454,4625,5796
7,338,2025-09,4,3287,4754,6221
7,338,2025-10,5,3175,4992,6809
7,338,2025-11,6,2920,5029,7139
7,339,2025-06,1,4247,5007,5767
7,339,2025-07,2,3898,4939,5981
7,339,2025-08,3,3664,5019,6373
7,339,2025-09,4,3612,5383,7153
7,339,2025-10,5,3525,5759,7994
7,339,2025-11,6,3273,5918,8564
7,340,2025-06,1,5073,5828,6583
7,340,2025-07,2,4792,5843,6895
7,340,2025-08,3,4332,5629,6925
7,340,2025-09,4,4371,6077,7783
7,340,2025-10,5,4485,6705,8925
7,340,2025-11,6,4263,6892,9522
7,341,2025-06,1,5757,6624,7492
7,341,2025-07,2,5507,6732,7957
7,341,2025-08,3,5350,6974,8598
7,341,2025-09,4,5139,7175,9212
7,341,2025-10,5,4927,7407,9887
7,341,2025-11,6,4892,7963,11035
7,342,2025-06,1,4551,5308,6064
7,342,2025-07,2,4395,5480,6564
7,342,2025-08,3,3955,5297,6639
7,342,2025-09,4,4063,5878,7692
7,342,2025-10,5,3774,5935,8097
7,342,2025-11,6,3804,6553,9302
7,343,2025-06,1,3937,4490,5043
7,343,2025-07,2,3746,4519,5292
7,343,2025-08,3,3693,4728,5763
7,343,2025-09,4,3611,4925,6240
7,343,2025-10,5,3619,5282,6945
7,343,2025-11,6,3417,5361,7306
7,344,2025-06,1,5169,5900,6631
7,344,2025-07,2,4871,5882,6894
7,344,2025-08,3,4841,6208,7575
7,344,2025-09,4,5044,6893,8743
7,344,2025-10,5,4806,7031,9256
7,344,2025-11,6,4801,7557,10312
7,345,2025-06,1,5806,6610,7413
7,345,2025-07,2,5704,6863,8022
7,345,2025-08,3,5572,7108,8644
7,345,2025-09,4,5347,7259,9171
7,345,2025-10,5,5772,8373,10974
7,345,2025-11,6,5451,8490,11528
7,346,2025-06,1,4594,5310,6026
7,346,2025-07,2,4201,5169,6136
7,346,2025-08,3,4148,5455,6762
7,346,2025-09,4,4099,5790,7481
7,346,2025-10,5,4001,6104,8207
7,346,2025-11,6,3818,6332,8845
7,347,2025-06,1,5974,6877,7780
7,347,2025-07,2,5629,6885,8141
7,347,2025-08,3,5683,7415,9146
7,347,2025-09,4,5553,7762,9971
7,347,2025-10,5,5608,8442,11275
7,347,2025-11,6,5154,8404,11654
7,348,2025-06,1,5872,6687,7503
7,348,2025-07,2,5336,6424,7512
7,348,2025-08,3,5336,6814,8291
7,348,2025-09,4,5131,6974,8817
7,348,2025-10,5,5225,7592,9958
7,348,2025-11,6,5298,8267,11236
