# SYNTHETIC. Purchase order lines: EKKO, EKPO, EKET. bsart RUSH is a local buy made because the store could not meet an issue. delay_cause is the generator's ANSWER KEY - a real extract has no such column, and no model may read it.
ebeln,ebelp,bedat,bsart,lifnr,matnr,werks,menge,meins,netpr,eindt,status,delay_cause
4500000001,00010,2023-06-03,NB,V301,FU-001,EC,8000,L,13254,2023-06-08,closed,
4500000002,00010,2023-06-06,NB,V401,SP-005,EC,4,EA,460854,2023-06-16,closed,
4500000003,00010,2023-06-08,NB,V401,SP-003,EC,5,EA,4031018,2023-06-18,closed,
4500000004,00010,2023-06-09,NB,V301,FU-001,EC,8000,L,13734,2023-06-14,closed,
4500000005,00010,2023-06-12,NB,V402,SP-002,EC,5,EA,9093845,2023-07-03,closed,
4500000006,00010,2023-06-15,NB,V301,FU-001,EC,8000,L,13783,2023-06-20,closed,
4500000007,00010,2023-06-16,NB,V402,SP-006,EC,4,EA,1235753,2023-07-07,closed,
4500000008,00010,2023-06-17,NB,V401,SP-007,EC,4,EA,804528,2023-06-27,closed,
4500000009,00010,2023-06-21,NB,V301,FU-001,EC,8000,L,13801,2023-06-26,closed,
4500000010,00010,2023-06-22,NB,V201,AC-001,EC,2900,L,69901,2023-07-13,closed,
4500000011,00010,2023-06-22,NB,V402,SP-004,EC,4,EA,657551,2023-07-13,closed,
4500000012,00010,2023-06-23,NB,V401,SP-001,EC,4,EA,3433134,2023-07-03,closed,
4500000013,00010,2023-06-26,NB,V301,FU-001,EC,8000,L,13112,2023-07-01,closed,
4500000014,00010,2023-06-27,NB,V201,AC-003,EC,100,L,91275,2023-07-18,closed,
4500000015,00010,2023-06-29,NB,V201,AC-002,EC,42,KG,617847,2023-07-20,closed,
4500000016,00010,2023-07-02,NB,V301,FU-001,EC,8000,L,13474,2023-07-07,closed,
4500000017,00010,2023-07-04,NB,V401,SP-005,EC,4,EA,453679,2023-07-14,closed,
4500000018,00010,2023-07-07,NB,V301,FU-001,EC,8000,L,13501,2023-07-12,closed,
4500000019,00010,2023-07-13,NB,V301,FU-001,EC,8000,L,13124,2023-07-18,closed,
4500000020,00010,2023-07-13,NB,V402,SP-006,EC,4,EA,1178167,2023-08-03,closed,
4500000021,00010,2023-07-18,NB,V401,SP-007,EC,4,EA,790205,2023-07-28,closed,
4500000022,00010,2023-07-19,NB,V301,FU-001,EC,8000,L,13851,2023-07-24,closed,
4500000023,00010,2023-07-22,NB,V402,SP-008,EC,4,EA,2818300,2023-08-12,closed,
4500000024,00010,2023-07-25,NB,V201,AC-001,EC,2900,L,68344,2023-08-15,closed,
4500000025,00010,2023-07-25,NB,V301,FU-001,EC,8000,L,13261,2023-07-30,closed,
4500000026,00010,2023-07-25,NB,V402,SP-002,EC,5,EA,9125869,2023-08-15,closed,
4500000027,00010,2023-07-27,NB,V401,SP-001,EC,4,EA,3395887,2023-08-06,closed,
4500000028,00010,2023-07-27,NB,V402,SP-004,EC,4,EA,631803,2023-08-17,closed,
4500000029,00010,2023-07-28,NB,V401,SP-007,EC,4,EA,809875,2023-08-07,closed,
4500000030,00010,2023-07-30,NB,V301,FU-001,EC,8000,L,13426,2023-08-04,closed,
4500000031,00010,2023-08-02,NB,V401,SP-005,EC,4,EA,447452,2023-08-12,closed,
4500000032,00010,2023-08-04,NB,V201,AC-002,EC,42,KG,611730,2023-08-25,closed,
4500000033,00010,2023-08-05,NB,V301,FU-001,EC,8000,L,13792,2023-08-10,closed,
4500000034,00010,2023-08-10,NB,V301,FU-001,EC,8000,L,13402,2023-08-15,closed,
4500000035,00010,2023-08-11,NB,V401,SP-003,EC,5,EA,4048565,2023-08-21,closed,
4500000036,00010,2023-08-12,NB,V201,AC-003,EC,100,L,91923,2023-09-02,closed,
4500000037,00010,2023-08-13,NB,V102,FE-004,EC,12650,KG,22634,2023-09-17,closed,
4500000038,00010,2023-08-16,RUSH,V900,AC-001,EC,200,L,89899,2023-08-18,closed,
4500000039,00010,2023-08-16,NB,V102,FE-004,EC,12650,KG,21767,2023-09-20,closed,
4500000040,00010,2023-08-16,NB,V301,FU-001,EC,8000,L,13637,2023-08-21,closed,
4500000041,00010,2023-08-16,NB,V402,SP-008,EC,4,EA,2833726,2023-09-06,closed,
4500000042,00010,2023-08-17,RUSH,V900,AC-001,EC,200,L,86100,2023-08-19,closed,
4500000043,00010,2023-08-18,NB,V101,FE-001,EC,234800,KG,8749,2023-09-17,closed,
4500000044,00010,2023-08-18,NB,V101,FE-002,EC,89950,KG,7724,2023-09-17,closed,
4500000045,00010,2023-08-19,NB,V102,FE-004,EC,12650,KG,22392,2023-09-23,closed,
4500000046,00010,2023-08-19,NB,V402,SP-004,EC,4,EA,646232,2023-09-09,closed,
4500000047,00010,2023-08-20,NB,V103,FE-003,EC,86700,KG,4518,2023-09-17,closed,
4500000048,00010,2023-08-21,RUSH,V900,AC-001,EC,200,L,88031,2023-08-23,closed,
4500000049,00010,2023-08-21,NB,V101,FE-001,EC,234800,KG,8566,2023-09-20,closed,
4500000050,00010,2023-08-21,NB,V101,FE-002,EC,89950,KG,7431,2023-09-20,closed,
4500000051,00010,2023-08-22,RUSH,V900,AC-002,EC,5,KG,769013,2023-08-24,closed,
4500000052,00010,2023-08-22,NB,V201,AC-004,EC,5,KG,45941,2023-09-12,closed,
4500000053,00010,2023-08-22,NB,V102,FE-004,EC,12650,KG,22106,2023-09-26,closed,
4500000054,00010,2023-08-22,NB,V301,FU-001,EC,8000,L,13709,2023-08-27,closed,
4500000055,00010,2023-08-22,RUSH,V900,SP-004,EC,1,EA,926615,2023-08-24,closed,
4500000056,00010,2023-08-23,NB,V103,FE-003,EC,86700,KG,4496,2023-09-20,closed,
4500000057,00010,2023-08-23,RUSH,V900,SP-004,EC,1,EA,906366,2023-08-25,closed,
4500000058,00010,2023-08-24,NB,V101,FE-001,EC,234800,KG,8298,2023-09-23,closed,
4500000059,00010,2023-08-24,NB,V101,FE-002,EC,89950,KG,7356,2023-09-23,closed,
4500000060,00010,2023-08-25,NB,V102,FE-004,EC,12650,KG,21481,2023-09-29,closed,
4500000061,00010,2023-08-26,NB,V103,FE-003,EC,86700,KG,4368,2023-09-23,closed,
4500000062,00010,2023-08-27,NB,V101,FE-001,EC,234800,KG,8329,2023-09-26,closed,
4500000063,00010,2023-08-27,NB,V101,FE-002,EC,89950,KG,7523,2023-09-26,closed,
4500000064,00010,2023-08-28,NB,V201,AC-001,EC,2900,L,68418,2023-09-18,closed,
4500000065,00010,2023-08-28,NB,V102,FE-004,EC,12650,KG,22428,2023-10-02,closed,
4500000066,00010,2023-08-28,NB,V301,FU-001,EC,8000,L,13671,2023-09-02,closed,
4500000067,00010,2023-08-29,NB,V103,FE-003,EC,86700,KG,4390,2023-09-26,closed,
4500000068,00010,2023-08-29,NB,V401,SP-001,EC,4,EA,3414677,2023-09-08,closed,
4500000069,00010,2023-08-30,NB,V101,FE-001,EC,234800,KG,8681,2023-09-29,closed,vessel_missed
4500000070,00010,2023-08-30,NB,V101,FE-002,EC,89950,KG,7548,2023-09-29,closed,
4500000071,00010,2023-08-31,NB,V402,SP-002,EC,5,EA,9130741,2023-09-21,closed,
4500000072,00010,2023-09-01,NB,V103,FE-003,EC,86700,KG,4412,2023-09-29,closed,
4500000073,00010,2023-09-02,NB,V201,AC-002,EC,42,KG,611827,2023-09-23,closed,
4500000074,00010,2023-09-02,NB,V101,FE-001,EC,234800,KG,8674,2023-10-02,closed,
4500000075,00010,2023-09-02,NB,V101,FE-002,EC,89950,KG,7291,2023-10-02,closed,
4500000076,00010,2023-09-02,NB,V301,FU-001,EC,8000,L,13585,2023-09-07,closed,
4500000077,00010,2023-09-04,NB,V103,FE-003,EC,86700,KG,4496,2023-10-02,closed,
4500000078,00010,2023-09-04,NB,V401,SP-003,EC,5,EA,4043266,2023-09-14,closed,
4500000079,00010,2023-09-04,NB,V401,SP-007,EC,4,EA,820064,2023-09-14,closed,
4500000080,00010,2023-09-05,NB,V101,FE-001,EC,234800,KG,8603,2023-10-05,closed,
4500000081,00010,2023-09-05,NB,V101,FE-002,EC,89950,KG,7672,2023-10-05,closed,
4500000082,00010,2023-09-07,NB,V103,FE-003,EC,86700,KG,4504,2023-10-05,closed,
4500000083,00010,2023-09-08,NB,V101,FE-001,EC,234800,KG,8643,2023-10-08,closed,vessel_missed
4500000084,00010,2023-09-08,NB,V101,FE-002,EC,89950,KG,7637,2023-10-08,closed,
4500000085,00010,2023-09-08,NB,V301,FU-001,EC,8000,L,13688,2023-09-13,closed,
4500000086,00010,2023-09-11,NB,V101,FE-001,EC,234800,KG,8523,2023-10-11,closed,vessel_missed
4500000087,00010,2023-09-11,NB,V101,FE-002,EC,89950,KG,7441,2023-10-11,closed,
4500000088,00010,2023-09-13,NB,V401,SP-001,EC,4,EA,3522455,2023-09-23,closed,
4500000089,00010,2023-09-14,NB,V101,FE-001,EC,234800,KG,8446,2023-10-14,closed,
4500000090,00010,2023-09-14,NB,V301,FU-001,EC,8000,L,13153,2023-09-19,closed,
4500000091,00010,2023-09-16,NB,V401,SP-005,EC,4,EA,445870,2023-09-26,closed,
4500000092,00010,2023-09-17,NB,V101,FE-001,EC,234800,KG,8699,2023-10-17,closed,
4500000093,00010,2023-09-19,NB,V402,SP-008,EC,4,EA,2846689,2023-10-10,closed,
4500000094,00010,2023-09-20,NB,V101,FE-001,EC,234800,KG,8458,2023-10-20,closed,
4500000095,00010,2023-09-20,NB,V301,FU-001,EC,8000,L,13552,2023-09-25,closed,
4500000096,00010,2023-09-21,NB,V402,SP-004,EC,4,EA,632734,2023-10-12,closed,
4500000097,00010,2023-09-23,NB,V101,FE-001,EC,234800,KG,8357,2023-10-23,closed,vessel_missed
4500000098,00010,2023-09-26,NB,V101,FE-001,EC,234800,KG,8716,2023-10-26,closed,
4500000099,00010,2023-09-26,NB,V301,FU-001,EC,8000,L,13660,2023-10-01,closed,
4500000100,00010,2023-09-30,NB,V201,AC-001,EC,2900,L,71032,2023-10-21,closed,
4500000101,00010,2023-10-02,NB,V301,FU-001,EC,8000,L,13412,2023-10-07,closed,
4500000102,00010,2023-10-03,NB,V401,SP-003,EC,5,EA,3972688,2023-10-13,closed,
4500000103,00010,2023-10-04,NB,V402,SP-004,EC,4,EA,656435,2023-10-25,closed,
4500000104,00010,2023-10-04,NB,V401,SP-007,EC,4,EA,781221,2023-10-14,closed,
4500000105,00010,2023-10-05,NB,V402,SP-006,EC,4,EA,1215051,2023-10-26,closed,
4500000106,00010,2023-10-07,NB,V201,AC-003,EC,100,L,91473,2023-10-28,closed,
4500000107,00010,2023-10-07,NB,V301,FU-001,EC,8000,L,13689,2023-10-12,closed,
4500000108,00010,2023-10-09,NB,V402,SP-002,EC,5,EA,8956466,2023-10-30,closed,
4500000109,00010,2023-10-13,NB,V301,FU-001,EC,8000,L,13896,2023-10-18,closed,
4500000110,00010,2023-10-14,NB,V401,SP-007,EC,4,EA,799396,2023-10-24,closed,
4500000111,00010,2023-10-15,RUSH,V900,SP-004,EC,1,EA,898213,2023-10-17,closed,
4500000112,00010,2023-10-15,RUSH,V900,SP-007,EC,1,EA,1113139,2023-10-17,closed,
4500000113,00010,2023-10-19,NB,V301,FU-001,EC,8000,L,13680,2023-10-24,closed,
4500000114,00010,2023-10-24,RUSH,V900,SP-002,EC,1,EA,12753843,2023-10-26,closed,
4500000115,00010,2023-10-25,NB,V301,FU-001,EC,8000,L,13490,2023-10-30,closed,
4500000116,00010,2023-10-25,NB,V402,SP-002,EC,5,EA,9262567,2023-11-15,closed,
4500000117,00010,2023-10-26,NB,V401,SP-001,EC,4,EA,3570535,2023-11-05,closed,
4500000118,00010,2023-10-27,NB,V201,AC-002,EC,42,KG,613270,2023-11-17,closed,
4500000119,00010,2023-10-27,RUSH,V900,SP-002,EC,1,EA,12318506,2023-10-29,closed,
4500000120,00010,2023-10-28,NB,V401,SP-005,EC,4,EA,446130,2023-11-07,closed,
4500000121,00010,2023-10-31,NB,V301,FU-001,EC,8000,L,13116,2023-11-05,closed,
4500000122,00010,2023-11-02,NB,V201,AC-001,EC,2900,L,71490,2023-11-23,closed,
4500000123,00010,2023-11-04,NB,V401,SP-003,EC,5,EA,4068014,2023-11-14,closed,
4500000124,00010,2023-11-04,NB,V402,SP-004,EC,4,EA,649779,2023-11-25,closed,
4500000125,00010,2023-11-06,NB,V301,FU-001,EC,8000,L,13886,2023-11-11,closed,
4500000126,00010,2023-11-08,RUSH,V900,AC-002,EC,5,KG,739704,2023-11-10,closed,
4500000127,00010,2023-11-11,NB,V301,FU-001,EC,8000,L,13124,2023-11-16,closed,
4500000128,00010,2023-11-12,RUSH,V900,AC-002,EC,5,KG,740670,2023-11-14,closed,
4500000129,00010,2023-11-13,NB,V402,SP-008,EC,4,EA,2765619,2023-12-04,closed,wet_season
4500000130,00010,2023-11-14,NB,V401,SP-005,EC,4,EA,450579,2023-11-24,closed,
4500000131,00010,2023-11-15,RUSH,V900,AC-002,EC,5,KG,759691,2023-11-17,closed,
4500000132,00010,2023-11-17,NB,V201,AC-003,EC,100,L,89846,2023-12-08,closed,wet_season
4500000133,00010,2023-11-18,NB,V301,FU-001,EC,8000,L,13879,2023-11-23,closed,
4500000134,00010,2023-11-20,RUSH,V900,AC-002,EC,5,KG,756023,2023-11-22,closed,
4500000135,00010,2023-11-21,NB,V401,SP-007,EC,4,EA,800286,2023-12-01,closed,wet_season
4500000136,00010,2023-11-22,NB,V402,SP-006,EC,4,EA,1233966,2023-12-13,closed,wet_season
4500000137,00010,2023-11-23,NB,V401,SP-005,EC,4,EA,450535,2023-12-03,closed,wet_season
4500000138,00010,2023-11-24,NB,V301,FU-001,EC,8000,L,13202,2023-11-29,closed,
4500000139,00010,2023-11-24,NB,V402,SP-002,EC,5,EA,9168388,2023-12-15,closed,wet_season
4500000140,00010,2023-11-28,RUSH,V900,AC-001,EC,200,L,84898,2023-11-30,closed,
4500000141,00010,2023-11-28,RUSH,V900,AC-002,EC,5,KG,738020,2023-11-30,closed,
4500000142,00010,2023-11-29,RUSH,V900,AC-001,EC,200,L,87205,2023-12-01,closed,
4500000143,00010,2023-11-29,NB,V401,SP-001,EC,4,EA,3581070,2023-12-09,closed,wet_season
4500000144,00010,2023-11-29,NB,V401,SP-003,EC,5,EA,4032381,2023-12-09,closed,wet_season
4500000145,00010,2023-11-29,NB,V402,SP-004,EC,4,EA,641390,2023-12-20,closed,wet_season
4500000146,00010,2023-11-30,NB,V301,FU-001,EC,8000,L,13339,2023-12-05,closed,wet_season
4500000147,00010,2023-12-04,RUSH,V900,AC-001,EC,200,L,85190,2023-12-06,closed,
4500000148,00010,2023-12-06,NB,V301,FU-001,EC,8000,L,13197,2023-12-11,closed,wet_season
4500000149,00010,2023-12-10,RUSH,V900,SP-003,EC,1,EA,5467722,2023-12-12,closed,
4500000150,00010,2023-12-12,NB,V201,AC-001,EC,2900,L,69429,2024-01-02,closed,wet_season
4500000151,00010,2023-12-12,NB,V301,FU-001,EC,8000,L,13388,2023-12-17,closed,wet_season
4500000152,00010,2023-12-13,RUSH,V900,AC-003,EC,20,L,111804,2023-12-15,closed,
4500000153,00010,2023-12-13,NB,V401,SP-003,EC,5,EA,4025551,2023-12-23,closed,wet_season
4500000154,00010,2023-12-13,NB,V402,SP-008,EC,4,EA,2762366,2024-01-03,closed,wet_season
4500000155,00010,2023-12-16,NB,V401,SP-007,EC,4,EA,820463,2023-12-26,closed,wet_season
4500000156,00010,2023-12-18,NB,V301,FU-001,EC,8000,L,13445,2023-12-23,closed,wet_season
4500000157,00010,2023-12-20,RUSH,V900,SP-006,EC,1,EA,1630881,2023-12-22,closed,
4500000158,00010,2023-12-21,NB,V402,SP-006,EC,4,EA,1224634,2024-01-11,closed,wet_season
4500000159,00010,2023-12-24,NB,V301,FU-001,EC,8000,L,13523,2023-12-29,closed,wet_season
4500000160,00010,2023-12-25,RUSH,V900,SP-006,EC,1,EA,1689919,2023-12-27,closed,
4500000161,00010,2023-12-30,NB,V301,FU-001,EC,8000,L,13602,2024-01-04,closed,wet_season
4500000162,00010,2024-01-03,NB,V201,AC-002,EC,42,KG,583213,2024-01-24,closed,wet_season
4500000163,00010,2024-01-04,NB,V402,SP-004,EC,4,EA,658256,2024-01-25,closed,wet_season
4500000164,00010,2024-01-04,NB,V401,SP-005,EC,4,EA,442179,2024-01-14,closed,wet_season
4500000165,00010,2024-01-04,NB,V402,SP-006,EC,4,EA,1179934,2024-01-25,closed,wet_season
4500000166,00010,2024-01-05,NB,V201,AC-004,EC,5,KG,44950,2024-01-26,closed,wet_season
4500000167,00010,2024-01-05,NB,V301,FU-001,EC,8000,L,13217,2024-01-10,closed,wet_season
4500000168,00010,2024-01-08,NB,V201,AC-003,EC,100,L,92394,2024-01-29,closed,wet_season
4500000169,00010,2024-01-11,NB,V301,FU-001,EC,8000,L,13419,2024-01-16,closed,wet_season
4500000170,00010,2024-01-12,NB,V102,FE-004,EC,13375,KG,22545,2024-02-16,closed,wet_season
4500000171,00010,2024-01-12,NB,V401,SP-007,EC,4,EA,781042,2024-01-22,closed,wet_season
4500000172,00010,2024-01-15,NB,V102,FE-004,EC,13375,KG,22110,2024-02-19,closed,wet_season
4500000173,00010,2024-01-16,NB,V402,SP-002,EC,5,EA,8925116,2024-02-06,closed,wet_season
4500000174,00010,2024-01-16,NB,V402,SP-004,EC,4,EA,648318,2024-02-06,closed,wet_season
4500000175,00010,2024-01-17,NB,V101,FE-001,EC,238150,KG,8583,2024-02-16,closed,wet_season
4500000176,00010,2024-01-17,NB,V101,FE-002,EC,90000,KG,7513,2024-02-16,closed,wet_season
4500000177,00010,2024-01-17,NB,V301,FU-001,EC,8000,L,13265,2024-01-22,closed,wet_season
4500000178,00010,2024-01-18,NB,V102,FE-004,EC,13375,KG,21442,2024-02-22,closed,wet_season
4500000179,00010,2024-01-19,NB,V103,FE-003,EC,86800,KG,4408,2024-02-16,closed,wet_season
4500000180,00010,2024-01-19,NB,V401,SP-005,EC,4,EA,459284,2024-01-29,closed,wet_season
4500000181,00010,2024-01-20,NB,V101,FE-001,EC,238150,KG,8693,2024-02-19,closed,wet_season
4500000182,00010,2024-01-20,NB,V101,FE-002,EC,90000,KG,7293,2024-02-19,closed,vessel_missed
4500000183,00010,2024-01-21,NB,V102,FE-004,EC,13375,KG,22483,2024-02-25,closed,wet_season
4500000184,00010,2024-01-22,NB,V103,FE-003,EC,86800,KG,4430,2024-02-19,closed,wet_season
4500000185,00010,2024-01-23,NB,V101,FE-001,EC,238150,KG,8502,2024-02-22,closed,vessel_missed
4500000186,00010,2024-01-23,NB,V101,FE-002,EC,90000,KG,7461,2024-02-22,closed,wet_season
4500000187,00010,2024-01-23,NB,V301,FU-001,EC,8000,L,13704,2024-01-28,closed,wet_season
4500000188,00010,2024-01-24,NB,V102,FE-004,EC,13375,KG,21992,2024-02-28,closed,wet_season
4500000189,00010,2024-01-24,NB,V402,SP-008,EC,4,EA,2744289,2024-02-14,closed,wet_season
4500000190,00010,2024-01-25,NB,V103,FE-003,EC,86800,KG,4410,2024-02-22,closed,wet_season
4500000191,00010,2024-01-26,NB,V101,FE-001,EC,238150,KG,8632,2024-02-25,closed,vessel_missed
4500000192,00010,2024-01-26,NB,V101,FE-002,EC,90000,KG,7348,2024-02-25,closed,wet_season
4500000193,00010,2024-01-27,NB,V201,AC-001,EC,2900,L,69216,2024-02-17,closed,wet_season
4500000194,00010,2024-01-28,NB,V103,FE-003,EC,86800,KG,4609,2024-02-25,closed,wet_season
4500000195,00010,2024-01-29,NB,V101,FE-001,EC,238150,KG,8559,2024-02-28,closed,wet_season
4500000196,00010,2024-01-29,NB,V101,FE-002,EC,90000,KG,7625,2024-02-28,closed,vessel_missed
4500000197,00010,2024-01-30,NB,V301,FU-001,EC,8000,L,13132,2024-02-04,closed,wet_season
4500000198,00010,2024-01-30,RUSH,V900,SP-006,EC,1,EA,1728886,2024-02-01,closed,
4500000199,00010,2024-01-31,NB,V103,FE-003,EC,86800,KG,4551,2024-02-28,closed,wet_season
4500000200,00010,2024-02-01,NB,V101,FE-001,EC,238150,KG,8582,2024-03-02,closed,wet_season
4500000201,00010,2024-02-01,NB,V101,FE-002,EC,90000,KG,7400,2024-03-02,closed,wet_season
4500000202,00010,2024-02-03,NB,V103,FE-003,EC,86800,KG,4498,2024-03-02,closed,wet_season
4500000203,00010,2024-02-04,NB,V101,FE-001,EC,238150,KG,8660,2024-03-05,closed,wet_season
4500000204,00010,2024-02-04,NB,V101,FE-002,EC,90000,KG,7683,2024-03-05,closed,wet_season
4500000205,00010,2024-02-04,NB,V301,FU-001,EC,8000,L,13433,2024-02-09,closed,wet_season
4500000206,00010,2024-02-06,RUSH,V900,SP-004,EC,1,EA,907799,2024-02-08,closed,
4500000207,00010,2024-02-07,NB,V101,FE-001,EC,238150,KG,8539,2024-03-08,closed,wet_season
4500000208,00010,2024-02-07,NB,V101,FE-002,EC,90000,KG,7278,2024-03-08,closed,wet_season
4500000209,00010,2024-02-08,NB,V401,SP-003,EC,5,EA,3928773,2024-02-18,closed,wet_season
4500000210,00010,2024-02-09,NB,V401,SP-001,EC,4,EA,3556533,2024-02-19,closed,wet_season
4500000211,00010,2024-02-10,NB,V101,FE-001,EC,238150,KG,8267,2024-03-11,closed,wet_season
4500000212,00010,2024-02-10,NB,V301,FU-001,EC,8000,L,13187,2024-02-15,closed,wet_season
4500000213,00010,2024-02-13,NB,V101,FE-001,EC,238150,KG,8344,2024-03-14,closed,wet_season
4500000214,00010,2024-02-16,NB,V101,FE-001,EC,238150,KG,8345,2024-03-17,closed,wet_season
4500000215,00010,2024-02-16,NB,V301,FU-001,EC,8000,L,13626,2024-02-21,closed,wet_season
4500000216,00010,2024-02-17,NB,V402,SP-008,EC,4,EA,2783034,2024-03-09,closed,wet_season
4500000217,00010,2024-02-19,NB,V101,FE-001,EC,238150,KG,8642,2024-03-20,closed,wet_season
4500000218,00010,2024-02-21,NB,V301,FU-001,EC,8000,L,13258,2024-02-26,closed,wet_season
4500000219,00010,2024-02-24,NB,V201,AC-002,EC,42,KG,590692,2024-03-16,closed,wet_season
4500000220,00010,2024-02-27,NB,V301,FU-001,EC,8000,L,13431,2024-03-03,closed,wet_season
4500000221,00010,2024-02-29,NB,V402,SP-006,EC,4,EA,1168169,2024-03-21,closed,wet_season
4500000222,00010,2024-03-01,NB,V401,SP-003,EC,5,EA,3975969,2024-03-11,closed,wet_season
4500000223,00010,2024-03-04,NB,V301,FU-001,EC,8000,L,13577,2024-03-09,closed,wet_season
4500000224,00010,2024-03-05,NB,V201,AC-001,EC,2900,L,71463,2024-03-26,closed,wet_season
4500000225,00010,2024-03-06,NB,V201,AC-003,EC,100,L,90191,2024-03-27,closed,wet_season
4500000226,00010,2024-03-07,NB,V402,SP-008,EC,4,EA,2860475,2024-03-28,closed,wet_season
4500000227,00010,2024-03-09,NB,V301,FU-001,EC,8000,L,13866,2024-03-14,closed,wet_season
4500000228,00010,2024-03-09,NB,V401,SP-005,EC,4,EA,450516,2024-03-19,closed,wet_season
4500000229,00010,2024-03-11,NB,V401,SP-007,EC,4,EA,795543,2024-03-21,closed,wet_season
4500000230,00010,2024-03-13,NB,V402,SP-004,EC,4,EA,660565,2024-04-03,closed,
4500000231,00010,2024-03-14,RUSH,V900,FE-001,EC,10000,KG,11140,2024-03-16,closed,
4500000232,00010,2024-03-15,RUSH,V900,FE-001,EC,10000,KG,10785,2024-03-17,closed,
4500000233,00010,2024-03-15,RUSH,V900,FE-001,EC,10000,KG,10744,2024-03-17,closed,
4500000234,00010,2024-03-15,RUSH,V900,FE-001,EC,20000,KG,11325,2024-03-17,closed,
4500000235,00010,2024-03-15,RUSH,V900,FE-001,EC,10000,KG,11349,2024-03-17,closed,
4500000236,00010,2024-03-15,RUSH,V900,FE-001,EC,10000,KG,10933,2024-03-17,closed,
4500000237,00010,2024-03-15,NB,V301,FU-001,EC,8000,L,13446,2024-03-20,closed,wet_season
4500000238,00010,2024-03-16,RUSH,V900,FE-001,EC,20000,KG,10976,2024-03-18,closed,
4500000239,00010,2024-03-16,RUSH,V900,FE-001,EC,10000,KG,11207,2024-03-18,closed,
4500000240,00010,2024-03-18,NB,V401,SP-001,EC,4,EA,3589228,2024-03-28,closed,wet_season
4500000241,00010,2024-03-19,RUSH,V900,AC-002,EC,10,KG,768371,2024-03-21,closed,
4500000242,00010,2024-03-20,NB,V401,SP-003,EC,5,EA,4068404,2024-03-30,closed,wet_season
4500000243,00010,2024-03-21,NB,V301,FU-001,EC,8000,L,13133,2024-03-26,closed,wet_season
4500000244,00010,2024-03-24,RUSH,V900,SP-008,EC,1,EA,3880180,2024-03-26,closed,
4500000245,00010,2024-03-26,NB,V402,SP-002,EC,5,EA,9194712,2024-04-16,closed,
4500000246,00010,2024-03-28,NB,V301,FU-001,EC,8000,L,13895,2024-04-02,closed,
4500000247,00010,2024-03-29,RUSH,V900,AC-003,EC,20,L,113687,2024-03-31,closed,
4500000248,00010,2024-04-03,NB,V301,FU-001,EC,8000,L,13148,2024-04-08,closed,
4500000249,00010,2024-04-04,NB,V402,SP-004,EC,4,EA,639290,2024-04-25,closed,
4500000250,00010,2024-04-09,NB,V301,FU-001,EC,8000,L,13370,2024-04-14,closed,
4500000251,00010,2024-04-12,NB,V401,SP-003,EC,5,EA,4098702,2024-04-22,closed,
4500000252,00010,2024-04-15,NB,V301,FU-001,EC,8000,L,13138,2024-04-20,closed,
4500000253,00010,2024-04-18,NB,V402,SP-006,EC,4,EA,1170260,2024-05-09,closed,
4500000254,00010,2024-04-21,NB,V301,FU-001,EC,8000,L,13693,2024-04-26,closed,
4500000255,00010,2024-04-23,NB,V401,SP-005,EC,4,EA,446469,2024-05-03,closed,
4500000256,00010,2024-04-23,NB,V402,SP-008,EC,4,EA,2721600,2024-05-14,closed,
4500000257,00010,2024-04-26,NB,V201,AC-003,EC,100,L,92375,2024-05-17,closed,
4500000258,00010,2024-04-26,NB,V301,FU-001,EC,8000,L,13901,2024-05-01,closed,
4500000259,00010,2024-04-27,NB,V401,SP-001,EC,4,EA,3560123,2024-05-07,closed,
4500000260,00010,2024-05-02,NB,V301,FU-001,EC,8000,L,13498,2024-05-07,closed,
4500000261,00010,2024-05-04,NB,V201,AC-001,EC,2900,L,68314,2024-05-25,closed,
4500000262,00010,2024-05-04,NB,V401,SP-003,EC,5,EA,3968838,2024-05-14,closed,
4500000263,00010,2024-05-09,NB,V301,FU-001,EC,8000,L,13727,2024-05-14,closed,
4500000264,00010,2024-05-09,NB,V402,SP-002,EC,5,EA,8831656,2024-05-30,closed,
4500000265,00010,2024-05-13,NB,V401,SP-001,EC,4,EA,3534240,2024-05-23,closed,
4500000266,00010,2024-05-15,NB,V301,FU-001,EC,8000,L,13873,2024-05-20,closed,
4500000267,00010,2024-05-16,NB,V201,AC-002,EC,42,KG,586501,2024-06-06,closed,
4500000268,00010,2024-05-17,NB,V402,SP-006,EC,4,EA,1223849,2024-06-07,closed,
4500000269,00010,2024-05-17,NB,V401,SP-007,EC,4,EA,782039,2024-05-27,closed,
4500000270,00010,2024-05-20,NB,V301,FU-001,EC,8000,L,13872,2024-05-25,closed,
4500000271,00010,2024-05-23,NB,V402,SP-008,EC,4,EA,2767602,2024-06-13,closed,
4500000272,00010,2024-05-24,NB,V402,SP-004,EC,4,EA,638307,2024-06-14,closed,
4500000273,00010,2024-05-27,NB,V301,FU-001,EC,8000,L,13486,2024-06-01,closed,
4500000274,00010,2024-05-29,NB,V401,SP-003,EC,5,EA,4115990,2024-06-08,closed,
4500000275,00010,2024-06-01,NB,V301,FU-001,EC,8000,L,13478,2024-06-06,closed,
4500000276,00010,2024-06-05,NB,V402,SP-002,EC,5,EA,8818694,2024-06-26,closed,
4500000277,00010,2024-06-07,NB,V301,FU-001,EC,8000,L,13127,2024-06-12,closed,
4500000278,00010,2024-06-11,NB,V402,SP-004,EC,4,EA,634369,2024-07-02,closed,
4500000279,00010,2024-06-11,RUSH,V900,SP-004,EC,1,EA,929173,2024-06-13,closed,
4500000280,00010,2024-06-12,NB,V201,AC-001,EC,2900,L,71183,2024-07-03,closed,
4500000281,00010,2024-06-12,NB,V401,SP-007,EC,4,EA,795788,2024-06-22,closed,
4500000282,00010,2024-06-13,NB,V301,FU-001,EC,8000,L,13749,2024-06-18,closed,
4500000283,00010,2024-06-14,NB,V401,SP-005,EC,4,EA,444312,2024-06-24,closed,
4500000284,00010,2024-06-18,NB,V301,FU-001,EC,8000,L,13509,2024-06-23,closed,
4500000285,00010,2024-06-19,NB,V201,AC-003,EC,100,L,90094,2024-07-10,closed,
4500000286,00010,2024-06-19,NB,V401,SP-001,EC,4,EA,3440526,2024-06-29,closed,
4500000287,00010,2024-06-20,NB,V402,SP-006,EC,4,EA,1208147,2024-07-11,closed,
4500000288,00010,2024-06-21,NB,V201,AC-002,EC,42,KG,605202,2024-07-12,closed,
4500000289,00010,2024-06-21,NB,V402,SP-008,EC,4,EA,2867755,2024-07-12,closed,
4500000290,00010,2024-06-24,NB,V301,FU-001,EC,8000,L,13421,2024-06-29,closed,
4500000291,00010,2024-06-27,RUSH,V900,SP-008,EC,1,EA,3856536,2024-06-29,closed,
4500000292,00010,2024-06-29,NB,V301,FU-001,EC,8000,L,13138,2024-07-04,closed,
4500000293,00010,2024-07-05,NB,V301,FU-001,EC,8000,L,13468,2024-07-10,closed,
4500000294,00010,2024-07-08,NB,V402,SP-004,EC,4,EA,654382,2024-07-29,closed,
4500000295,00010,2024-07-10,NB,V301,FU-001,EC,8000,L,13120,2024-07-15,closed,
4500000296,00010,2024-07-10,NB,V402,SP-002,EC,5,EA,8801027,2024-07-31,closed,
4500000297,00010,2024-07-13,NB,V401,SP-005,EC,4,EA,445106,2024-07-23,closed,
4500000298,00010,2024-07-16,NB,V201,AC-001,EC,2900,L,68528,2024-08-06,closed,
4500000299,00010,2024-07-16,NB,V301,FU-001,EC,8000,L,13135,2024-07-21,closed,
4500000300,00010,2024-07-19,NB,V401,SP-003,EC,5,EA,4023583,2024-07-29,closed,
4500000301,00010,2024-07-22,NB,V301,FU-001,EC,8000,L,13295,2024-07-27,closed,
4500000302,00010,2024-07-23,NB,V401,SP-001,EC,4,EA,3500061,2024-08-02,closed,
4500000303,00010,2024-07-27,NB,V301,FU-001,EC,8000,L,13546,2024-08-01,closed,
4500000304,00010,2024-07-27,NB,V401,SP-005,EC,4,EA,440410,2024-08-06,closed,
4500000305,00010,2024-07-27,NB,V402,SP-008,EC,4,EA,2771975,2024-08-17,closed,
4500000306,00010,2024-07-29,NB,V401,SP-007,EC,4,EA,792790,2024-08-08,closed,
4500000307,00010,2024-08-02,NB,V301,FU-001,EC,8000,L,13289,2024-08-07,closed,
4500000308,00010,2024-08-06,NB,V201,AC-003,EC,100,L,87697,2024-08-27,closed,
4500000309,00010,2024-08-06,NB,V402,SP-002,EC,5,EA,9036947,2024-08-27,closed,
4500000310,00010,2024-08-07,NB,V402,SP-006,EC,4,EA,1173123,2024-08-28,closed,
4500000311,00010,2024-08-08,NB,V201,AC-002,EC,42,KG,601953,2024-08-29,closed,
4500000312,00010,2024-08-08,NB,V301,FU-001,EC,8000,L,13697,2024-08-13,closed,
4500000313,00010,2024-08-09,RUSH,V900,AC-001,EC,200,L,86746,2024-08-11,closed,
4500000314,00010,2024-08-13,NB,V102,FE-004,EC,13100,KG,21957,2024-09-17,closed,
4500000315,00010,2024-08-14,RUSH,V900,AC-001,EC,200,L,89453,2024-08-16,closed,
4500000316,00010,2024-08-14,NB,V301,FU-001,EC,8000,L,13811,2024-08-19,closed,
4500000317,00010,2024-08-15,RUSH,V900,AC-001,EC,200,L,85289,2024-08-17,closed,
4500000318,00010,2024-08-16,RUSH,V900,AC-001,EC,200,L,89055,2024-08-18,closed,
4500000319,00010,2024-08-16,NB,V102,FE-004,EC,13100,KG,22652,2024-09-20,closed,
4500000320,00010,2024-08-17,RUSH,V900,AC-001,EC,200,L,86617,2024-08-19,closed,
4500000321,00010,2024-08-18,NB,V101,FE-001,EC,233300,KG,8462,2024-09-17,closed,
4500000322,00010,2024-08-18,NB,V101,FE-002,EC,88100,KG,7714,2024-09-17,closed,vessel_missed
4500000323,00010,2024-08-19,NB,V102,FE-004,EC,13100,KG,21785,2024-09-23,closed,
4500000324,00010,2024-08-20,NB,V103,FE-003,EC,89200,KG,4517,2024-09-17,closed,
4500000325,00010,2024-08-20,NB,V301,FU-001,EC,8000,L,13441,2024-08-25,closed,
4500000326,00010,2024-08-21,NB,V101,FE-001,EC,233300,KG,8291,2024-09-20,closed,
4500000327,00010,2024-08-21,NB,V101,FE-002,EC,88100,KG,7656,2024-09-20,closed,
4500000328,00010,2024-08-22,NB,V102,FE-004,EC,13100,KG,22161,2024-09-26,closed,
4500000329,00010,2024-08-23,NB,V103,FE-003,EC,89200,KG,4535,2024-09-20,closed,
4500000330,00010,2024-08-24,NB,V101,FE-001,EC,233300,KG,8287,2024-09-23,closed,
4500000331,00010,2024-08-24,NB,V101,FE-002,EC,88100,KG,7433,2024-09-23,closed,
4500000332,00010,2024-08-25,NB,V102,FE-004,EC,13100,KG,22010,2024-09-29,closed,
4500000333,00010,2024-08-26,NB,V103,FE-003,EC,89200,KG,4612,2024-09-23,closed,
4500000334,00010,2024-08-26,NB,V301,FU-001,EC,8000,L,13724,2024-08-31,closed,
4500000335,00010,2024-08-27,RUSH,V900,AC-002,EC,5,KG,736434,2024-08-29,closed,
4500000336,00010,2024-08-27,NB,V101,FE-001,EC,233300,KG,8557,2024-09-26,closed,
4500000337,00010,2024-08-27,NB,V101,FE-002,EC,88100,KG,7423,2024-09-26,closed,vessel_missed
4500000338,00010,2024-08-28,RUSH,V900,AC-002,EC,5,KG,745523,2024-08-30,closed,
4500000339,00010,2024-08-29,NB,V201,AC-001,EC,2900,L,70819,2024-09-19,closed,
4500000340,00010,2024-08-29,NB,V103,FE-003,EC,89200,KG,4618,2024-09-26,closed,
4500000341,00010,2024-08-29,NB,V402,SP-008,EC,4,EA,2869061,2024-09-19,closed,
4500000342,00010,2024-08-30,NB,V201,AC-004,EC,5,KG,45607,2024-09-20,closed,
4500000343,00010,2024-08-30,NB,V101,FE-001,EC,233300,KG,8522,2024-09-29,closed,
4500000344,00010,2024-08-30,NB,V101,FE-002,EC,88100,KG,7703,2024-09-29,closed,
4500000345,00010,2024-08-31,NB,V301,FU-001,EC,8000,L,13388,2024-09-05,closed,
4500000346,00010,2024-09-01,NB,V103,FE-003,EC,89200,KG,4519,2024-09-29,closed,
4500000347,00010,2024-09-02,NB,V101,FE-001,EC,233300,KG,8257,2024-10-02,closed,
4500000348,00010,2024-09-02,NB,V101,FE-002,EC,88100,KG,7609,2024-10-02,closed,
4500000349,00010,2024-09-02,NB,V402,SP-004,EC,4,EA,659605,2024-09-23,closed,
4500000350,00010,2024-09-04,NB,V103,FE-003,EC,89200,KG,4532,2024-10-02,closed,
4500000351,00010,2024-09-04,NB,V401,SP-003,EC,5,EA,4084011,2024-09-14,closed,
4500000352,00010,2024-09-05,NB,V101,FE-001,EC,233300,KG,8715,2024-10-05,closed,vessel_missed
4500000353,00010,2024-09-05,NB,V101,FE-002,EC,88100,KG,7478,2024-10-05,closed,
4500000354,00010,2024-09-06,NB,V301,FU-001,EC,8000,L,13255,2024-09-11,closed,
4500000355,00010,2024-09-06,NB,V401,SP-001,EC,4,EA,3466633,2024-09-16,closed,
4500000356,00010,2024-09-08,NB,V101,FE-001,EC,233300,KG,8367,2024-10-08,closed,
4500000357,00010,2024-09-08,NB,V101,FE-002,EC,88100,KG,7475,2024-10-08,closed,
4500000358,00010,2024-09-09,NB,V201,AC-002,EC,42,KG,612600,2024-09-30,closed,
4500000359,00010,2024-09-09,NB,V402,SP-002,EC,5,EA,9150037,2024-09-30,closed,
4500000360,00010,2024-09-11,NB,V101,FE-001,EC,233300,KG,8638,2024-10-11,closed,
4500000361,00010,2024-09-12,NB,V201,AC-003,EC,100,L,92280,2024-10-03,closed,
4500000362,00010,2024-09-12,NB,V301,FU-001,EC,8000,L,13193,2024-09-17,closed,
4500000363,00010,2024-09-14,NB,V101,FE-001,EC,233300,KG,8692,2024-10-14,closed,
4500000364,00010,2024-09-17,NB,V101,FE-001,EC,233300,KG,8415,2024-10-17,closed,
4500000365,00010,2024-09-17,NB,V401,SP-007,EC,4,EA,802008,2024-09-27,closed,
4500000366,00010,2024-09-18,NB,V301,FU-001,EC,8000,L,13326,2024-09-23,closed,
4500000367,00010,2024-09-19,NB,V401,SP-001,EC,4,EA,3414339,2024-09-29,closed,
4500000368,00010,2024-09-20,NB,V101,FE-001,EC,233300,KG,8726,2024-10-20,closed,
4500000369,00010,2024-09-20,NB,V402,SP-004,EC,4,EA,655713,2024-10-11,closed,
4500000370,00010,2024-09-20,NB,V402,SP-006,EC,4,EA,1209080,2024-10-11,closed,
4500000371,00010,2024-09-23,NB,V301,FU-001,EC,8000,L,13374,2024-09-28,closed,
4500000372,00010,2024-09-25,NB,V401,SP-005,EC,4,EA,462958,2024-10-05,closed,
4500000373,00010,2024-09-29,NB,V301,FU-001,EC,8000,L,13696,2024-10-04,closed,
4500000374,00010,2024-10-02,NB,V401,SP-003,EC,5,EA,3948541,2024-10-12,closed,
4500000375,00010,2024-10-05,NB,V301,FU-001,EC,8000,L,13857,2024-10-10,closed,
4500000376,00010,2024-10-05,NB,V402,SP-002,EC,5,EA,8781895,2024-10-26,closed,
4500000377,00010,2024-10-07,NB,V401,SP-007,EC,4,EA,823324,2024-10-17,closed,
4500000378,00010,2024-10-10,NB,V201,AC-001,EC,2900,L,68936,2024-10-31,closed,
4500000379,00010,2024-10-11,NB,V301,FU-001,EC,8000,L,13387,2024-10-16,closed,
4500000380,00010,2024-10-14,NB,V402,SP-008,EC,4,EA,2733978,2024-11-04,closed,
4500000381,00010,2024-10-15,NB,V401,SP-001,EC,4,EA,3558326,2024-10-25,closed,
4500000382,00010,2024-10-17,NB,V301,FU-001,EC,8000,L,13544,2024-10-22,closed,
4500000383,00010,2024-10-22,NB,V402,SP-006,EC,4,EA,1221678,2024-11-12,closed,
4500000384,00010,2024-10-23,NB,V201,AC-002,EC,42,KG,617396,2024-11-13,closed,
4500000385,00010,2024-10-23,NB,V301,FU-001,EC,8000,L,13827,2024-10-28,closed,
4500000386,00010,2024-10-29,NB,V201,AC-003,EC,100,L,91329,2024-11-19,closed,
4500000387,00010,2024-10-29,NB,V301,FU-001,EC,8000,L,13680,2024-11-03,closed,
4500000388,00010,2024-11-01,NB,V401,SP-003,EC,5,EA,3973289,2024-11-11,closed,
4500000389,00010,2024-11-04,NB,V301,FU-001,EC,8000,L,13380,2024-11-09,closed,
4500000390,00010,2024-11-04,NB,V402,SP-004,EC,4,EA,642984,2024-11-25,closed,
4500000391,00010,2024-11-07,NB,V401,SP-001,EC,4,EA,3422498,2024-11-17,closed,
4500000392,00010,2024-11-09,NB,V301,FU-001,EC,8000,L,13314,2024-11-14,closed,
4500000393,00010,2024-11-09,NB,V401,SP-005,EC,4,EA,438333,2024-11-19,closed,
4500000394,00010,2024-11-09,NB,V402,SP-006,EC,4,EA,1213277,2024-11-30,closed,
4500000395,00010,2024-11-13,RUSH,V900,SP-006,EC,1,EA,1674581,2024-11-15,closed,
4500000396,00010,2024-11-15,NB,V301,FU-001,EC,8000,L,13196,2024-11-20,closed,
4500000397,00010,2024-11-15,NB,V402,SP-002,EC,5,EA,9155058,2024-12-06,closed,wet_season
4500000398,00010,2024-11-19,NB,V401,SP-007,EC,4,EA,783804,2024-11-29,closed,
4500000399,00010,2024-11-21,NB,V201,AC-001,EC,2900,L,71529,2024-12-12,closed,wet_season
4500000400,00010,2024-11-21,NB,V301,FU-001,EC,8000,L,13671,2024-11-26,closed,
4500000401,00010,2024-11-24,RUSH,V900,AC-003,EC,20,L,113270,2024-11-26,closed,
4500000402,00010,2024-11-25,NB,V402,SP-008,EC,4,EA,2876243,2024-12-16,closed,wet_season
4500000403,00010,2024-11-27,NB,V301,FU-001,EC,8000,L,13809,2024-12-02,closed,wet_season
4500000404,00010,2024-11-27,NB,V402,SP-006,EC,4,EA,1175860,2024-12-18,closed,wet_season
4500000405,00010,2024-11-29,NB,V401,SP-003,EC,5,EA,3942073,2024-12-09,closed,wet_season
4500000406,00010,2024-12-02,NB,V401,SP-001,EC,4,EA,3559799,2024-12-12,closed,wet_season
4500000407,00010,2024-12-03,NB,V201,AC-002,EC,42,KG,599002,2024-12-24,closed,wet_season
4500000408,00010,2024-12-03,NB,V301,FU-001,EC,8000,L,13857,2024-12-08,closed,wet_season
4500000409,00010,2024-12-09,NB,V301,FU-001,EC,8000,L,13096,2024-12-14,closed,wet_season
4500000410,00010,2024-12-09,NB,V401,SP-005,EC,4,EA,451740,2024-12-19,closed,wet_season
4500000411,00010,2024-12-14,NB,V201,AC-003,EC,100,L,88151,2025-01-04,closed,wet_season
4500000412,00010,2024-12-15,NB,V301,FU-001,EC,8000,L,13501,2024-12-20,closed,wet_season
4500000413,00010,2024-12-21,NB,V301,FU-001,EC,8000,L,13581,2024-12-26,closed,wet_season
4500000414,00010,2024-12-25,NB,V401,SP-003,EC,5,EA,4060561,2025-01-04,closed,wet_season
4500000415,00010,2024-12-26,NB,V301,FU-001,EC,8000,L,13165,2024-12-31,closed,wet_season
4500000416,00010,2024-12-28,RUSH,V900,AC-001,EC,200,L,85794,2024-12-30,closed,
4500000417,00010,2024-12-30,NB,V402,SP-008,EC,4,EA,2748707,2025-01-20,closed,wet_season
4500000418,00010,2025-01-01,NB,V301,FU-001,EC,8000,L,13468,2025-01-06,closed,wet_season
4500000419,00010,2025-01-02,NB,V401,SP-001,EC,4,EA,3434125,2025-01-12,closed,wet_season
4500000420,00010,2025-01-03,NB,V201,AC-001,EC,2900,L,68619,2025-01-24,closed,wet_season
4500000421,00010,2025-01-04,NB,V401,SP-005,EC,4,EA,444303,2025-01-14,closed,wet_season
4500000422,00010,2025-01-04,NB,V401,SP-007,EC,4,EA,797023,2025-01-14,closed,wet_season
4500000423,00010,2025-01-06,NB,V301,FU-001,EC,8000,L,13366,2025-01-11,closed,wet_season
4500000424,00010,2025-01-09,NB,V402,SP-004,EC,4,EA,668159,2025-01-30,closed,wet_season
4500000425,00010,2025-01-10,NB,V201,AC-004,EC,5,KG,44037,2025-01-31,closed,wet_season
4500000426,00010,2025-01-10,NB,V402,SP-002,EC,5,EA,8880453,2025-01-31,closed,wet_season
4500000427,00010,2025-01-11,NB,V102,FE-004,EC,13550,KG,21876,2025-02-15,closed,wet_season
4500000428,00010,2025-01-12,NB,V301,FU-001,EC,8000,L,13780,2025-01-17,closed,wet_season
4500000429,00010,2025-01-14,NB,V102,FE-004,EC,13550,KG,21635,2025-02-18,closed,wet_season
4500000430,00010,2025-01-16,NB,V101,FE-001,EC,244450,KG,8679,2025-02-15,closed,wet_season
4500000431,00010,2025-01-16,NB,V101,FE-002,EC,99300,KG,7500,2025-02-15,closed,wet_season
4500000432,00010,2025-01-17,NB,V201,AC-002,EC,42,KG,606071,2025-02-07,closed,wet_season
4500000433,00010,2025-01-17,NB,V102,FE-004,EC,13550,KG,21955,2025-02-21,closed,wet_season
4500000434,00010,2025-01-17,NB,V301,FU-001,EC,8000,L,13244,2025-01-22,closed,wet_season
4500000435,00010,2025-01-18,NB,V103,FE-003,EC,90700,KG,4595,2025-02-15,closed,wet_season
4500000436,00010,2025-01-19,NB,V101,FE-001,EC,244450,KG,8745,2025-02-18,closed,wet_season
4500000437,00010,2025-01-19,NB,V101,FE-002,EC,99300,KG,7441,2025-02-18,closed,wet_season
4500000438,00010,2025-01-20,NB,V102,FE-004,EC,13550,KG,22183,2025-02-24,closed,wet_season
4500000439,00010,2025-01-21,NB,V103,FE-003,EC,90700,KG,4404,2025-02-18,closed,wet_season
4500000440,00010,2025-01-21,NB,V401,SP-005,EC,4,EA,453938,2025-01-31,closed,wet_season
4500000441,00010,2025-01-22,NB,V101,FE-001,EC,244450,KG,8695,2025-02-21,closed,wet_season
4500000442,00010,2025-01-22,NB,V101,FE-002,EC,99300,KG,7596,2025-02-21,closed,wet_season
4500000443,00010,2025-01-22,NB,V301,FU-001,EC,8000,L,13262,2025-01-27,closed,wet_season
4500000444,00010,2025-01-23,NB,V102,FE-004,EC,13550,KG,21814,2025-02-27,closed,wet_season
4500000445,00010,2025-01-24,NB,V103,FE-003,EC,90700,KG,4462,2025-02-21,closed,wet_season
4500000446,00010,2025-01-25,NB,V101,FE-001,EC,244450,KG,8592,2025-02-24,closed,vessel_missed
4500000447,00010,2025-01-25,NB,V101,FE-002,EC,99300,KG,7554,2025-02-24,closed,wet_season
4500000448,00010,2025-01-27,NB,V103,FE-003,EC,90700,KG,4388,2025-02-24,closed,wet_season
4500000449,00010,2025-01-27,NB,V301,FU-001,EC,8000,L,13348,2025-02-01,closed,wet_season
4500000450,00010,2025-01-28,NB,V101,FE-001,EC,244450,KG,8727,2025-02-27,closed,vessel_missed
4500000451,00010,2025-01-28,NB,V101,FE-002,EC,99300,KG,7412,2025-02-27,closed,wet_season
4500000452,00010,2025-01-29,NB,V401,SP-001,EC,4,EA,3537813,2025-02-08,closed,wet_season
4500000453,00010,2025-01-30,NB,V103,FE-003,EC,90700,KG,4606,2025-02-27,closed,wet_season
4500000454,00010,2025-01-31,RUSH,V900,AC-001,EC,200,L,89851,2025-02-02,closed,
4500000455,00010,2025-01-31,NB,V201,AC-003,EC,100,L,90823,2025-02-21,closed,wet_season
4500000456,00010,2025-01-31,NB,V101,FE-001,EC,244450,KG,8580,2025-03-02,closed,wet_season
4500000457,00010,2025-01-31,NB,V101,FE-002,EC,99300,KG,7570,2025-03-02,closed,vessel_missed
4500000458,00010,2025-02-01,NB,V301,FU-001,EC,8000,L,13727,2025-02-06,closed,wet_season
4500000459,00010,2025-02-02,RUSH,V900,AC-001,EC,200,L,85956,2025-02-04,closed,
4500000460,00010,2025-02-02,NB,V103,FE-003,EC,90700,KG,4494,2025-03-02,closed,wet_season
4500000461,00010,2025-02-02,NB,V402,SP-006,EC,4,EA,1168029,2025-02-23,closed,wet_season
4500000462,00010,2025-02-03,NB,V101,FE-001,EC,244450,KG,8497,2025-03-05,closed,wet_season
4500000463,00010,2025-02-03,NB,V101,FE-002,EC,99300,KG,7579,2025-03-05,closed,wet_season
4500000464,00010,2025-02-04,NB,V401,SP-007,EC,4,EA,797581,2025-02-14,closed,wet_season
4500000465,00010,2025-02-06,RUSH,V900,AC-002,EC,5,KG,727789,2025-02-08,closed,
4500000466,00010,2025-02-06,NB,V101,FE-001,EC,244450,KG,8686,2025-03-08,closed,wet_season
4500000467,00010,2025-02-06,NB,V402,SP-008,EC,4,EA,2773304,2025-02-27,closed,wet_season
4500000468,00010,2025-02-07,NB,V301,FU-001,EC,8000,L,13315,2025-02-12,closed,wet_season
4500000469,00010,2025-02-08,NB,V402,SP-002,EC,5,EA,8893168,2025-03-01,closed,wet_season
4500000470,00010,2025-02-09,NB,V101,FE-001,EC,244450,KG,8476,2025-03-11,closed,vessel_missed
4500000471,00010,2025-02-10,NB,V201,AC-001,EC,2900,L,68810,2025-03-03,closed,wet_season
4500000472,00010,2025-02-11,RUSH,V900,SP-002,EC,1,EA,12441530,2025-02-13,closed,
4500000473,00010,2025-02-12,NB,V101,FE-001,EC,244450,KG,8503,2025-03-14,closed,wet_season
4500000474,00010,2025-02-12,NB,V301,FU-001,EC,8000,L,13281,2025-02-17,closed,wet_season
4500000475,00010,2025-02-12,NB,V401,SP-003,EC,5,EA,3914774,2025-02-22,closed,wet_season
4500000476,00010,2025-02-12,NB,V402,SP-004,EC,4,EA,641596,2025-03-05,closed,wet_season
4500000477,00010,2025-02-12,RUSH,V900,SP-004,EC,1,EA,901319,2025-02-14,closed,
4500000478,00010,2025-02-13,RUSH,V900,AC-002,EC,5,KG,762275,2025-02-15,closed,
4500000479,00010,2025-02-13,NB,V401,SP-005,EC,4,EA,451808,2025-02-23,closed,wet_season
4500000480,00010,2025-02-15,NB,V101,FE-001,EC,244450,KG,8742,2025-03-17,closed,wet_season
4500000481,00010,2025-02-17,NB,V301,FU-001,EC,8000,L,13502,2025-02-22,closed,wet_season
4500000482,00010,2025-02-18,NB,V101,FE-001,EC,244450,KG,8703,2025-03-20,closed,wet_season
4500000483,00010,2025-02-18,NB,V402,SP-006,EC,4,EA,1209914,2025-03-11,closed,wet_season
4500000484,00010,2025-02-19,NB,V402,SP-008,EC,4,EA,2723177,2025-03-12,closed,wet_season
4500000485,00010,2025-02-22,NB,V301,FU-001,EC,8000,L,13158,2025-02-27,closed,wet_season
4500000486,00010,2025-02-24,RUSH,V900,AC-003,EC,20,L,111414,2025-02-26,closed,
4500000487,00010,2025-02-25,NB,V401,SP-001,EC,4,EA,3464683,2025-03-07,closed,wet_season
4500000488,00010,2025-02-25,RUSH,V900,SP-006,EC,1,EA,1700035,2025-02-27,closed,
4500000489,00010,2025-02-27,NB,V301,FU-001,EC,8000,L,13545,2025-03-04,closed,wet_season
4500000490,00010,2025-02-27,RUSH,V900,SP-008,EC,1,EA,3835195,2025-03-01,closed,
4500000491,00010,2025-03-03,RUSH,V900,SP-008,EC,1,EA,3985879,2025-03-05,closed,
4500000492,00010,2025-03-04,NB,V301,FU-001,EC,8000,L,13841,2025-03-09,closed,wet_season
4500000493,00010,2025-03-04,NB,V402,SP-004,EC,4,EA,656991,2025-03-25,closed,wet_season
4500000494,00010,2025-03-06,RUSH,V900,SP-008,EC,1,EA,3989312,2025-03-08,closed,
4500000495,00010,2025-03-07,NB,V402,SP-002,EC,5,EA,8874062,2025-03-28,closed,wet_season
4500000496,00010,2025-03-09,NB,V401,SP-001,EC,4,EA,3397126,2025-03-19,closed,wet_season
4500000497,00010,2025-03-10,NB,V301,FU-001,EC,8000,L,13574,2025-03-15,closed,wet_season
4500000498,00010,2025-03-12,RUSH,V900,FE-001,EC,10000,KG,10758,2025-03-14,closed,
4500000499,00010,2025-03-13,RUSH,V900,FE-001,EC,10000,KG,11264,2025-03-15,closed,
4500000500,00010,2025-03-13,RUSH,V900,FE-001,EC,10000,KG,11336,2025-03-15,closed,
4500000501,00010,2025-03-13,RUSH,V900,FE-001,EC,20000,KG,11078,2025-03-15,closed,
4500000502,00010,2025-03-14,RUSH,V900,FE-001,EC,10000,KG,10770,2025-03-16,closed,
4500000503,00010,2025-03-14,RUSH,V900,FE-001,EC,10000,KG,10836,2025-03-16,closed,
4500000504,00010,2025-03-14,NB,V401,SP-007,EC,4,EA,797382,2025-03-24,closed,wet_season
4500000505,00010,2025-03-15,RUSH,V900,FE-001,EC,10000,KG,10941,2025-03-17,closed,
4500000506,00010,2025-03-15,RUSH,V900,FE-001,EC,10000,KG,10741,2025-03-17,closed,
4500000507,00010,2025-03-15,RUSH,V900,FE-001,EC,10000,KG,11000,2025-03-17,closed,
4500000508,00010,2025-03-15,RUSH,V900,FE-001,EC,20000,KG,11185,2025-03-17,closed,
4500000509,00010,2025-03-15,NB,V301,FU-001,EC,8000,L,13765,2025-03-20,closed,wet_season
4500000510,00010,2025-03-19,NB,V201,AC-003,EC,100,L,90031,2025-04-09,closed,
4500000511,00010,2025-03-19,NB,V401,SP-001,EC,4,EA,3408211,2025-03-29,closed,wet_season
4500000512,00010,2025-03-20,NB,V201,AC-002,EC,42,KG,591056,2025-04-10,closed,
4500000513,00010,2025-03-21,NB,V301,FU-001,EC,8000,L,13647,2025-03-26,closed,wet_season
4500000514,00010,2025-03-21,NB,V401,SP-005,EC,4,EA,449165,2025-03-31,closed,wet_season
4500000515,00010,2025-03-26,NB,V301,FU-001,EC,8000,L,13425,2025-03-31,closed,wet_season
4500000516,00010,2025-03-29,NB,V401,SP-003,EC,5,EA,4111523,2025-04-08,closed,
4500000517,00010,2025-04-01,NB,V301,FU-001,EC,8000,L,13487,2025-04-06,closed,
4500000518,00010,2025-04-04,NB,V402,SP-006,EC,4,EA,1225387,2025-04-25,closed,
4500000519,00010,2025-04-06,NB,V301,FU-001,EC,8000,L,13324,2025-04-11,closed,
4500000520,00010,2025-04-09,NB,V402,SP-002,EC,5,EA,8940231,2025-04-30,closed,
4500000521,00010,2025-04-11,NB,V301,FU-001,EC,8000,L,13430,2025-04-16,closed,
4500000522,00010,2025-04-13,NB,V401,SP-001,EC,4,EA,3527190,2025-04-23,closed,
4500000523,00010,2025-04-13,NB,V401,SP-003,EC,5,EA,4101924,2025-04-23,closed,
4500000524,00010,2025-04-13,NB,V401,SP-007,EC,4,EA,795425,2025-04-23,closed,
4500000525,00010,2025-04-15,NB,V301,FU-001,EC,8000,L,13275,2025-04-20,closed,
4500000526,00010,2025-04-18,NB,V402,SP-008,EC,4,EA,2768274,2025-05-09,open,
4500000527,00010,2025-04-20,NB,V301,FU-001,EC,8000,L,13249,2025-04-25,closed,
4500000528,00010,2025-04-21,NB,V402,SP-006,EC,4,EA,1222190,2025-05-12,open,
4500000529,00010,2025-04-25,NB,V301,FU-001,EC,8000,L,13408,2025-04-30,closed,
4500000530,00010,2025-04-28,NB,V402,SP-004,EC,4,EA,642072,2025-05-19,open,
4500000531,00010,2025-04-29,NB,V201,AC-001,EC,2900,L,71604,2025-05-20,open,
4500000532,00010,2025-04-29,NB,V301,FU-001,EC,8000,L,13563,2025-05-04,closed,
4500000533,00010,2025-04-30,RUSH,V900,SP-006,EC,1,EA,1647348,2025-05-02,closed,
4500000534,00010,2025-05-05,NB,V301,FU-001,EC,8000,L,13613,2025-05-10,closed,
4500000535,00010,2025-05-06,NB,V201,AC-003,EC,100,L,88931,2025-05-27,open,
4500000536,00010,2025-05-07,NB,V401,SP-001,EC,4,EA,3603108,2025-05-17,closed,
4500000537,00010,2025-05-08,NB,V402,SP-002,EC,5,EA,9216807,2025-05-29,open,
4500000538,00010,2025-05-09,NB,V301,FU-001,EC,8000,L,13334,2025-05-14,closed,
4500000539,00010,2025-05-10,NB,V401,SP-003,EC,5,EA,3958374,2025-05-20,open,
4500000540,00010,2025-05-10,NB,V402,SP-004,EC,4,EA,642158,2025-05-31,open,
4500000541,00010,2025-05-12,RUSH,V900,SP-004,EC,1,EA,934555,2025-05-14,closed,
4500000542,00010,2025-05-13,NB,V401,SP-005,EC,4,EA,460999,2025-05-23,closed,
4500000543,00010,2025-05-15,NB,V301,FU-001,EC,8000,L,13303,2025-05-20,closed,
4500000544,00010,2025-05-18,RUSH,V900,SP-004,EC,1,EA,921728,2025-05-20,closed,
4500000545,00010,2025-05-19,NB,V301,FU-001,EC,8000,L,13811,2025-05-24,open,
4500000546,00010,2025-05-20,NB,V402,SP-008,EC,4,EA,2757804,2025-06-10,open,
4500000547,00010,2025-05-22,NB,V401,SP-007,EC,4,EA,810827,2025-06-01,open,
