# SYNTHETIC. Pest and disease work orders: census walks, treatments and follow-ups on the P&D teams. NO EPMS table exists for any of this - the client cannot schedule pest work today because there is nowhere to record that they did. Census coverage from ec_pest_census.csv is the order's adherence; about half the follow-ups due in the window were done late and the rest never.
order_id,date,operation,activity,division_code,block_code,crew_code,headcount_plan,headcount_actual,planned_qty,actual_qty,unit,man_days_plan,man_days_actual,status,started,finished,carried_to
WO-2025-0101-P-001,2025-01-01,pest,treatment,3,112,P3-01,1,1,87,85,palms,1.0,1.0,completed,07:04,13:54,
WO-2025-0103-P-001,2025-01-03,pest,treatment,7,336,P7-01,8,6,239,175,palms,8.0,6.0,partial,07:05,12:27,
WO-2025-0104-P-001,2025-01-04,pest,treatment,2,41,P2-01,1,1,77,63,palms,1.0,1.0,partial,06:56,12:28,
WO-2025-0106-P-001,2025-01-06,pest,treatment,4,151,P4-01,2,1,148,117,palms,2.0,1.0,partial,07:14,13:06,
WO-2025-0106-P-002,2025-01-06,pest,followup,4,153,P4-01,1,0,113,0,palms,1.0,0.0,not_started,07:09,,
WO-2025-0106-P-003,2025-01-06,pest,treatment,5,188,P5-01,14,12,391,343,palms,14.0,12.0,completed,07:18,13:33,
WO-2025-0107-P-001,2025-01-07,pest,followup,1,9,P1-01,12,0,336,0,palms,12.0,0.0,not_started,07:10,,
WO-2025-0108-P-001,2025-01-08,pest,followup,1,10,P1-01,14,0,399,0,palms,14.0,0.0,not_started,07:21,,
WO-2025-0109-P-001,2025-01-09,pest,followup,1,37,P1-01,1,0,87,0,palms,1.0,0.0,not_started,06:54,,
WO-2025-0109-P-002,2025-01-09,pest,followup,4,122,P4-01,1,0,51,0,palms,1.0,0.0,not_started,07:15,,
WO-2025-0109-P-003,2025-01-09,pest,treatment,7,289,P7-01,1,1,74,74,palms,1.0,1.0,completed,07:15,14:38,
WO-2025-0110-P-001,2025-01-10,pest,followup,4,124,P4-01,1,0,33,0,palms,1.0,0.0,not_started,07:22,,
WO-2025-0110-P-002,2025-01-10,pest,treatment,7,304,P7-01,1,1,95,82,palms,1.0,1.0,completed,07:10,13:20,
WO-2025-0111-P-001,2025-01-11,pest,followup,3,75,P3-01,2,0,146,0,palms,2.0,0.0,not_started,07:10,,
WO-2025-0115-P-001,2025-01-15,pest,treatment,3,84,P3-01,24,21,694,613,palms,24.0,21.0,completed,07:01,12:57,
WO-2025-0116-P-001,2025-01-16,pest,followup,7,294,P7-01,1,1,43,33,palms,1.0,1.0,partial,06:57,12:33,
WO-2025-0117-P-001,2025-01-17,pest,followup,6,269,P6-01,1,0,46,0,palms,1.0,0.0,not_started,07:18,,
WO-2025-0118-P-001,2025-01-18,pest,treatment,1,32,P1-01,1,1,67,67,palms,1.0,1.0,completed,07:10,14:33,
WO-2025-0118-P-002,2025-01-18,pest,followup,2,66,P2-01,1,1,98,101,palms,1.0,1.0,completed,07:11,14:02,
WO-2025-0118-P-003,2025-01-18,pest,followup,3,79,P3-01,1,0,42,0,palms,1.0,0.0,not_started,07:05,,
WO-2025-0120-P-001,2025-01-20,pest,treatment,1,27,P1-01,9,9,266,251,palms,9.0,9.0,completed,07:02,13:51,
WO-2025-0120-P-002,2025-01-20,pest,followup,1,29,P1-01,7,6,202,156,palms,7.0,6.0,partial,07:20,12:31,
WO-2025-0120-P-003,2025-01-20,pest,followup,2,55,P2-01,1,0,80,0,palms,1.0,0.0,not_started,06:57,,
WO-2025-0120-P-004,2025-01-20,pest,treatment,3,101,P3-01,2,1,122,105,palms,2.0,1.0,completed,07:13,13:33,
WO-2025-0121-P-001,2025-01-21,pest,treatment,4,123,P4-01,8,7,233,195,palms,8.0,7.0,partial,07:12,12:57,
WO-2025-0122-P-001,2025-01-22,pest,treatment,5,195,P5-01,5,5,133,125,palms,5.0,5.0,completed,06:55,13:17,
WO-2025-0123-P-001,2025-01-23,pest,treatment,3,100,P3-01,7,6,194,158,palms,7.0,6.0,partial,07:23,13:08,
WO-2025-0123-P-002,2025-01-23,pest,treatment,7,293,P7-01,1,1,81,78,palms,1.0,1.0,completed,07:00,13:49,
WO-2025-0124-P-001,2025-01-24,pest,treatment,1,17,P1-01,1,1,88,58,palms,1.0,1.0,partial,07:08,11:40,
WO-2025-0124-P-002,2025-01-24,pest,followup,3,94,P3-01,7,0,182,0,palms,7.0,0.0,not_started,07:24,,
WO-2025-0125-P-001,2025-01-25,pest,treatment,2,71,P2-01,3,3,77,66,palms,3.0,3.0,completed,07:15,13:21,
WO-2025-0125-P-002,2025-01-25,pest,followup,3,78,P3-01,15,10,427,290,palms,15.0,10.0,partial,07:11,11:47,
WO-2025-0125-P-003,2025-01-25,pest,treatment,3,83,P3-01,2,2,223,196,palms,2.0,2.0,completed,07:08,13:17,
WO-2025-0125-P-004,2025-01-25,pest,followup,7,303,P7-01,6,6,162,162,palms,6.0,6.0,completed,07:11,14:01,
WO-2025-0126-P-001,2025-01-26,pest,followup,6,259,P6-01,1,0,100,0,palms,1.0,0.0,not_started,06:55,,
WO-2025-0127-P-001,2025-01-27,pest,treatment,5,177,P5-01,2,1,150,120,palms,2.0,1.0,partial,07:05,13:02,
WO-2025-0127-P-002,2025-01-27,pest,followup,6,214,P6-01,1,1,89,70,palms,1.0,1.0,partial,07:04,12:34,
WO-2025-0127-P-003,2025-01-27,pest,followup,6,216,P6-01,2,0,196,0,palms,2.0,0.0,not_started,07:12,,
WO-2025-0127-P-004,2025-01-27,pest,followup,6,248,P6-01,2,1,128,113,palms,2.0,1.0,completed,07:12,13:34,
WO-2025-0128-P-001,2025-01-28,pest,followup,7,297,P7-01,1,0,75,0,palms,1.0,0.0,not_started,07:18,,
WO-2025-0130-P-001,2025-01-30,pest,treatment,1,6,P1-01,1,1,27,23,palms,1.0,1.0,completed,07:10,12:58,
WO-2025-0130-P-002,2025-01-30,pest,treatment,1,36,P1-01,2,2,157,157,palms,2.0,2.0,completed,07:15,14:33,
WO-2025-0130-P-003,2025-01-30,pest,treatment,7,309,P7-01,1,1,107,107,palms,1.0,1.0,completed,07:15,14:06,
WO-2025-0131-P-001,2025-01-31,pest,followup,1,15,P1-01,17,0,498,0,palms,17.0,0.0,not_started,07:11,,
WO-2025-0131-P-002,2025-01-31,pest,treatment,4,153,P4-01,5,5,146,132,palms,5.0,5.0,completed,07:12,13:53,
WO-2025-0201-P-001,2025-02-01,pest,followup,1,13,P1-01,26,0,780,0,palms,26.0,0.0,not_started,07:10,,
WO-2025-0201-P-002,2025-02-01,pest,followup,1,17,P1-01,6,4,158,95,palms,6.0,4.0,partial,06:59,11:34,
WO-2025-0201-P-003,2025-02-01,pest,followup,2,72,P2-01,2,1,124,116,palms,2.0,1.0,completed,07:10,13:32,
WO-2025-0201-P-004,2025-02-01,pest,treatment,6,207,P6-01,2,1,134,89,palms,2.0,1.0,partial,07:22,12:02,
WO-2025-0203-P-001,2025-02-03,pest,treatment,3,84,P3-01,2,1,124,98,palms,2.0,1.0,partial,06:56,12:31,
WO-2025-0203-P-002,2025-02-03,pest,treatment,3,86,P3-01,3,2,277,234,palms,3.0,2.0,partial,06:59,13:07,
WO-2025-0203-P-003,2025-02-03,pest,treatment,7,348,P7-01,13,12,386,353,palms,13.0,12.0,completed,06:56,13:07,
WO-2025-0204-P-001,2025-02-04,pest,followup,7,341,P7-01,13,11,382,323,palms,13.0,11.0,partial,07:23,13:19,
WO-2025-0205-P-001,2025-02-05,pest,treatment,3,82,P3-01,1,1,20,19,palms,1.0,1.0,completed,07:23,13:52,
WO-2025-0205-P-002,2025-02-05,pest,treatment,5,185,P5-01,6,5,156,127,palms,6.0,5.0,partial,07:21,13:11,
WO-2025-0206-P-001,2025-02-06,pest,census,1,1,P1-01,2,2,790,627,palms,2.0,2.0,partial,07:02,12:48,
WO-2025-0206-P-002,2025-02-06,pest,census,1,2,P1-01,8,8,2412,1963,palms,8.0,8.0,partial,07:04,12:43,
WO-2025-0206-P-003,2025-02-06,pest,census,2,40,P2-01,8,7,2419,1610,palms,8.0,7.0,partial,06:57,11:50,
WO-2025-0206-P-004,2025-02-06,pest,census,3,75,P3-01,10,10,4982,3508,palms,10.0,10.0,partial,07:08,12:01,
WO-2025-0206-P-005,2025-02-06,pest,census,4,122,P4-01,5,5,1842,1611,palms,5.0,5.0,completed,06:59,13:07,
WO-2025-0206-P-006,2025-02-06,pest,census,4,123,P4-01,4,5,1518,1325,palms,4.0,5.0,completed,06:58,13:24,
WO-2025-0206-P-007,2025-02-06,pest,census,5,168,P5-01,9,10,5088,4205,palms,9.0,10.0,partial,06:55,12:33,
WO-2025-0206-P-008,2025-02-06,pest,census,6,203,P6-01,12,13,6142,5271,palms,12.0,13.0,completed,07:06,13:04,
WO-2025-0206-P-009,2025-02-06,pest,census,7,287,P7-01,4,5,1843,1667,palms,4.0,5.0,completed,07:08,13:42,
WO-2025-0206-P-010,2025-02-06,pest,census,7,288,P7-01,2,2,900,604,palms,2.0,2.0,partial,06:58,11:43,
WO-2025-0206-P-011,2025-02-06,pest,census,7,289,P7-01,6,6,2379,1590,palms,6.0,6.0,partial,07:14,11:49,
WO-2025-0207-P-001,2025-02-07,pest,census,1,3,P1-01,4,4,1916,1827,palms,4.0,4.0,completed,07:12,13:59,
WO-2025-0207-P-002,2025-02-07,pest,census,1,4,P1-01,4,4,1855,1380,palms,4.0,4.0,partial,06:55,12:14,
WO-2025-0207-P-003,2025-02-07,pest,census,1,5,P1-01,2,3,1218,1025,palms,2.0,3.0,partial,07:16,12:55,
WO-2025-0207-P-004,2025-02-07,pest,census,2,41,P2-01,8,8,3546,2858,palms,8.0,8.0,partial,07:21,12:56,
WO-2025-0207-P-005,2025-02-07,pest,census,3,76,P3-01,10,10,3976,3239,palms,10.0,10.0,partial,06:00,12:51,
WO-2025-0207-P-006,2025-02-07,pest,census,4,124,P4-01,4,4,1503,1295,palms,4.0,4.0,completed,07:10,13:30,
WO-2025-0207-P-007,2025-02-07,pest,census,4,125,P4-01,2,3,943,785,palms,2.0,3.0,partial,07:16,13:05,
WO-2025-0207-P-008,2025-02-07,pest,census,4,126,P4-01,2,2,869,752,palms,2.0,2.0,completed,07:21,13:26,
WO-2025-0207-P-009,2025-02-07,pest,census,4,127,P4-01,1,1,417,336,palms,1.0,1.0,partial,07:17,12:54,
WO-2025-0207-P-010,2025-02-07,pest,census,5,169,P5-01,9,9,4816,4209,palms,9.0,9.0,completed,07:21,13:14,
WO-2025-0207-P-011,2025-02-07,pest,census,6,204,P6-01,12,12,4638,4384,palms,12.0,12.0,completed,07:13,13:33,
WO-2025-0207-P-012,2025-02-07,pest,census,7,290,P7-01,6,6,2977,2167,palms,6.0,6.0,partial,07:20,12:47,
WO-2025-0207-P-013,2025-02-07,pest,census,7,291,P7-01,6,6,3505,2371,palms,6.0,6.0,partial,07:04,11:37,
WO-2025-0207-P-014,2025-02-07,pest,treatment,1,35,P1-01,2,2,164,164,palms,2.0,2.0,completed,07:12,13:58,
WO-2025-0208-P-001,2025-02-08,pest,census,1,6,P1-01,3,3,957,845,palms,3.0,3.0,completed,07:06,13:06,
WO-2025-0208-P-002,2025-02-08,pest,census,1,7,P1-01,7,8,2181,1768,palms,7.0,8.0,partial,07:08,12:56,
WO-2025-0208-P-003,2025-02-08,pest,census,2,42,P2-01,8,8,3937,3389,palms,8.0,8.0,completed,07:19,13:32,
WO-2025-0208-P-004,2025-02-08,pest,census,3,77,P3-01,10,11,4004,3492,palms,10.0,11.0,completed,07:19,13:38,
WO-2025-0208-P-005,2025-02-08,pest,census,4,128,P4-01,9,9,4246,3398,palms,9.0,9.0,partial,07:10,13:07,
WO-2025-0208-P-006,2025-02-08,pest,census,5,170,P5-01,9,10,4069,3603,palms,9.0,10.0,completed,07:17,13:29,
WO-2025-0208-P-007,2025-02-08,pest,census,6,205,P6-01,12,11,3432,2665,palms,12.0,11.0,partial,07:08,12:24,
WO-2025-0208-P-008,2025-02-08,pest,census,7,292,P7-01,12,10,2599,2100,palms,12.0,10.0,partial,07:07,12:44,
WO-2025-0208-P-009,2025-02-08,pest,treatment,4,138,P4-01,30,17,886,485,palms,30.0,17.0,partial,07:12,11:01,
WO-2025-0209-P-001,2025-02-09,pest,followup,7,328,P7-01,3,0,71,0,palms,3.0,0.0,not_started,07:01,,
WO-2025-0210-P-001,2025-02-10,pest,census,1,8,P1-01,10,9,4399,4211,palms,10.0,9.0,completed,07:02,14:02,
WO-2025-0210-P-002,2025-02-10,pest,census,2,43,P2-01,8,9,4081,3481,palms,8.0,9.0,completed,07:17,13:05,
WO-2025-0210-P-003,2025-02-10,pest,census,3,78,P3-01,10,10,3962,2539,palms,10.0,10.0,partial,07:23,11:50,
WO-2025-0210-P-004,2025-02-10,pest,census,4,129,P4-01,9,8,3176,2388,palms,9.0,8.0,partial,07:07,12:21,
WO-2025-0210-P-005,2025-02-10,pest,census,5,171,P5-01,9,9,3156,2822,palms,9.0,9.0,completed,07:02,13:22,
WO-2025-0210-P-006,2025-02-10,pest,census,6,206,P6-01,12,10,3368,3095,palms,12.0,10.0,completed,07:15,13:34,
WO-2025-0210-P-007,2025-02-10,pest,census,7,293,P7-01,8,7,3360,2268,palms,8.0,7.0,partial,07:16,12:06,
WO-2025-0210-P-008,2025-02-10,pest,census,7,294,P7-01,4,4,1634,1303,palms,4.0,4.0,partial,07:02,12:50,
WO-2025-0210-P-009,2025-02-10,pest,treatment,3,102,P3-01,6,6,173,173,palms,6.0,6.0,completed,07:24,14:19,
WO-2025-0210-P-010,2025-02-10,pest,followup,4,127,P4-01,1,0,14,0,palms,1.0,0.0,not_started,07:02,,
WO-2025-0210-P-011,2025-02-10,pest,followup,5,196,P5-01,4,0,106,0,palms,4.0,0.0,not_started,07:10,,
WO-2025-0210-P-012,2025-02-10,pest,treatment,6,255,P6-01,1,1,72,54,palms,1.0,1.0,partial,07:02,12:26,
WO-2025-0210-P-013,2025-02-10,pest,treatment,7,345,P7-01,8,5,213,144,palms,8.0,5.0,partial,06:55,11:30,
WO-2025-0211-P-001,2025-02-11,pest,census,1,9,P1-01,10,10,3614,2946,palms,10.0,10.0,partial,07:14,13:07,
WO-2025-0211-P-002,2025-02-11,pest,census,2,44,P2-01,8,8,3707,2653,palms,8.0,8.0,partial,07:13,12:35,
WO-2025-0211-P-003,2025-02-11,pest,census,3,79,P3-01,6,5,2545,1756,palms,6.0,5.0,partial,07:05,12:14,
WO-2025-0211-P-004,2025-02-11,pest,census,3,80,P3-01,4,4,1673,1048,palms,4.0,4.0,partial,07:18,11:27,
WO-2025-0211-P-005,2025-02-11,pest,census,4,130,P4-01,9,9,4465,2805,palms,9.0,9.0,partial,07:18,11:40,
WO-2025-0211-P-006,2025-02-11,pest,census,5,172,P5-01,9,10,3585,2791,palms,9.0,10.0,partial,07:20,13:03,
WO-2025-0211-P-007,2025-02-11,pest,census,6,207,P6-01,12,12,3903,3338,palms,12.0,12.0,completed,06:55,12:46,
WO-2025-0211-P-008,2025-02-11,pest,census,7,295,P7-01,4,4,1725,1537,palms,4.0,4.0,completed,07:23,13:27,
WO-2025-0211-P-009,2025-02-11,pest,census,7,296,P7-01,8,9,3632,2429,palms,8.0,9.0,partial,07:04,11:31,
WO-2025-0211-P-010,2025-02-11,pest,treatment,5,173,P5-01,17,13,482,384,palms,17.0,13.0,partial,07:16,12:57,
WO-2025-0212-P-001,2025-02-12,pest,census,1,10,P1-01,10,11,4061,3848,palms,10.0,11.0,completed,07:23,14:05,
WO-2025-0212-P-002,2025-02-12,pest,census,2,45,P2-01,8,7,3815,2428,palms,8.0,7.0,partial,07:15,11:36,
WO-2025-0212-P-003,2025-02-12,pest,census,3,81,P3-01,8,6,1024,919,palms,8.0,6.0,completed,07:17,13:51,
WO-2025-0212-P-004,2025-02-12,pest,census,3,82,P3-01,2,2,335,278,palms,2.0,2.0,partial,07:00,12:37,
WO-2025-0212-P-005,2025-02-12,pest,census,4,131,P4-01,9,9,4497,4062,palms,9.0,9.0,completed,07:18,13:44,
WO-2025-0212-P-006,2025-02-12,pest,census,5,173,P5-01,6,6,2610,1636,palms,6.0,6.0,partial,07:21,11:00,
WO-2025-0212-P-007,2025-02-12,pest,census,5,174,P5-01,3,4,1495,1158,palms,3.0,4.0,partial,07:01,12:12,
WO-2025-0212-P-008,2025-02-12,pest,census,6,208,P6-01,12,12,3458,3141,palms,12.0,12.0,completed,07:07,13:28,
WO-2025-0212-P-009,2025-02-12,pest,census,7,297,P7-01,12,11,3945,3729,palms,12.0,11.0,completed,07:12,13:45,
WO-2025-0212-P-010,2025-02-12,pest,treatment,1,7,P1-01,5,5,138,127,palms,5.0,5.0,completed,07:23,13:58,
WO-2025-0212-P-011,2025-02-12,pest,treatment,3,105,P3-01,1,1,104,89,palms,1.0,1.0,completed,07:04,13:04,
WO-2025-0212-P-012,2025-02-12,pest,treatment,5,182,P5-01,18,16,521,472,palms,18.0,16.0,completed,07:23,13:42,
WO-2025-0212-P-013,2025-02-12,pest,followup,6,249,P6-01,1,0,87,0,palms,1.0,0.0,not_started,07:03,,
WO-2025-0212-P-014,2025-02-12,pest,treatment,6,267,P6-01,1,1,47,47,palms,1.0,1.0,completed,07:09,13:57,
WO-2025-0213-P-001,2025-02-13,pest,census,1,11,P1-01,10,8,4589,3981,palms,10.0,8.0,completed,07:02,13:13,
WO-2025-0213-P-002,2025-02-13,pest,census,2,46,P2-01,8,9,4059,3144,palms,8.0,9.0,partial,06:59,12:40,
WO-2025-0213-P-003,2025-02-13,pest,census,3,83,P3-01,10,11,4965,3218,palms,10.0,11.0,partial,07:09,11:52,
WO-2025-0213-P-004,2025-02-13,pest,census,4,132,P4-01,9,10,4827,4015,palms,9.0,10.0,partial,06:59,13:01,
WO-2025-0213-P-005,2025-02-13,pest,census,5,176,P5-01,9,10,3735,3422,palms,9.0,10.0,completed,07:09,13:30,
WO-2025-0213-P-006,2025-02-13,pest,census,6,209,P6-01,12,13,3465,2567,palms,12.0,13.0,partial,06:59,12:21,
WO-2025-0213-P-007,2025-02-13,pest,census,7,298,P7-01,12,13,3585,2707,palms,12.0,13.0,partial,07:20,12:50,
WO-2025-0214-P-001,2025-02-14,pest,census,1,12,P1-01,10,11,3660,2571,palms,10.0,11.0,partial,07:10,12:23,
WO-2025-0214-P-002,2025-02-14,pest,census,2,47,P2-01,8,8,4050,3442,palms,8.0,8.0,partial,07:03,13:07,
WO-2025-0214-P-003,2025-02-14,pest,census,3,84,P3-01,10,10,4547,4261,palms,10.0,10.0,completed,07:03,13:33,
WO-2025-0214-P-004,2025-02-14,pest,census,4,133,P4-01,9,10,3830,3575,palms,9.0,10.0,completed,07:19,13:00,
WO-2025-0214-P-005,2025-02-14,pest,census,5,177,P5-01,9,10,4044,3342,palms,9.0,10.0,partial,07:24,13:12,
WO-2025-0214-P-006,2025-02-14,pest,census,6,210,P6-01,12,12,4466,2953,palms,12.0,12.0,partial,07:11,12:12,
WO-2025-0214-P-007,2025-02-14,pest,census,7,299,P7-01,12,11,3548,2637,palms,12.0,11.0,partial,06:59,12:04,
WO-2025-0215-P-001,2025-02-15,pest,census,1,13,P1-01,10,10,4481,3324,palms,10.0,10.0,partial,07:09,12:18,
WO-2025-0215-P-002,2025-02-15,pest,census,2,49,P2-01,8,9,3490,2683,palms,8.0,9.0,partial,07:06,12:21,
WO-2025-0215-P-003,2025-02-15,pest,census,3,85,P3-01,10,8,3171,2703,palms,10.0,8.0,completed,07:24,13:40,
WO-2025-0215-P-004,2025-02-15,pest,census,4,134,P4-01,9,7,5064,4824,palms,9.0,7.0,completed,07:07,14:04,
WO-2025-0215-P-005,2025-02-15,pest,census,5,178,P5-01,9,10,3940,2481,palms,9.0,10.0,partial,07:22,11:47,
WO-2025-0215-P-006,2025-02-15,pest,census,6,211,P6-01,12,11,3859,3361,palms,12.0,11.0,completed,07:08,13:03,
WO-2025-0215-P-007,2025-02-15,pest,census,7,300,P7-01,8,8,2719,2456,palms,8.0,8.0,completed,07:12,13:39,
WO-2025-0215-P-008,2025-02-15,pest,census,7,301,P7-01,4,4,1414,951,palms,4.0,4.0,partial,07:04,12:09,
WO-2025-0217-P-001,2025-02-17,pest,census,1,14,P1-01,10,9,4760,3637,palms,10.0,9.0,partial,07:20,13:02,
WO-2025-0217-P-002,2025-02-17,pest,census,2,50,P2-01,8,9,3655,2796,palms,8.0,9.0,partial,07:18,12:27,
WO-2025-0217-P-003,2025-02-17,pest,census,3,86,P3-01,10,9,5011,3290,palms,10.0,9.0,partial,07:05,11:54,
WO-2025-0217-P-004,2025-02-17,pest,census,4,135,P4-01,9,10,3879,2901,palms,9.0,10.0,partial,07:15,12:48,
WO-2025-0217-P-005,2025-02-17,pest,census,5,179,P5-01,9,9,3503,2852,palms,9.0,9.0,partial,07:00,12:47,
WO-2025-0217-P-006,2025-02-17,pest,census,6,212,P6-01,12,12,3842,2558,palms,12.0,12.0,partial,07:05,12:07,
WO-2025-0217-P-007,2025-02-17,pest,census,7,302,P7-01,12,12,3949,3003,palms,12.0,12.0,partial,06:55,12:16,
WO-2025-0217-P-008,2025-02-17,pest,treatment,7,344,P7-01,1,1,97,88,palms,1.0,1.0,completed,07:05,13:47,
WO-2025-0218-P-001,2025-02-18,pest,census,1,15,P1-01,10,8,4700,4073,palms,10.0,8.0,completed,07:04,13:28,
WO-2025-0218-P-002,2025-02-18,pest,census,2,51,P2-01,8,8,3946,3155,palms,8.0,8.0,partial,07:08,12:38,
WO-2025-0218-P-003,2025-02-18,pest,census,3,87,P3-01,10,10,4214,3692,palms,10.0,10.0,completed,07:05,13:09,
WO-2025-0218-P-004,2025-02-18,pest,census,4,136,P4-01,9,10,4573,3031,palms,9.0,10.0,partial,07:11,11:34,
WO-2025-0218-P-005,2025-02-18,pest,census,5,180,P5-01,9,9,4069,2668,palms,9.0,9.0,partial,07:15,12:03,
WO-2025-0218-P-006,2025-02-18,pest,census,6,213,P6-01,12,11,3897,2567,palms,12.0,11.0,partial,07:07,11:42,
WO-2025-0218-P-007,2025-02-18,pest,census,7,303,P7-01,12,12,4841,4373,palms,12.0,12.0,completed,07:24,13:40,
WO-2025-0218-P-008,2025-02-18,pest,followup,4,126,P4-01,1,0,24,0,palms,1.0,0.0,not_started,07:22,,
WO-2025-0219-P-001,2025-02-19,pest,census,1,16,P1-01,10,9,3871,3433,palms,10.0,9.0,completed,07:00,13:23,
WO-2025-0219-P-002,2025-02-19,pest,census,2,52,P2-01,8,8,3507,3085,palms,8.0,8.0,completed,07:03,13:23,
WO-2025-0219-P-003,2025-02-19,pest,census,3,88,P3-01,10,9,3650,3299,palms,10.0,9.0,completed,06:59,13:21,
WO-2025-0219-P-004,2025-02-19,pest,census,4,137,P4-01,9,9,4181,3918,palms,9.0,9.0,completed,07:18,14:00,
WO-2025-0219-P-005,2025-02-19,pest,census,5,181,P5-01,9,10,4278,4007,palms,9.0,10.0,completed,06:55,13:10,
WO-2025-0219-P-006,2025-02-19,pest,census,6,214,P6-01,12,12,4523,3589,palms,12.0,12.0,partial,07:01,12:20,
WO-2025-0219-P-007,2025-02-19,pest,census,7,304,P7-01,12,13,3910,2509,palms,12.0,13.0,partial,06:57,11:42,
WO-2025-0219-P-008,2025-02-19,pest,treatment,7,332,P7-01,6,5,167,145,palms,6.0,5.0,completed,06:58,12:48,
WO-2025-0220-P-001,2025-02-20,pest,census,1,17,P1-01,10,9,3449,2996,palms,10.0,9.0,completed,07:05,12:52,
WO-2025-0220-P-002,2025-02-20,pest,census,2,53,P2-01,8,9,4005,3624,palms,8.0,9.0,completed,07:23,13:40,
WO-2025-0220-P-003,2025-02-20,pest,census,3,89,P3-01,10,8,4020,2528,palms,10.0,8.0,partial,07:10,11:26,
WO-2025-0220-P-004,2025-02-20,pest,census,4,138,P4-01,9,10,5357,4533,palms,9.0,10.0,partial,06:58,12:52,
WO-2025-0220-P-005,2025-02-20,pest,census,5,182,P5-01,9,10,3277,2673,palms,9.0,10.0,partial,07:04,13:09,
WO-2025-0220-P-006,2025-02-20,pest,census,6,215,P6-01,12,12,4069,3365,palms,12.0,12.0,partial,07:06,13:05,
WO-2025-0220-P-007,2025-02-20,pest,census,7,305,P7-01,6,7,3613,3302,palms,6.0,7.0,completed,07:15,13:53,
WO-2025-0220-P-008,2025-02-20,pest,census,7,306,P7-01,6,6,3172,2080,palms,6.0,6.0,partial,07:21,11:43,
WO-2025-0220-P-009,2025-02-20,pest,treatment,7,335,P7-01,1,1,91,90,palms,1.0,1.0,completed,06:59,13:50,
WO-2025-0221-P-001,2025-02-21,pest,census,1,18,P1-01,10,10,2944,2605,palms,10.0,10.0,completed,07:21,13:23,
WO-2025-0221-P-002,2025-02-21,pest,census,2,54,P2-01,8,7,4046,3296,palms,8.0,7.0,partial,07:16,12:54,
WO-2025-0221-P-003,2025-02-21,pest,census,3,90,P3-01,10,10,3666,2811,palms,10.0,10.0,partial,07:15,12:32,
WO-2025-0221-P-004,2025-02-21,pest,census,4,139,P4-01,9,10,3636,2348,palms,9.0,10.0,partial,06:54,11:24,
WO-2025-0221-P-005,2025-02-21,pest,census,5,184,P5-01,9,9,2615,1908,palms,9.0,9.0,partial,07:22,12:51,
WO-2025-0221-P-006,2025-02-21,pest,census,6,216,P6-01,12,11,4164,3465,palms,12.0,11.0,partial,07:07,12:48,
WO-2025-0221-P-007,2025-02-21,pest,census,7,307,P7-01,5,5,1463,1096,palms,5.0,5.0,partial,07:06,12:09,
WO-2025-0221-P-008,2025-02-21,pest,census,7,308,P7-01,7,7,2160,1821,palms,7.0,7.0,partial,07:07,12:43,
WO-2025-0221-P-009,2025-02-21,pest,followup,4,133,P4-01,9,7,246,204,palms,9.0,7.0,partial,06:56,12:49,
WO-2025-0221-P-010,2025-02-21,pest,treatment,7,329,P7-01,5,4,145,108,palms,5.0,4.0,partial,06:55,12:14,
WO-2025-0222-P-001,2025-02-22,pest,census,1,19,P1-01,10,10,2769,2367,palms,10.0,10.0,completed,06:58,12:57,
WO-2025-0222-P-002,2025-02-22,pest,census,2,55,P2-01,8,10,4121,3806,palms,8.0,10.0,completed,07:01,13:30,
WO-2025-0222-P-003,2025-02-22,pest,census,3,91,P3-01,10,8,2256,1680,palms,10.0,8.0,partial,07:01,12:05,
WO-2025-0222-P-004,2025-02-22,pest,census,4,140,P4-01,9,8,3921,2649,palms,9.0,8.0,partial,07:02,11:52,
WO-2025-0222-P-005,2025-02-22,pest,census,5,185,P5-01,9,9,3823,2513,palms,9.0,9.0,partial,07:06,12:03,
WO-2025-0222-P-006,2025-02-22,pest,census,6,222,P6-01,12,12,3851,2931,palms,12.0,12.0,partial,07:15,12:23,
WO-2025-0222-P-007,2025-02-22,pest,census,7,309,P7-01,12,12,3378,2964,palms,12.0,12.0,completed,06:56,13:21,
WO-2025-0223-P-001,2025-02-23,pest,followup,3,103,P3-01,5,0,126,0,palms,5.0,0.0,not_started,07:19,,
WO-2025-0224-P-001,2025-02-24,pest,census,1,20,P1-01,10,10,2704,2383,palms,10.0,10.0,completed,07:17,13:16,
WO-2025-0224-P-002,2025-02-24,pest,census,2,56,P2-01,8,8,4163,2677,palms,8.0,8.0,partial,07:10,11:57,
WO-2025-0224-P-003,2025-02-24,pest,census,3,92,P3-01,10,10,4234,3535,palms,10.0,10.0,partial,07:22,12:58,
WO-2025-0224-P-004,2025-02-24,pest,census,4,141,P4-01,9,9,4127,3506,palms,9.0,9.0,partial,07:09,13:22,
WO-2025-0224-P-005,2025-02-24,pest,census,5,186,P5-01,9,9,3810,2432,palms,9.0,9.0,partial,07:17,11:30,
WO-2025-0224-P-006,2025-02-24,pest,census,6,223,P6-01,12,13,3914,2506,palms,12.0,13.0,partial,07:09,12:02,
WO-2025-0224-P-007,2025-02-24,pest,census,7,310,P7-01,12,13,4148,3522,palms,12.0,13.0,partial,07:19,13:01,
WO-2025-0224-P-008,2025-02-24,pest,followup,1,11,P1-01,15,11,425,328,palms,15.0,11.0,partial,07:08,12:17,
WO-2025-0224-P-009,2025-02-24,pest,followup,1,29,P1-01,1,1,77,53,palms,1.0,1.0,partial,06:56,11:28,
WO-2025-0224-P-010,2025-02-24,pest,treatment,6,379,P6-01,2,2,213,165,palms,2.0,2.0,partial,07:01,12:47,
WO-2025-0224-P-011,2025-02-24,pest,followup,7,307,P7-01,1,1,43,41,palms,1.0,1.0,completed,07:24,14:03,
WO-2025-0225-P-001,2025-02-25,pest,census,1,21,P1-01,10,10,4138,3815,palms,10.0,10.0,completed,07:17,13:41,
WO-2025-0225-P-002,2025-02-25,pest,census,2,57,P2-01,8,8,4103,3383,palms,8.0,8.0,partial,07:06,12:59,
WO-2025-0225-P-003,2025-02-25,pest,census,3,93,P3-01,10,10,5196,3904,palms,10.0,10.0,partial,07:14,12:34,
WO-2025-0225-P-004,2025-02-25,pest,census,4,142,P4-01,9,9,3642,3342,palms,9.0,9.0,completed,07:17,13:54,
WO-2025-0225-P-005,2025-02-25,pest,census,5,187,P5-01,9,10,4350,3187,palms,9.0,10.0,partial,07:20,12:35,
WO-2025-0225-P-006,2025-02-25,pest,census,6,230,P6-01,12,13,3775,3553,palms,12.0,13.0,completed,07:16,13:58,
WO-2025-0225-P-007,2025-02-25,pest,census,7,311,P7-01,12,12,4913,3166,palms,12.0,12.0,partial,07:20,11:45,
WO-2025-0225-P-008,2025-02-25,pest,treatment,3,101,P3-01,11,9,327,263,palms,11.0,9.0,partial,06:56,12:28,
WO-2025-0225-P-009,2025-02-25,pest,treatment,5,187,P5-01,10,8,298,235,palms,10.0,8.0,partial,07:02,12:45,
WO-2025-0225-P-010,2025-02-25,pest,treatment,6,260,P6-01,1,1,93,65,palms,1.0,1.0,partial,07:22,12:07,
WO-2025-0226-P-001,2025-02-26,pest,census,1,22,P1-01,10,10,4043,2757,palms,10.0,10.0,partial,07:13,12:22,
WO-2025-0226-P-002,2025-02-26,pest,census,2,58,P2-01,8,7,3959,2455,palms,8.0,7.0,partial,07:22,11:34,
WO-2025-0226-P-003,2025-02-26,pest,census,3,94,P3-01,10,10,2746,2596,palms,10.0,10.0,completed,07:10,13:45,
WO-2025-0226-P-004,2025-02-26,pest,census,4,143,P4-01,9,8,3572,2674,palms,9.0,8.0,partial,07:14,12:40,
WO-2025-0226-P-005,2025-02-26,pest,census,5,188,P5-01,9,10,4256,3262,palms,9.0,10.0,partial,07:08,12:28,
WO-2025-0226-P-006,2025-02-26,pest,census,6,245,P6-01,12,12,3819,2696,palms,12.0,12.0,partial,07:22,12:06,
WO-2025-0226-P-007,2025-02-26,pest,census,7,328,P7-01,7,7,3040,2013,palms,7.0,7.0,partial,07:03,11:43,
WO-2025-0226-P-008,2025-02-26,pest,census,7,329,P7-01,5,5,2563,2086,palms,5.0,5.0,partial,07:22,13:04,
WO-2025-0226-P-009,2025-02-26,pest,followup,3,85,P3-01,1,1,75,61,palms,1.0,1.0,partial,07:10,12:35,
WO-2025-0226-P-010,2025-02-26,pest,treatment,3,113,P3-01,2,2,214,162,palms,2.0,2.0,partial,07:01,12:32,
WO-2025-0226-P-011,2025-02-26,pest,followup,3,118,P3-01,1,0,25,0,palms,1.0,0.0,not_started,06:56,,
WO-2025-0226-P-012,2025-02-26,pest,followup,4,131,P4-01,10,0,285,0,palms,10.0,0.0,not_started,07:24,,
WO-2025-0226-P-013,2025-02-26,pest,treatment,5,200,P5-01,1,1,78,51,palms,1.0,1.0,partial,07:07,11:35,
WO-2025-0226-P-014,2025-02-26,pest,followup,5,201,P5-01,2,0,166,0,palms,2.0,0.0,not_started,07:21,,
WO-2025-0226-P-015,2025-02-26,pest,treatment,6,222,P6-01,1,1,75,66,palms,1.0,1.0,completed,07:09,13:16,
WO-2025-0227-P-001,2025-02-27,pest,census,1,23,P1-01,10,10,3932,2777,palms,10.0,10.0,partial,07:19,12:31,
WO-2025-0227-P-002,2025-02-27,pest,census,2,59,P2-01,8,7,4392,3364,palms,8.0,7.0,partial,06:56,12:30,
WO-2025-0227-P-003,2025-02-27,pest,census,3,95,P3-01,10,10,4193,3802,palms,10.0,10.0,completed,06:00,13:08,
WO-2025-0227-P-004,2025-02-27,pest,census,4,144,P4-01,9,8,3484,2703,palms,9.0,8.0,partial,06:00,12:48,
WO-2025-0227-P-005,2025-02-27,pest,census,5,189,P5-01,9,9,5082,3486,palms,9.0,9.0,partial,07:13,12:19,
WO-2025-0227-P-006,2025-02-27,pest,census,6,246,P6-01,7,7,2825,2104,palms,7.0,7.0,partial,07:07,12:31,
WO-2025-0227-P-007,2025-02-27,pest,census,6,247,P6-01,5,5,2012,1421,palms,5.0,5.0,partial,07:22,12:03,
WO-2025-0227-P-008,2025-02-27,pest,census,7,330,P7-01,5,6,2487,2326,palms,5.0,6.0,completed,07:02,13:20,
WO-2025-0227-P-009,2025-02-27,pest,census,7,331,P7-01,7,7,3002,2205,palms,7.0,7.0,partial,07:19,12:51,
WO-2025-0227-P-010,2025-02-27,pest,followup,1,23,P1-01,10,8,279,219,palms,10.0,8.0,partial,07:01,12:41,
WO-2025-0227-P-011,2025-02-27,pest,followup,3,86,P3-01,22,13,650,364,palms,22.0,13.0,partial,07:23,11:20,
WO-2025-0227-P-012,2025-02-27,pest,treatment,7,331,P7-01,11,10,322,278,palms,11.0,10.0,completed,07:04,13:05,
WO-2025-0227-P-013,2025-02-27,pest,treatment,7,346,P7-01,4,4,101,93,palms,4.0,4.0,completed,07:12,13:27,
WO-2025-0228-P-001,2025-02-28,pest,census,1,24,P1-01,10,11,3370,2364,palms,10.0,11.0,partial,07:00,11:47,
WO-2025-0228-P-002,2025-02-28,pest,census,2,60,P2-01,8,9,4239,3231,palms,8.0,9.0,partial,07:23,12:30,
WO-2025-0228-P-003,2025-02-28,pest,census,3,96,P3-01,10,9,4885,3224,palms,10.0,9.0,partial,07:04,11:29,
WO-2025-0228-P-004,2025-02-28,pest,census,4,145,P4-01,9,9,5029,4288,palms,9.0,9.0,completed,07:23,13:05,
WO-2025-0228-P-005,2025-02-28,pest,census,5,190,P5-01,9,10,4128,3909,palms,9.0,10.0,completed,07:22,14:06,
WO-2025-0228-P-006,2025-02-28,pest,census,6,248,P6-01,12,12,4222,3516,palms,12.0,12.0,partial,07:05,12:55,
WO-2025-0228-P-007,2025-02-28,pest,census,7,332,P7-01,12,9,3084,2479,palms,12.0,9.0,partial,07:16,13:15,
WO-2025-0228-P-008,2025-02-28,pest,followup,2,68,P2-01,1,0,86,0,palms,1.0,0.0,not_started,07:12,,
WO-2025-0228-P-009,2025-02-28,pest,treatment,3,105,P3-01,4,4,97,91,palms,4.0,4.0,completed,07:01,13:40,
WO-2025-0228-P-010,2025-02-28,pest,followup,7,345,P7-01,1,0,66,0,palms,1.0,0.0,not_started,07:09,,
WO-2025-0301-P-001,2025-03-01,pest,census,1,25,P1-01,7,8,4032,3492,palms,7.0,8.0,completed,07:19,13:08,
WO-2025-0301-P-002,2025-03-01,pest,census,2,62,P2-01,7,7,2642,1825,palms,7.0,7.0,partial,07:07,11:55,
WO-2025-0301-P-003,2025-03-01,pest,census,3,97,P3-01,8,7,3018,2234,palms,8.0,7.0,partial,07:16,12:45,
WO-2025-0301-P-004,2025-03-01,pest,census,4,146,P4-01,7,7,4014,3047,palms,7.0,7.0,partial,07:12,12:33,
WO-2025-0301-P-005,2025-03-01,pest,census,5,192,P5-01,7,6,1558,1223,palms,7.0,6.0,partial,06:58,12:36,
WO-2025-0301-P-006,2025-03-01,pest,census,6,249,P6-01,9,10,3487,2811,palms,9.0,10.0,partial,07:08,12:49,
WO-2025-0301-P-007,2025-03-01,pest,census,7,333,P7-01,9,8,3012,2746,palms,9.0,8.0,completed,07:21,13:50,
WO-2025-0301-P-008,2025-03-01,pest,followup,3,100,P3-01,1,0,119,0,palms,1.0,0.0,not_started,07:09,,
WO-2025-0301-P-009,2025-03-01,pest,treatment,6,263,P6-01,1,1,118,82,palms,1.0,1.0,partial,07:12,12:12,
WO-2025-0303-P-001,2025-03-03,pest,census,1,26,P1-01,7,8,3816,2935,palms,7.0,8.0,partial,07:03,12:26,
WO-2025-0303-P-002,2025-03-03,pest,census,2,63,P2-01,7,7,4281,3513,palms,7.0,7.0,partial,07:20,13:24,
WO-2025-0303-P-003,2025-03-03,pest,census,3,98,P3-01,8,8,4250,3656,palms,8.0,8.0,completed,07:22,13:14,
WO-2025-0303-P-004,2025-03-03,pest,census,4,147,P4-01,7,8,3647,2391,palms,7.0,8.0,partial,07:04,11:54,
WO-2025-0303-P-005,2025-03-03,pest,census,5,193,P5-01,7,3,4116,3383,palms,7.0,3.0,partial,07:18,12:56,
WO-2025-0303-P-006,2025-03-03,pest,census,6,250,P6-01,9,11,3470,2525,palms,9.0,11.0,partial,06:55,11:58,
WO-2025-0303-P-007,2025-03-03,pest,census,7,334,P7-01,9,9,3671,3012,palms,9.0,9.0,partial,07:02,12:40,
WO-2025-0303-P-008,2025-03-03,pest,followup,1,9,P1-01,1,1,76,64,palms,1.0,1.0,partial,07:11,13:24,
WO-2025-0304-P-001,2025-03-04,pest,census,1,27,P1-01,7,9,3886,3728,palms,7.0,9.0,completed,07:07,13:35,
WO-2025-0304-P-002,2025-03-04,pest,census,2,64,P2-01,7,5,3244,2244,palms,7.0,5.0,partial,07:12,11:45,
WO-2025-0304-P-003,2025-03-04,pest,census,3,99,P3-01,8,9,1952,1542,palms,8.0,9.0,partial,07:24,13:13,
WO-2025-0304-P-004,2025-03-04,pest,census,4,148,P4-01,7,7,4599,3293,palms,7.0,7.0,partial,07:22,12:20,
WO-2025-0304-P-005,2025-03-04,pest,census,5,194,P5-01,7,5,4121,3286,palms,7.0,5.0,partial,07:02,12:48,
WO-2025-0304-P-006,2025-03-04,pest,census,6,251,P6-01,9,10,3347,2639,palms,9.0,10.0,partial,06:59,12:32,
WO-2025-0304-P-007,2025-03-04,pest,census,7,335,P7-01,9,11,3592,2341,palms,9.0,11.0,partial,07:18,12:02,
WO-2025-0305-P-001,2025-03-05,pest,census,1,28,P1-01,7,7,3698,3406,palms,7.0,7.0,completed,07:14,13:25,
WO-2025-0305-P-002,2025-03-05,pest,census,2,65,P2-01,7,6,2086,1295,palms,7.0,6.0,partial,06:54,11:37,
WO-2025-0305-P-003,2025-03-05,pest,census,3,100,P3-01,8,10,3620,2478,palms,8.0,10.0,partial,07:00,12:01,
WO-2025-0305-P-004,2025-03-05,pest,census,4,149,P4-01,7,7,3652,2466,palms,7.0,7.0,partial,06:57,11:40,
WO-2025-0305-P-005,2025-03-05,pest,census,5,195,P5-01,7,7,3968,3571,palms,7.0,7.0,completed,07:18,13:37,
WO-2025-0305-P-006,2025-03-05,pest,census,6,252,P6-01,9,8,4169,3891,palms,9.0,8.0,completed,07:05,13:21,
WO-2025-0305-P-007,2025-03-05,pest,census,7,336,P7-01,9,9,3594,3397,palms,9.0,9.0,completed,07:05,13:53,
WO-2025-0305-P-008,2025-03-05,pest,treatment,1,27,P1-01,2,1,124,111,palms,2.0,1.0,completed,07:15,13:28,
WO-2025-0306-P-001,2025-03-06,pest,census,1,29,P1-01,7,8,3981,2743,palms,7.0,8.0,partial,07:11,12:01,
WO-2025-0306-P-002,2025-03-06,pest,census,2,66,P2-01,7,7,3884,3726,palms,7.0,7.0,completed,07:03,13:56,
WO-2025-0306-P-003,2025-03-06,pest,census,3,101,P3-01,8,8,5863,4760,palms,8.0,8.0,partial,07:12,13:06,
WO-2025-0306-P-004,2025-03-06,pest,census,4,150,P4-01,7,4,4328,2932,palms,7.0,4.0,partial,07:08,11:50,
WO-2025-0306-P-005,2025-03-06,pest,census,5,196,P5-01,7,6,4531,3644,palms,7.0,6.0,partial,07:17,12:42,
WO-2025-0306-P-006,2025-03-06,pest,census,6,253,P6-01,5,6,2770,1767,palms,5.0,6.0,partial,07:04,11:40,
WO-2025-0306-P-007,2025-03-06,pest,census,6,254,P6-01,4,5,2702,2482,palms,4.0,5.0,completed,07:15,13:27,
WO-2025-0306-P-008,2025-03-06,pest,census,7,337,P7-01,9,9,3824,3411,palms,9.0,9.0,completed,07:03,13:11,
WO-2025-0307-P-001,2025-03-07,pest,census,1,30,P1-01,7,6,3792,2646,palms,7.0,6.0,partial,06:56,11:41,
WO-2025-0307-P-002,2025-03-07,pest,census,2,67,P2-01,7,8,3696,2352,palms,7.0,8.0,partial,07:19,11:57,
WO-2025-0307-P-003,2025-03-07,pest,census,3,102,P3-01,8,7,3496,2803,palms,8.0,7.0,partial,07:06,12:41,
WO-2025-0307-P-004,2025-03-07,pest,census,4,151,P4-01,7,7,4293,3636,palms,7.0,7.0,partial,07:10,13:25,
WO-2025-0307-P-005,2025-03-07,pest,census,5,197,P5-01,7,5,4215,3651,palms,7.0,5.0,completed,06:54,12:44,
WO-2025-0307-P-006,2025-03-07,pest,census,6,255,P6-01,9,11,3854,3328,palms,9.0,11.0,completed,07:18,13:43,
WO-2025-0307-P-007,2025-03-07,pest,census,7,338,P7-01,9,9,3211,2537,palms,9.0,9.0,partial,07:06,12:56,
WO-2025-0308-P-001,2025-03-08,pest,census,1,31,P1-01,7,7,3897,2968,palms,7.0,7.0,partial,07:20,12:33,
WO-2025-0308-P-002,2025-03-08,pest,census,2,68,P2-01,7,8,2653,1937,palms,7.0,8.0,partial,07:04,12:26,
WO-2025-0308-P-003,2025-03-08,pest,census,3,103,P3-01,8,7,3488,2620,palms,8.0,7.0,partial,07:11,12:36,
WO-2025-0308-P-004,2025-03-08,pest,census,4,152,P4-01,7,9,4261,3968,palms,7.0,9.0,completed,07:10,13:44,
WO-2025-0308-P-005,2025-03-08,pest,census,5,198,P5-01,7,6,1407,1183,palms,7.0,6.0,partial,07:12,13:20,
WO-2025-0308-P-006,2025-03-08,pest,census,6,256,P6-01,9,11,3984,2819,palms,9.0,11.0,partial,06:55,12:03,
WO-2025-0308-P-007,2025-03-08,pest,census,7,339,P7-01,9,8,3998,2619,palms,9.0,8.0,partial,06:59,11:37,
WO-2025-0308-P-008,2025-03-08,pest,followup,3,120,P3-01,1,0,50,0,palms,1.0,0.0,not_started,06:57,,
WO-2025-0308-P-009,2025-03-08,pest,followup,4,129,P4-01,11,9,301,250,palms,11.0,9.0,partial,07:01,12:58,
WO-2025-0310-P-001,2025-03-10,pest,census,1,32,P1-01,7,7,3819,3323,palms,7.0,7.0,completed,07:17,13:31,
WO-2025-0310-P-002,2025-03-10,pest,census,2,69,P2-01,7,8,3889,3230,palms,7.0,8.0,partial,07:02,12:39,
WO-2025-0310-P-003,2025-03-10,pest,census,3,104,P3-01,8,9,4334,3799,palms,8.0,9.0,completed,07:20,13:23,
WO-2025-0310-P-004,2025-03-10,pest,census,4,153,P4-01,7,9,4870,3575,palms,7.0,9.0,partial,07:17,12:24,
WO-2025-0310-P-005,2025-03-10,pest,census,5,199,P5-01,7,8,2478,2250,palms,7.0,8.0,completed,06:58,13:28,
WO-2025-0310-P-006,2025-03-10,pest,census,6,257,P6-01,9,9,3717,3453,palms,9.0,9.0,completed,07:19,13:55,
WO-2025-0310-P-007,2025-03-10,pest,census,7,340,P7-01,9,9,4199,3404,palms,9.0,9.0,partial,07:15,12:57,
WO-2025-0310-P-008,2025-03-10,pest,followup,7,340,P7-01,1,0,65,0,palms,1.0,0.0,not_started,07:18,,
WO-2025-0311-P-001,2025-03-11,pest,census,1,33,P1-01,7,8,4201,3778,palms,7.0,8.0,completed,06:57,13:14,
WO-2025-0311-P-002,2025-03-11,pest,census,2,70,P2-01,7,5,3917,3533,palms,7.0,5.0,completed,07:11,13:20,
WO-2025-0311-P-003,2025-03-11,pest,census,3,105,P3-01,5,6,2491,2111,palms,5.0,6.0,partial,07:10,12:58,
WO-2025-0311-P-004,2025-03-11,pest,census,3,106,P3-01,3,3,1299,1025,palms,3.0,3.0,partial,07:04,12:23,
WO-2025-0311-P-005,2025-03-11,pest,census,4,154,P4-01,1,1,263,229,palms,1.0,1.0,completed,07:14,13:36,
WO-2025-0311-P-006,2025-03-11,pest,census,4,155,P4-01,6,6,1608,1160,palms,6.0,6.0,partial,06:56,12:13,
WO-2025-0311-P-007,2025-03-11,pest,census,5,200,P5-01,7,5,2888,1827,palms,7.0,5.0,partial,06:58,11:16,
WO-2025-0311-P-008,2025-03-11,pest,census,6,258,P6-01,2,3,1503,968,palms,2.0,3.0,partial,07:13,11:35,
WO-2025-0311-P-009,2025-03-11,pest,census,6,259,P6-01,7,8,4048,3016,palms,7.0,8.0,partial,06:59,12:26,
WO-2025-0311-P-010,2025-03-11,pest,census,7,341,P7-01,9,11,4316,3573,palms,9.0,11.0,partial,07:05,13:02,
WO-2025-0311-P-011,2025-03-11,pest,followup,1,33,P1-01,3,2,67,41,palms,3.0,2.0,partial,07:15,11:45,
WO-2025-0311-P-012,2025-03-11,pest,followup,6,271,P6-01,1,1,63,55,palms,1.0,1.0,completed,07:20,13:27,
WO-2025-0312-P-001,2025-03-12,pest,census,1,34,P1-01,7,7,3881,3241,palms,7.0,7.0,partial,06:00,12:55,
WO-2025-0312-P-002,2025-03-12,pest,census,2,71,P2-01,7,7,3840,3021,palms,7.0,7.0,partial,07:09,12:34,
WO-2025-0312-P-003,2025-03-12,pest,census,3,107,P3-01,8,10,4267,3590,palms,8.0,10.0,partial,07:01,13:09,
WO-2025-0312-P-004,2025-03-12,pest,census,4,156,P4-01,7,9,3083,1974,palms,7.0,9.0,partial,06:57,11:17,
WO-2025-0312-P-005,2025-03-12,pest,census,5,201,P5-01,7,7,5218,3735,palms,7.0,7.0,partial,07:11,12:10,
WO-2025-0312-P-006,2025-03-12,pest,census,6,260,P6-01,4,4,2145,1561,palms,4.0,4.0,partial,07:08,12:14,
WO-2025-0312-P-007,2025-03-12,pest,census,6,261,P6-01,5,5,2699,2040,palms,5.0,5.0,partial,07:11,12:13,
WO-2025-0312-P-008,2025-03-12,pest,census,7,342,P7-01,9,11,4108,3395,palms,9.0,11.0,partial,07:19,13:21,
WO-2025-0312-P-009,2025-03-12,pest,treatment,1,18,P1-01,1,1,66,65,palms,1.0,1.0,completed,07:23,14:38,
WO-2025-0312-P-010,2025-03-12,pest,followup,2,59,P2-01,1,0,67,0,palms,1.0,0.0,not_started,07:07,,
WO-2025-0312-P-011,2025-03-12,pest,treatment,6,204,P6-01,2,2,196,170,palms,2.0,2.0,completed,07:23,13:41,
WO-2025-0313-P-001,2025-03-13,pest,census,1,35,P1-01,7,9,4389,3237,palms,7.0,9.0,partial,07:04,12:25,
WO-2025-0313-P-002,2025-03-13,pest,census,2,72,P2-01,7,7,3858,3512,palms,7.0,7.0,completed,07:03,13:19,
WO-2025-0313-P-003,2025-03-13,pest,census,3,108,P3-01,8,8,5309,4620,palms,8.0,8.0,completed,06:59,13:15,
WO-2025-0313-P-004,2025-03-13,pest,census,4,157,P4-01,7,10,4702,3745,palms,7.0,10.0,partial,07:07,12:42,
WO-2025-0313-P-005,2025-03-13,pest,census,5,202,P5-01,7,6,4242,3259,palms,7.0,6.0,partial,06:56,12:16,
WO-2025-0313-P-006,2025-03-13,pest,census,6,262,P6-01,9,10,3619,2889,palms,9.0,10.0,partial,07:12,12:36,
WO-2025-0313-P-007,2025-03-13,pest,census,7,343,P7-01,9,9,3763,2766,palms,9.0,9.0,partial,07:02,12:08,
WO-2025-0313-P-008,2025-03-13,pest,treatment,4,126,P4-01,1,1,18,14,palms,1.0,1.0,partial,07:02,12:47,
WO-2025-0313-P-009,2025-03-13,pest,treatment,5,179,P5-01,26,18,764,525,palms,26.0,18.0,partial,06:55,11:58,
WO-2025-0314-P-001,2025-03-14,pest,census,1,36,P1-01,7,7,4013,2562,palms,7.0,7.0,partial,07:23,12:08,
WO-2025-0314-P-002,2025-03-14,pest,census,2,73,P2-01,7,7,4006,3656,palms,7.0,7.0,completed,07:06,13:38,
WO-2025-0314-P-003,2025-03-14,pest,census,3,109,P3-01,8,10,3437,2840,palms,8.0,10.0,partial,07:10,12:40,
WO-2025-0314-P-004,2025-03-14,pest,census,4,158,P4-01,7,8,4535,3693,palms,7.0,8.0,partial,07:02,12:00,
WO-2025-0314-P-005,2025-03-14,pest,census,5,373,P5-01,7,5,472,318,palms,7.0,5.0,partial,06:55,11:44,
WO-2025-0314-P-006,2025-03-14,pest,census,6,263,P6-01,9,10,3887,3363,palms,9.0,10.0,completed,07:17,13:35,
WO-2025-0314-P-007,2025-03-14,pest,census,7,344,P7-01,9,8,3336,2876,palms,9.0,8.0,completed,07:15,13:11,
WO-2025-0314-P-008,2025-03-14,pest,followup,1,4,P1-01,9,0,244,0,palms,9.0,0.0,not_started,07:22,,
WO-2025-0314-P-009,2025-03-14,pest,followup,3,102,P3-01,1,0,86,0,palms,1.0,0.0,not_started,07:19,,
WO-2025-0315-P-001,2025-03-15,pest,census,1,37,P1-01,7,7,4094,2839,palms,7.0,7.0,partial,06:54,11:56,
WO-2025-0315-P-002,2025-03-15,pest,census,2,74,P2-01,7,8,3947,3407,palms,7.0,8.0,completed,07:04,13:17,
WO-2025-0315-P-003,2025-03-15,pest,census,3,110,P3-01,8,9,3372,2224,palms,8.0,9.0,partial,06:55,11:22,
WO-2025-0315-P-004,2025-03-15,pest,census,4,159,P4-01,7,8,3688,2711,palms,7.0,8.0,partial,07:05,12:03,
WO-2025-0315-P-005,2025-03-15,pest,census,6,264,P6-01,4,4,1610,1009,palms,4.0,4.0,partial,07:11,11:25,
WO-2025-0315-P-006,2025-03-15,pest,census,6,265,P6-01,5,7,2332,1853,palms,5.0,7.0,partial,07:15,12:53,
WO-2025-0315-P-007,2025-03-15,pest,census,7,345,P7-01,9,10,3793,3268,palms,9.0,10.0,completed,07:18,13:04,
WO-2025-0316-P-001,2025-03-16,pest,followup,4,128,P4-01,16,0,474,0,palms,16.0,0.0,not_started,07:21,,
WO-2025-0317-P-001,2025-03-17,pest,census,1,38,P1-01,7,5,3951,2821,palms,7.0,5.0,partial,07:02,11:55,
WO-2025-0317-P-002,2025-03-17,pest,census,2,382,P2-01,7,7,3895,2942,palms,7.0,7.0,partial,07:15,12:19,
WO-2025-0317-P-003,2025-03-17,pest,census,3,111,P3-01,8,7,5351,4688,palms,8.0,7.0,completed,07:18,13:27,
WO-2025-0317-P-004,2025-03-17,pest,census,4,160,P4-01,7,7,4768,3656,palms,7.0,7.0,partial,06:58,12:37,
WO-2025-0317-P-005,2025-03-17,pest,census,6,266,P6-01,9,10,3832,2641,palms,9.0,10.0,partial,07:03,11:53,
WO-2025-0317-P-006,2025-03-17,pest,census,7,346,P7-01,9,9,3374,2293,palms,9.0,9.0,partial,07:07,11:48,
WO-2025-0317-P-007,2025-03-17,pest,treatment,3,97,P3-01,1,1,86,70,palms,1.0,1.0,partial,07:20,13:16,
WO-2025-0317-P-008,2025-03-17,pest,followup,7,304,P7-01,1,1,82,34,palms,1.0,1.0,partial,07:04,10:01,
WO-2025-0318-P-001,2025-03-18,pest,census,1,39,P1-01,7,7,4108,3547,palms,7.0,7.0,completed,06:56,13:03,
WO-2025-0318-P-002,2025-03-18,pest,census,3,112,P3-01,8,7,3064,2674,palms,8.0,7.0,completed,07:16,13:07,
WO-2025-0318-P-003,2025-03-18,pest,census,4,163,P4-01,3,4,1805,1484,palms,3.0,4.0,partial,06:57,12:40,
WO-2025-0318-P-004,2025-03-18,pest,census,4,164,P4-01,4,4,1892,1202,palms,4.0,4.0,partial,07:16,11:39,
WO-2025-0318-P-005,2025-03-18,pest,census,6,267,P6-01,9,8,2409,1954,palms,9.0,8.0,partial,07:05,12:29,
WO-2025-0318-P-006,2025-03-18,pest,census,7,347,P7-01,9,9,4257,2692,palms,9.0,9.0,partial,07:13,12:01,
WO-2025-0318-P-007,2025-03-18,pest,treatment,3,370,P3-01,1,1,9,8,palms,1.0,1.0,completed,06:58,12:59,
WO-2025-0319-P-001,2025-03-19,pest,census,3,113,P3-01,8,10,3712,3071,palms,8.0,10.0,partial,07:16,13:21,
WO-2025-0319-P-002,2025-03-19,pest,census,4,165,P4-01,7,8,2407,1855,palms,7.0,8.0,partial,07:10,12:25,
WO-2025-0319-P-003,2025-03-19,pest,census,6,268,P6-01,4,5,2581,2123,palms,4.0,5.0,partial,07:11,13:08,
WO-2025-0319-P-004,2025-03-19,pest,census,6,269,P6-01,5,6,2736,1998,palms,5.0,6.0,partial,07:03,11:55,
WO-2025-0319-P-005,2025-03-19,pest,census,7,348,P7-01,9,9,4086,3064,palms,9.0,9.0,partial,07:10,12:31,
WO-2025-0319-P-006,2025-03-19,pest,treatment,5,190,P5-01,14,12,397,344,palms,14.0,12.0,completed,07:17,13:17,
WO-2025-0320-P-001,2025-03-20,pest,census,3,114,P3-01,4,5,2427,2146,palms,4.0,5.0,completed,07:19,13:46,
WO-2025-0320-P-002,2025-03-20,pest,census,3,115,P3-01,4,5,2889,2420,palms,4.0,5.0,partial,07:00,12:37,
WO-2025-0320-P-003,2025-03-20,pest,census,4,166,P4-01,7,7,2139,1387,palms,7.0,7.0,partial,06:58,11:48,
WO-2025-0320-P-004,2025-03-20,pest,census,6,270,P6-01,4,4,1903,1742,palms,4.0,4.0,completed,07:03,13:38,
WO-2025-0320-P-005,2025-03-20,pest,census,6,271,P6-01,5,7,2796,2528,palms,5.0,7.0,completed,07:21,13:48,
WO-2025-0320-P-006,2025-03-20,pest,treatment,3,87,P3-01,17,15,493,450,palms,17.0,15.0,completed,07:20,13:44,
WO-2025-0320-P-007,2025-03-20,pest,treatment,4,145,P4-01,3,2,346,173,palms,3.0,2.0,partial,07:18,10:42,
WO-2025-0321-P-001,2025-03-21,pest,census,3,116,P3-01,3,4,1650,1387,palms,3.0,4.0,partial,07:09,13:16,
WO-2025-0321-P-002,2025-03-21,pest,census,3,117,P3-01,2,3,1358,1219,palms,2.0,3.0,completed,07:08,13:13,
WO-2025-0321-P-003,2025-03-21,pest,census,3,118,P3-01,3,4,1427,1302,palms,3.0,4.0,completed,07:16,13:33,
WO-2025-0321-P-004,2025-03-21,pest,census,6,272,P6-01,9,10,3285,2284,palms,9.0,10.0,partial,07:03,11:50,
WO-2025-0321-P-005,2025-03-21,pest,followup,2,72,P2-01,3,0,62,0,palms,3.0,0.0,not_started,06:59,,
WO-2025-0322-P-001,2025-03-22,pest,census,3,119,P3-01,1,1,502,333,palms,1.0,1.0,partial,07:04,11:54,
WO-2025-0322-P-002,2025-03-22,pest,census,3,120,P3-01,4,4,1680,1244,palms,4.0,4.0,partial,07:09,12:16,
WO-2025-0322-P-003,2025-03-22,pest,census,3,121,P3-01,1,2,622,553,palms,1.0,2.0,completed,07:03,13:02,
WO-2025-0322-P-004,2025-03-22,pest,census,3,369,P3-01,1,1,391,361,palms,1.0,1.0,completed,06:55,13:30,
WO-2025-0322-P-005,2025-03-22,pest,census,3,370,P3-01,1,1,292,274,palms,1.0,1.0,completed,07:10,14:07,
WO-2025-0322-P-006,2025-03-22,pest,census,6,379,P6-01,9,10,5372,4608,palms,9.0,10.0,completed,06:00,13:12,
WO-2025-0323-P-001,2025-03-23,pest,followup,1,33,P1-01,1,0,78,0,palms,1.0,0.0,not_started,07:08,,
WO-2025-0324-P-001,2025-03-24,pest,census,6,380,P6-01,9,6,4207,2703,palms,9.0,6.0,partial,07:21,11:34,
WO-2025-0324-P-002,2025-03-24,pest,followup,2,70,P2-01,1,1,101,75,palms,1.0,1.0,partial,06:56,12:05,
WO-2025-0324-P-003,2025-03-24,pest,followup,6,252,P6-01,1,0,87,0,palms,1.0,0.0,not_started,07:19,,
WO-2025-0326-P-001,2025-03-26,pest,treatment,4,142,P4-01,3,3,66,66,palms,3.0,3.0,completed,07:01,13:51,
WO-2025-0327-P-001,2025-03-27,pest,followup,2,40,P2-01,1,1,40,28,palms,1.0,1.0,partial,06:58,11:35,
WO-2025-0329-P-001,2025-03-29,pest,followup,4,135,P4-01,1,1,116,100,palms,1.0,1.0,completed,07:04,13:08,
WO-2025-0330-P-001,2025-03-30,pest,followup,4,152,P4-01,5,0,143,0,palms,5.0,0.0,not_started,07:20,,
WO-2025-0331-P-001,2025-03-31,pest,followup,1,24,P1-01,5,3,137,86,palms,5.0,3.0,partial,07:18,11:27,
WO-2025-0331-P-002,2025-03-31,pest,treatment,2,74,P2-01,2,2,141,128,palms,2.0,2.0,completed,07:16,13:52,
WO-2025-0331-P-003,2025-03-31,pest,followup,3,82,P3-01,1,0,6,0,palms,1.0,0.0,not_started,07:07,,
WO-2025-0401-P-001,2025-04-01,pest,followup,4,132,P4-01,11,11,319,312,palms,11.0,11.0,completed,07:13,14:11,
WO-2025-0403-P-001,2025-04-03,pest,followup,3,112,P3-01,1,1,85,49,palms,1.0,1.0,partial,07:24,11:33,
WO-2025-0403-P-002,2025-04-03,pest,followup,3,121,P3-01,1,1,16,9,palms,1.0,1.0,partial,07:16,10:00,
WO-2025-0404-P-001,2025-04-04,pest,treatment,1,16,P1-01,2,2,174,156,palms,2.0,2.0,completed,06:54,13:20,
WO-2025-0404-P-002,2025-04-04,pest,followup,2,41,P2-01,1,0,63,0,palms,1.0,0.0,not_started,07:24,,
WO-2025-0405-P-001,2025-04-05,pest,treatment,7,347,P7-01,1,1,149,139,palms,1.0,1.0,completed,06:56,13:11,
WO-2025-0406-P-001,2025-04-06,pest,followup,4,151,P4-01,1,0,117,0,palms,1.0,0.0,not_started,07:15,,
WO-2025-0407-P-001,2025-04-07,pest,treatment,1,12,P1-01,23,19,683,570,palms,23.0,19.0,partial,07:11,13:23,
WO-2025-0407-P-002,2025-04-07,pest,treatment,1,19,P1-01,1,1,94,82,palms,1.0,1.0,completed,06:55,13:22,
WO-2025-0407-P-003,2025-04-07,pest,treatment,4,139,P4-01,10,8,287,235,palms,10.0,8.0,partial,07:23,13:10,
WO-2025-0408-P-001,2025-04-08,pest,treatment,5,170,P5-01,15,13,450,375,palms,15.0,13.0,partial,06:55,12:28,
WO-2025-0409-P-001,2025-04-09,pest,followup,7,289,P7-01,1,0,74,0,palms,1.0,0.0,not_started,07:02,,
WO-2025-0410-P-001,2025-04-10,pest,treatment,2,43,P2-01,2,1,144,108,palms,2.0,1.0,partial,07:18,12:31,
WO-2025-0410-P-002,2025-04-10,pest,treatment,2,57,P2-01,2,1,129,112,palms,2.0,1.0,completed,07:17,13:03,
WO-2025-0411-P-001,2025-04-11,pest,treatment,4,160,P4-01,2,2,148,148,palms,2.0,2.0,completed,07:16,14:03,
WO-2025-0412-P-001,2025-04-12,pest,treatment,1,19,P1-01,4,3,102,81,palms,4.0,3.0,partial,07:11,12:47,
WO-2025-0412-P-002,2025-04-12,pest,treatment,1,28,P1-01,6,5,172,141,palms,6.0,5.0,partial,07:16,12:42,
WO-2025-0412-P-003,2025-04-12,pest,treatment,7,302,P7-01,6,6,152,152,palms,6.0,6.0,completed,06:58,14:02,
WO-2025-0414-P-001,2025-04-14,pest,treatment,1,26,P1-01,10,10,296,274,palms,10.0,10.0,completed,06:55,13:40,
WO-2025-0414-P-002,2025-04-14,pest,followup,7,335,P7-01,8,5,237,148,palms,8.0,5.0,partial,06:54,11:16,
WO-2025-0417-P-001,2025-04-17,pest,treatment,3,81,P3-01,3,3,81,81,palms,3.0,3.0,completed,07:17,14:29,
WO-2025-0418-P-001,2025-04-18,pest,treatment,1,8,P1-01,18,15,538,430,palms,18.0,15.0,partial,07:16,12:56,
WO-2025-0418-P-002,2025-04-18,pest,followup,1,32,P1-01,1,0,67,0,palms,1.0,0.0,not_started,06:00,,
WO-2025-0419-P-001,2025-04-19,pest,treatment,5,373,P5-01,1,1,14,12,palms,1.0,1.0,completed,07:07,13:23,
WO-2025-0419-P-002,2025-04-19,pest,treatment,7,348,P7-01,1,1,70,62,palms,1.0,1.0,completed,07:05,13:10,
WO-2025-0421-P-001,2025-04-21,pest,treatment,1,21,P1-01,4,3,101,82,palms,4.0,3.0,partial,07:04,12:47,
WO-2025-0421-P-002,2025-04-21,pest,followup,3,101,P3-01,1,1,105,77,palms,1.0,1.0,partial,06:54,12:08,
WO-2025-0421-P-003,2025-04-21,pest,followup,4,146,P4-01,8,0,236,0,palms,8.0,0.0,not_started,07:15,,
WO-2025-0421-P-004,2025-04-21,pest,treatment,5,189,P5-01,3,2,314,207,palms,3.0,2.0,partial,07:22,11:50,
WO-2025-0421-P-005,2025-04-21,pest,treatment,5,193,P5-01,6,5,153,138,palms,6.0,5.0,completed,07:02,13:14,
WO-2025-0421-P-006,2025-04-21,pest,treatment,6,268,P6-01,1,1,72,57,palms,1.0,1.0,partial,07:23,12:48,
WO-2025-0422-P-001,2025-04-22,pest,followup,3,80,P3-01,3,0,77,0,palms,3.0,0.0,not_started,07:04,,
WO-2025-0422-P-002,2025-04-22,pest,treatment,4,164,P4-01,1,1,38,34,palms,1.0,1.0,completed,07:16,13:44,
WO-2025-0424-P-001,2025-04-24,pest,followup,1,17,P1-01,1,0,58,0,palms,1.0,0.0,not_started,06:58,,
WO-2025-0424-P-002,2025-04-24,pest,treatment,3,96,P3-01,2,2,232,134,palms,2.0,2.0,partial,07:14,11:37,
WO-2025-0424-P-003,2025-04-24,pest,treatment,3,108,P3-01,3,2,261,223,palms,3.0,2.0,completed,07:14,13:19,
WO-2025-0425-P-001,2025-04-25,pest,treatment,3,99,P3-01,5,5,148,123,palms,5.0,5.0,partial,07:00,12:44,
WO-2025-0425-P-002,2025-04-25,pest,followup,5,169,P5-01,10,8,280,238,palms,10.0,8.0,partial,07:05,13:14,
WO-2025-0426-P-001,2025-04-26,pest,followup,5,177,P5-01,1,0,120,0,palms,1.0,0.0,not_started,07:02,,
WO-2025-0428-P-001,2025-04-28,pest,treatment,4,158,P4-01,2,1,125,106,palms,2.0,1.0,partial,07:12,13:31,
WO-2025-0428-P-002,2025-04-28,pest,followup,7,330,P7-01,3,2,79,50,palms,3.0,2.0,partial,07:17,11:48,
WO-2025-0429-P-001,2025-04-29,pest,treatment,6,245,P6-01,1,1,68,68,palms,1.0,1.0,completed,07:13,14:06,
WO-2025-0430-P-001,2025-04-30,pest,followup,1,6,P1-01,1,0,23,0,palms,1.0,0.0,not_started,07:17,,
WO-2025-0430-P-002,2025-04-30,pest,followup,1,36,P1-01,2,0,157,0,palms,2.0,0.0,not_started,07:11,,
WO-2025-0430-P-003,2025-04-30,pest,followup,7,309,P7-01,1,0,107,0,palms,1.0,0.0,not_started,06:56,,
WO-2025-0501-P-001,2025-05-01,pest,followup,3,97,P3-01,5,4,135,109,palms,5.0,4.0,partial,07:09,13:11,
WO-2025-0502-P-001,2025-05-02,pest,treatment,4,137,P4-01,1,1,107,104,palms,1.0,1.0,completed,07:18,14:22,
WO-2025-0502-P-002,2025-05-02,pest,followup,7,340,P7-01,12,9,355,248,palms,12.0,9.0,partial,07:03,12:05,
WO-2025-0503-P-001,2025-05-03,pest,followup,3,86,P3-01,2,0,234,0,palms,2.0,0.0,not_started,07:04,,
WO-2025-0503-P-002,2025-05-03,pest,followup,4,134,P4-01,15,0,424,0,palms,15.0,0.0,not_started,07:06,,
WO-2025-0505-P-001,2025-05-05,pest,followup,1,2,P1-01,13,0,373,0,palms,13.0,0.0,not_started,07:17,,
WO-2025-0505-P-002,2025-05-05,pest,followup,3,83,P3-01,2,2,196,183,palms,2.0,2.0,completed,07:03,13:30,
WO-2025-0505-P-003,2025-05-05,pest,followup,4,136,P4-01,9,8,245,227,palms,9.0,8.0,completed,06:54,13:18,
WO-2025-0505-P-004,2025-05-05,pest,treatment,6,254,P6-01,1,1,50,44,palms,1.0,1.0,completed,06:59,13:13,
WO-2025-0505-P-005,2025-05-05,pest,followup,7,293,P7-01,1,1,78,51,palms,1.0,1.0,partial,07:07,11:33,
WO-2025-0505-P-006,2025-05-05,pest,followup,7,310,P7-01,3,2,66,58,palms,3.0,2.0,completed,07:08,13:12,
WO-2025-0506-P-001,2025-05-06,pest,census,1,1,P1-01,2,2,790,596,palms,2.0,2.0,partial,07:20,12:32,
WO-2025-0506-P-002,2025-05-06,pest,census,1,2,P1-01,8,8,2412,2169,palms,8.0,8.0,completed,07:21,13:42,
WO-2025-0506-P-003,2025-05-06,pest,census,2,40,P2-01,9,9,2419,1619,palms,9.0,9.0,partial,07:04,11:27,
WO-2025-0506-P-004,2025-05-06,pest,census,3,75,P3-01,10,10,4982,3541,palms,10.0,10.0,partial,07:16,12:00,
WO-2025-0506-P-005,2025-05-06,pest,census,4,122,P4-01,5,5,1842,1291,palms,5.0,5.0,partial,06:54,11:47,
WO-2025-0506-P-006,2025-05-06,pest,census,4,123,P4-01,4,4,1518,1205,palms,4.0,4.0,partial,07:17,12:55,
WO-2025-0506-P-007,2025-05-06,pest,census,5,168,P5-01,8,9,5088,3546,palms,8.0,9.0,partial,07:21,12:02,
WO-2025-0506-P-008,2025-05-06,pest,census,6,203,P6-01,12,13,6142,4680,palms,12.0,13.0,partial,07:22,12:37,
WO-2025-0506-P-009,2025-05-06,pest,census,7,287,P7-01,4,4,1843,1191,palms,4.0,4.0,partial,07:09,11:27,
WO-2025-0506-P-010,2025-05-06,pest,census,7,288,P7-01,2,2,900,704,palms,2.0,2.0,partial,06:56,12:43,
WO-2025-0506-P-011,2025-05-06,pest,census,7,289,P7-01,5,5,2379,2083,palms,5.0,5.0,completed,07:02,13:04,
WO-2025-0506-P-012,2025-05-06,pest,treatment,1,18,P1-01,4,4,115,115,palms,4.0,4.0,completed,07:16,14:14,
WO-2025-0507-P-001,2025-05-07,pest,census,1,3,P1-01,5,5,1916,1190,palms,5.0,5.0,partial,06:54,10:58,
WO-2025-0507-P-002,2025-05-07,pest,census,1,4,P1-01,5,5,1855,1704,palms,5.0,5.0,completed,07:07,13:34,
WO-2025-0507-P-003,2025-05-07,pest,census,2,41,P2-01,9,8,3546,3381,palms,9.0,8.0,completed,06:58,13:51,
WO-2025-0507-P-004,2025-05-07,pest,census,3,76,P3-01,10,10,3976,3758,palms,10.0,10.0,completed,06:56,13:27,
WO-2025-0507-P-005,2025-05-07,pest,census,4,124,P4-01,4,4,1503,1040,palms,4.0,4.0,partial,07:13,11:50,
WO-2025-0507-P-006,2025-05-07,pest,census,4,125,P4-01,2,2,943,595,palms,2.0,2.0,partial,07:02,11:22,
WO-2025-0507-P-007,2025-05-07,pest,census,4,126,P4-01,2,2,869,721,palms,2.0,2.0,partial,07:03,12:40,
WO-2025-0507-P-008,2025-05-07,pest,census,4,127,P4-01,1,1,417,333,palms,1.0,1.0,partial,07:14,12:40,
WO-2025-0507-P-009,2025-05-07,pest,census,5,169,P5-01,8,7,4816,3707,palms,8.0,7.0,partial,07:08,12:38,
WO-2025-0507-P-010,2025-05-07,pest,census,6,204,P6-01,12,13,4638,3332,palms,12.0,13.0,partial,07:14,12:09,
WO-2025-0507-P-011,2025-05-07,pest,census,7,290,P7-01,11,9,2977,2665,palms,11.0,9.0,completed,07:07,13:23,
WO-2025-0507-P-012,2025-05-07,pest,treatment,2,62,P2-01,1,1,90,70,palms,1.0,1.0,partial,07:02,12:21,
WO-2025-0507-P-013,2025-05-07,pest,followup,3,84,P3-01,1,1,98,78,palms,1.0,1.0,partial,07:20,13:05,
WO-2025-0508-P-001,2025-05-08,pest,census,1,5,P1-01,3,3,1218,892,palms,3.0,3.0,partial,07:09,12:01,
WO-2025-0508-P-002,2025-05-08,pest,census,1,6,P1-01,2,2,957,715,palms,2.0,2.0,partial,06:54,12:15,
WO-2025-0508-P-003,2025-05-08,pest,census,1,7,P1-01,5,5,2181,2059,palms,5.0,5.0,completed,07:11,13:58,
WO-2025-0508-P-004,2025-05-08,pest,census,2,42,P2-01,9,8,3937,2757,palms,9.0,8.0,partial,07:01,12:03,
WO-2025-0508-P-005,2025-05-08,pest,census,3,77,P3-01,10,11,4004,3256,palms,10.0,11.0,partial,06:55,12:26,
WO-2025-0508-P-006,2025-05-08,pest,census,4,128,P4-01,9,9,4246,2791,palms,9.0,9.0,partial,07:03,11:35,
WO-2025-0508-P-007,2025-05-08,pest,census,5,170,P5-01,8,8,4069,2812,palms,8.0,8.0,partial,07:17,12:13,
WO-2025-0508-P-008,2025-05-08,pest,census,6,205,P6-01,12,11,3432,2997,palms,12.0,11.0,completed,07:04,13:26,
WO-2025-0508-P-009,2025-05-08,pest,census,7,291,P7-01,11,10,3505,3293,palms,11.0,10.0,completed,07:08,13:58,
WO-2025-0508-P-010,2025-05-08,pest,treatment,1,5,P1-01,9,9,269,269,palms,9.0,9.0,completed,07:23,14:22,
WO-2025-0508-P-011,2025-05-08,pest,treatment,2,64,P2-01,1,1,109,100,palms,1.0,1.0,completed,07:18,13:29,
WO-2025-0508-P-012,2025-05-08,pest,treatment,5,189,P5-01,21,19,619,550,palms,21.0,19.0,completed,06:00,13:04,
WO-2025-0508-P-013,2025-05-08,pest,treatment,7,339,P7-01,20,13,583,389,palms,20.0,13.0,partial,07:04,11:54,
WO-2025-0509-P-001,2025-05-09,pest,census,1,8,P1-01,10,10,4399,2901,palms,10.0,10.0,partial,07:13,12:10,
WO-2025-0509-P-002,2025-05-09,pest,census,2,43,P2-01,9,9,4081,2835,palms,9.0,9.0,partial,07:19,11:55,
WO-2025-0509-P-003,2025-05-09,pest,census,3,78,P3-01,10,11,3962,3128,palms,10.0,11.0,partial,07:23,12:40,
WO-2025-0509-P-004,2025-05-09,pest,census,4,129,P4-01,9,9,3176,2764,palms,9.0,9.0,completed,07:11,13:22,
WO-2025-0509-P-005,2025-05-09,pest,census,5,171,P5-01,8,8,3156,2095,palms,8.0,8.0,partial,07:04,11:29,
WO-2025-0509-P-006,2025-05-09,pest,census,6,206,P6-01,12,12,3368,2816,palms,12.0,12.0,partial,07:11,13:02,
WO-2025-0509-P-007,2025-05-09,pest,census,7,292,P7-01,5,5,2599,2334,palms,5.0,5.0,completed,07:07,13:21,
WO-2025-0509-P-008,2025-05-09,pest,census,7,293,P7-01,6,6,3360,2475,palms,6.0,6.0,partial,07:08,12:03,
WO-2025-0509-P-009,2025-05-09,pest,treatment,3,104,P3-01,4,4,110,98,palms,4.0,4.0,completed,06:58,13:27,
WO-2025-0509-P-010,2025-05-09,pest,treatment,7,338,P7-01,1,1,95,81,palms,1.0,1.0,completed,07:19,13:26,
WO-2025-0510-P-001,2025-05-10,pest,census,1,9,P1-01,10,9,3614,3133,palms,10.0,9.0,completed,07:23,13:19,
WO-2025-0510-P-002,2025-05-10,pest,census,2,44,P2-01,9,9,3707,2336,palms,9.0,9.0,partial,07:03,11:13,
WO-2025-0510-P-003,2025-05-10,pest,census,3,79,P3-01,6,6,2545,2241,palms,6.0,6.0,completed,06:58,13:25,
WO-2025-0510-P-004,2025-05-10,pest,census,3,80,P3-01,4,4,1673,1276,palms,4.0,4.0,partial,07:12,12:36,
WO-2025-0510-P-005,2025-05-10,pest,census,4,130,P4-01,9,8,4465,3218,palms,9.0,8.0,partial,07:03,11:50,
WO-2025-0510-P-006,2025-05-10,pest,census,5,172,P5-01,8,8,3585,2934,palms,8.0,8.0,partial,06:59,12:50,
WO-2025-0510-P-007,2025-05-10,pest,census,6,207,P6-01,12,12,3903,2575,palms,12.0,12.0,partial,07:03,11:52,
WO-2025-0510-P-008,2025-05-10,pest,census,7,294,P7-01,5,6,1634,1567,palms,5.0,6.0,completed,07:11,13:38,
WO-2025-0510-P-009,2025-05-10,pest,census,7,295,P7-01,6,6,1725,1495,palms,6.0,6.0,completed,07:03,13:11,
WO-2025-0510-P-010,2025-05-10,pest,followup,4,125,P4-01,2,0,41,0,palms,2.0,0.0,not_started,07:17,,
WO-2025-0512-P-001,2025-05-12,pest,census,1,10,P1-01,10,11,4061,2907,palms,10.0,11.0,partial,07:09,12:27,
WO-2025-0512-P-002,2025-05-12,pest,census,2,45,P2-01,9,9,3815,2908,palms,9.0,9.0,partial,06:57,12:17,
WO-2025-0512-P-003,2025-05-12,pest,census,3,81,P3-01,2,2,1024,907,palms,2.0,2.0,completed,07:07,13:32,
WO-2025-0512-P-004,2025-05-12,pest,census,3,82,P3-01,1,1,335,274,palms,1.0,1.0,partial,06:59,12:51,
WO-2025-0512-P-005,2025-05-12,pest,census,3,83,P3-01,8,9,4965,4607,palms,8.0,9.0,completed,07:03,13:33,
WO-2025-0512-P-006,2025-05-12,pest,census,4,131,P4-01,9,8,4497,3756,palms,9.0,8.0,partial,06:57,12:36,
WO-2025-0512-P-007,2025-05-12,pest,census,5,173,P5-01,8,8,2610,2139,palms,8.0,8.0,partial,07:17,13:01,
WO-2025-0512-P-008,2025-05-12,pest,census,6,208,P6-01,12,12,3458,2300,palms,12.0,12.0,partial,07:09,11:33,
WO-2025-0512-P-009,2025-05-12,pest,census,7,296,P7-01,11,12,3632,2556,palms,11.0,12.0,partial,07:00,12:06,
WO-2025-0512-P-010,2025-05-12,pest,treatment,4,124,P4-01,3,3,75,75,palms,3.0,3.0,completed,07:14,14:18,
WO-2025-0512-P-011,2025-05-12,pest,treatment,5,179,P5-01,1,1,67,67,palms,1.0,1.0,completed,06:56,14:15,
WO-2025-0512-P-012,2025-05-12,pest,followup,6,207,P6-01,1,1,89,72,palms,1.0,1.0,partial,07:23,13:03,
WO-2025-0512-P-013,2025-05-12,pest,treatment,6,209,P6-01,2,1,123,107,palms,2.0,1.0,completed,07:05,13:02,
WO-2025-0513-P-001,2025-05-13,pest,census,1,11,P1-01,10,10,4589,4051,palms,10.0,10.0,completed,07:10,13:15,
WO-2025-0513-P-002,2025-05-13,pest,census,2,46,P2-01,9,9,4059,2551,palms,9.0,9.0,partial,07:17,11:24,
WO-2025-0513-P-003,2025-05-13,pest,census,3,84,P3-01,10,9,4547,2872,palms,10.0,9.0,partial,07:24,11:35,
WO-2025-0513-P-004,2025-05-13,pest,census,4,132,P4-01,9,9,4827,4146,palms,9.0,9.0,completed,06:00,13:05,
WO-2025-0513-P-005,2025-05-13,pest,census,5,174,P5-01,8,8,1495,1381,palms,8.0,8.0,completed,07:07,13:51,
WO-2025-0513-P-006,2025-05-13,pest,census,6,209,P6-01,12,13,3465,2187,palms,12.0,13.0,partial,07:14,11:40,
WO-2025-0513-P-007,2025-05-13,pest,census,7,297,P7-01,11,11,3945,2450,palms,11.0,11.0,partial,07:04,11:43,
WO-2025-0513-P-008,2025-05-13,pest,followup,3,105,P3-01,1,0,89,0,palms,1.0,0.0,not_started,06:59,,
WO-2025-0513-P-009,2025-05-13,pest,followup,6,267,P6-01,1,0,47,0,palms,1.0,0.0,not_started,07:15,,
WO-2025-0513-P-010,2025-05-13,pest,followup,7,342,P7-01,16,13,456,380,palms,16.0,13.0,partial,06:00,13:06,
WO-2025-0514-P-001,2025-05-14,pest,census,1,12,P1-01,10,10,3660,2627,palms,10.0,10.0,partial,07:22,12:44,
WO-2025-0514-P-002,2025-05-14,pest,census,2,47,P2-01,9,10,4050,3608,palms,9.0,10.0,completed,07:05,13:20,
WO-2025-0514-P-003,2025-05-14,pest,census,3,85,P3-01,10,9,3171,2302,palms,10.0,9.0,partial,07:22,12:47,
WO-2025-0514-P-004,2025-05-14,pest,census,4,133,P4-01,9,8,3830,3213,palms,9.0,8.0,partial,07:20,13:02,
WO-2025-0514-P-005,2025-05-14,pest,census,5,176,P5-01,8,10,3735,2990,palms,8.0,10.0,partial,07:13,12:43,
WO-2025-0514-P-006,2025-05-14,pest,census,6,210,P6-01,12,13,4466,3599,palms,12.0,13.0,partial,07:22,13:03,
WO-2025-0514-P-007,2025-05-14,pest,census,7,298,P7-01,11,12,3585,3063,palms,11.0,12.0,completed,07:05,13:19,
WO-2025-0514-P-008,2025-05-14,pest,followup,6,255,P6-01,1,1,54,46,palms,1.0,1.0,completed,07:01,12:54,
WO-2025-0515-P-001,2025-05-15,pest,census,1,13,P1-01,10,9,4481,3749,palms,10.0,9.0,partial,06:57,12:31,
WO-2025-0515-P-002,2025-05-15,pest,census,2,49,P2-01,9,7,3490,2282,palms,9.0,7.0,partial,07:19,12:06,
WO-2025-0515-P-003,2025-05-15,pest,census,3,86,P3-01,10,11,5011,4318,palms,10.0,11.0,completed,07:08,13:09,
WO-2025-0515-P-004,2025-05-15,pest,census,4,134,P4-01,9,9,5064,4383,palms,9.0,9.0,completed,07:04,13:27,
WO-2025-0515-P-005,2025-05-15,pest,census,5,177,P5-01,8,9,4044,2800,palms,8.0,9.0,partial,06:57,11:32,
WO-2025-0515-P-006,2025-05-15,pest,census,6,211,P6-01,12,13,3859,3196,palms,12.0,13.0,partial,07:04,12:44,
WO-2025-0515-P-007,2025-05-15,pest,census,7,299,P7-01,11,11,3548,2244,palms,11.0,11.0,partial,06:57,11:20,
WO-2025-0515-P-008,2025-05-15,pest,followup,1,35,P1-01,2,2,164,164,palms,2.0,2.0,completed,07:17,14:22,
WO-2025-0516-P-001,2025-05-16,pest,census,1,14,P1-01,10,9,4760,3994,palms,10.0,9.0,partial,07:08,13:08,
WO-2025-0516-P-002,2025-05-16,pest,census,2,50,P2-01,9,8,3655,2788,palms,9.0,8.0,partial,07:14,12:27,
WO-2025-0516-P-003,2025-05-16,pest,census,3,87,P3-01,10,9,4214,3057,palms,10.0,9.0,partial,07:22,12:32,
WO-2025-0516-P-004,2025-05-16,pest,census,4,135,P4-01,9,9,3879,3062,palms,9.0,9.0,partial,07:20,13:05,
WO-2025-0516-P-005,2025-05-16,pest,census,5,178,P5-01,8,8,3940,2749,palms,8.0,8.0,partial,07:14,11:52,
WO-2025-0516-P-006,2025-05-16,pest,census,6,212,P6-01,12,10,3842,2863,palms,12.0,10.0,partial,07:02,12:23,
WO-2025-0516-P-007,2025-05-16,pest,census,7,300,P7-01,7,8,2719,2416,palms,7.0,8.0,completed,06:55,13:12,
WO-2025-0516-P-008,2025-05-16,pest,census,7,301,P7-01,4,4,1414,1175,palms,4.0,4.0,partial,07:05,12:41,
WO-2025-0517-P-001,2025-05-17,pest,census,1,15,P1-01,10,10,4700,3027,palms,10.0,10.0,partial,07:21,11:44,
WO-2025-0517-P-002,2025-05-17,pest,census,2,51,P2-01,9,7,3946,3189,palms,9.0,7.0,partial,07:07,12:31,
WO-2025-0517-P-003,2025-05-17,pest,census,3,88,P3-01,10,10,3650,2269,palms,10.0,10.0,partial,07:02,11:28,
WO-2025-0517-P-004,2025-05-17,pest,census,4,136,P4-01,9,8,4573,2963,palms,9.0,8.0,partial,07:16,11:32,
WO-2025-0517-P-005,2025-05-17,pest,census,5,179,P5-01,8,7,3503,3094,palms,8.0,7.0,completed,07:18,13:15,
WO-2025-0517-P-006,2025-05-17,pest,census,6,213,P6-01,12,11,3897,2824,palms,12.0,11.0,partial,07:14,12:11,
WO-2025-0517-P-007,2025-05-17,pest,census,7,302,P7-01,11,11,3949,2979,palms,11.0,11.0,partial,07:01,12:19,
WO-2025-0517-P-008,2025-05-17,pest,followup,4,144,P4-01,6,5,166,122,palms,6.0,5.0,partial,07:23,12:31,
WO-2025-0517-P-009,2025-05-17,pest,followup,7,344,P7-01,1,0,88,0,palms,1.0,0.0,not_started,07:00,,
WO-2025-0519-P-001,2025-05-19,pest,census,1,16,P1-01,10,10,3871,2985,palms,10.0,10.0,partial,07:08,12:54,
WO-2025-0519-P-002,2025-05-19,pest,census,2,52,P2-01,9,8,3507,3137,palms,9.0,8.0,completed,07:08,13:09,
WO-2025-0519-P-003,2025-05-19,pest,census,3,89,P3-01,10,11,4020,3078,palms,10.0,11.0,partial,07:21,12:35,
WO-2025-0519-P-004,2025-05-19,pest,census,4,137,P4-01,9,8,4181,3158,palms,9.0,8.0,partial,07:05,12:33,
WO-2025-0519-P-005,2025-05-19,pest,census,5,180,P5-01,8,9,4069,3750,palms,8.0,9.0,completed,07:09,13:26,
WO-2025-0519-P-006,2025-05-19,pest,census,6,214,P6-01,12,12,4523,4318,palms,12.0,12.0,completed,07:09,13:53,
WO-2025-0519-P-007,2025-05-19,pest,census,7,303,P7-01,11,9,4841,3777,palms,11.0,9.0,partial,07:02,12:42,
WO-2025-0520-P-001,2025-05-20,pest,census,1,17,P1-01,10,9,3449,2322,palms,10.0,9.0,partial,07:01,11:58,
WO-2025-0520-P-002,2025-05-20,pest,census,2,53,P2-01,9,8,4005,3478,palms,9.0,8.0,completed,07:03,12:54,
WO-2025-0520-P-003,2025-05-20,pest,census,3,90,P3-01,10,11,3666,3085,palms,10.0,11.0,partial,07:06,12:45,
WO-2025-0520-P-004,2025-05-20,pest,census,4,138,P4-01,9,9,5357,4139,palms,9.0,9.0,partial,07:02,12:26,
WO-2025-0520-P-005,2025-05-20,pest,census,5,181,P5-01,8,9,4278,3946,palms,8.0,9.0,completed,06:56,13:31,
WO-2025-0520-P-006,2025-05-20,pest,census,6,215,P6-01,12,12,4069,3624,palms,12.0,12.0,completed,06:00,13:01,
WO-2025-0520-P-007,2025-05-20,pest,census,7,304,P7-01,11,12,3910,2520,palms,11.0,12.0,partial,07:18,11:33,
WO-2025-0521-P-001,2025-05-21,pest,census,1,18,P1-01,10,7,2944,2324,palms,10.0,7.0,partial,07:19,12:35,
WO-2025-0521-P-002,2025-05-21,pest,census,2,54,P2-01,9,7,4046,3663,palms,9.0,7.0,completed,07:08,13:35,
WO-2025-0521-P-003,2025-05-21,pest,census,3,91,P3-01,10,9,2256,2099,palms,10.0,9.0,completed,06:55,13:25,
WO-2025-0521-P-004,2025-05-21,pest,census,4,139,P4-01,9,9,3636,3147,palms,9.0,9.0,completed,07:10,12:58,
WO-2025-0521-P-005,2025-05-21,pest,census,5,182,P5-01,8,7,3277,2224,palms,8.0,7.0,partial,07:10,11:38,
WO-2025-0521-P-006,2025-05-21,pest,census,6,216,P6-01,12,13,4164,3911,palms,12.0,13.0,completed,06:54,13:16,
WO-2025-0521-P-007,2025-05-21,pest,census,7,305,P7-01,6,7,3613,2487,palms,6.0,7.0,partial,07:05,11:53,
WO-2025-0521-P-008,2025-05-21,pest,census,7,306,P7-01,5,6,3172,3031,palms,5.0,6.0,completed,07:14,14:14,
WO-2025-0521-P-009,2025-05-21,pest,followup,4,122,P4-01,8,0,219,0,palms,8.0,0.0,not_started,07:12,,
WO-2025-0521-P-010,2025-05-21,pest,followup,7,335,P7-01,1,0,90,0,palms,1.0,0.0,not_started,07:01,,
WO-2025-0522-P-001,2025-05-22,pest,census,1,19,P1-01,10,10,2769,2037,palms,10.0,10.0,partial,06:55,12:17,
WO-2025-0522-P-002,2025-05-22,pest,census,2,55,P2-01,9,7,4121,3357,palms,9.0,7.0,partial,07:12,12:58,
WO-2025-0522-P-003,2025-05-22,pest,census,3,92,P3-01,10,8,4234,3004,palms,10.0,8.0,partial,07:09,12:01,
WO-2025-0522-P-004,2025-05-22,pest,census,4,140,P4-01,9,9,3921,3356,palms,9.0,9.0,completed,07:17,13:05,
WO-2025-0522-P-005,2025-05-22,pest,census,5,184,P5-01,8,7,2615,2153,palms,8.0,7.0,partial,06:57,12:53,
WO-2025-0522-P-006,2025-05-22,pest,census,6,222,P6-01,12,13,3851,3187,palms,12.0,13.0,partial,07:14,12:50,
WO-2025-0522-P-007,2025-05-22,pest,census,7,307,P7-01,4,5,1463,949,palms,4.0,5.0,partial,07:22,12:12,
WO-2025-0522-P-008,2025-05-22,pest,census,7,308,P7-01,7,7,2160,1373,palms,7.0,7.0,partial,07:17,12:03,
WO-2025-0523-P-001,2025-05-23,pest,census,1,20,P1-01,10,10,2704,2327,palms,10.0,10.0,completed,07:05,13:30,
WO-2025-0523-P-002,2025-05-23,pest,census,2,56,P2-01,9,9,4163,3270,palms,9.0,9.0,partial,07:14,12:59,
WO-2025-0523-P-003,2025-05-23,pest,census,3,93,P3-01,10,10,5196,4066,palms,10.0,10.0,partial,07:12,12:57,
WO-2025-0523-P-004,2025-05-23,pest,census,4,141,P4-01,9,8,4127,3058,palms,9.0,8.0,partial,07:12,12:18,
WO-2025-0523-P-005,2025-05-23,pest,census,5,185,P5-01,8,8,3823,3328,palms,8.0,8.0,completed,06:55,13:25,
WO-2025-0523-P-006,2025-05-23,pest,census,6,223,P6-01,12,12,3914,2482,palms,12.0,12.0,partial,07:04,11:53,
WO-2025-0523-P-007,2025-05-23,pest,census,7,309,P7-01,11,11,3378,2418,palms,11.0,11.0,partial,07:03,12:13,
WO-2025-0523-P-008,2025-05-23,pest,followup,1,16,P1-01,10,0,297,0,palms,10.0,0.0,not_started,07:21,,
