# SYNTHETIC. Palm census. NO table in the 138-table EPMS schema can hold an infected palm, and the only proxy in the export - grading deductions - is degenerate at 0.25% mean. This entire domain is invented. Ganoderma is generated as decaying foci rather than scattered at random, because that is how basal stem rot actually spreads and a random map would be obviously false.
round,census_date,division_code,block_code,palms_planted,palms_inspected,coverage_pct,ganoderma_confirmed,ganoderma_suspect,beetle_damaged,rat_damaged,palms_felled
R1,2024-11-15,1,1,790,650,82.4,45,69,10,5,13
R2,2025-02-15,1,1,790,627,79.4,49,82,11,4,14
R3,2025-05-15,1,1,790,596,75.5,52,91,12,4,21
R1,2024-11-15,1,2,2412,1737,72.0,144,277,19,8,30
R2,2025-02-15,1,2,2412,1963,81.4,185,295,24,9,57
R3,2025-05-15,1,2,2412,2169,90.0,230,344,30,10,58
R1,2024-11-15,1,3,1916,1720,89.8,154,303,12,4,35
R2,2025-02-15,1,3,1916,1827,95.4,186,346,14,5,0
R3,2025-05-15,1,3,1916,1190,62.2,136,280,10,3,53
R1,2024-11-15,1,4,1855,1163,62.7,119,234,15,5,43
R2,2025-02-15,1,4,1855,1380,74.4,161,267,20,7,18
R3,2025-05-15,1,4,1855,1704,91.9,223,421,28,8,76
R1,2024-11-15,1,5,1218,911,74.8,100,164,4,0,13
R2,2025-02-15,1,5,1218,1025,84.2,129,212,6,0,30
R3,2025-05-15,1,5,1218,892,73.3,126,194,6,0,21
R1,2024-11-15,1,6,957,749,78.3,83,155,9,6,34
R2,2025-02-15,1,6,957,845,88.4,107,204,12,7,36
R3,2025-05-15,1,6,957,715,74.8,102,175,11,6,16
R1,2024-11-15,1,7,2181,1553,71.2,51,99,15,11,1
R2,2025-02-15,1,7,2181,1768,81.1,66,125,19,13,8
R3,2025-05-15,1,7,2181,2059,94.4,87,155,25,15,27
R1,2024-11-15,1,8,4399,3316,75.4,178,298,48,0,74
R2,2025-02-15,1,8,4399,4211,95.7,258,391,69,0,94
R3,2025-05-15,1,8,4399,2901,65.9,199,301,53,0,0
R1,2024-11-15,1,9,3614,3162,87.5,192,369,39,0,15
R2,2025-02-15,1,9,3614,2946,81.5,204,295,42,0,70
R3,2025-05-15,1,9,3614,3133,86.7,244,370,50,0,11
R1,2024-11-15,1,10,4061,3209,79.0,239,417,32,17,63
R2,2025-02-15,1,10,4061,3848,94.8,327,521,45,21,95
R3,2025-05-15,1,10,4061,2907,71.6,277,491,38,16,73
R1,2024-11-15,1,11,4589,3005,65.5,252,383,33,0,40
R2,2025-02-15,1,11,4589,3981,86.8,381,710,50,0,0
R3,2025-05-15,1,11,4589,4051,88.3,435,822,57,0,118
R1,2024-11-15,1,12,3660,2810,76.8,225,446,17,18,25
R2,2025-02-15,1,12,3660,2571,70.3,235,431,18,16,67
R3,2025-05-15,1,12,3660,2627,71.8,270,515,20,17,115
R1,2024-11-15,1,13,4481,3083,68.8,261,458,35,5,59
R2,2025-02-15,1,13,4481,3324,74.2,321,668,43,5,43
R3,2025-05-15,1,13,4481,3749,83.7,407,604,55,6,33
R1,2024-11-15,1,14,4760,3799,79.8,286,443,15,11,98
R2,2025-02-15,1,14,4760,3637,76.4,312,473,17,10,50
R3,2025-05-15,1,14,4760,3994,83.9,384,781,21,11,154
R1,2024-11-15,1,15,4700,4272,90.9,262,470,48,3,49
R2,2025-02-15,1,15,4700,4073,86.7,285,568,52,3,123
R3,2025-05-15,1,15,4700,3027,64.4,238,384,44,2,60
R1,2024-11-15,1,16,3871,2474,63.9,120,242,44,26,23
R2,2025-02-15,1,16,3871,3433,88.7,190,354,70,36,34
R3,2025-05-15,1,16,3871,2985,77.1,186,351,68,31,38
R1,2024-11-15,1,17,3449,2800,81.2,98,161,37,23,23
R2,2025-02-15,1,17,3449,2996,86.9,119,201,46,24,34
R3,2025-05-15,1,17,3449,2322,67.3,104,153,40,19,18
R1,2024-11-15,1,18,2944,2357,80.1,76,139,45,14,27
R2,2025-02-15,1,18,2944,2605,88.5,96,181,57,16,5
R3,2025-05-15,1,18,2944,2324,78.9,97,182,57,14,17
R1,2024-11-15,1,19,2769,2474,89.4,45,79,38,26,0
R2,2025-02-15,1,19,2769,2367,85.5,49,99,41,25,20
R3,2025-05-15,1,19,2769,2037,73.6,47,82,40,21,11
R1,2024-11-15,1,20,2704,1884,69.7,20,41,31,9,7
R2,2025-02-15,1,20,2704,2383,88.2,29,56,46,11,2
R3,2025-05-15,1,20,2704,2327,86.1,32,47,50,11,9
R1,2024-11-15,1,21,4138,3836,92.7,61,113,33,0,3
R2,2025-02-15,1,21,4138,3815,92.2,69,106,38,0,5
R3,2025-05-15,1,21,4138,3354,81.1,69,144,37,0,24
R1,2024-11-15,1,22,4043,3379,83.6,78,141,64,19,6
R2,2025-02-15,1,22,4043,2757,68.2,73,148,60,16,1
R3,2025-05-15,1,22,4043,3398,84.1,101,205,83,19,3
R1,2024-11-15,1,23,3932,3386,86.1,104,202,60,9,16
R2,2025-02-15,1,23,3932,2777,70.6,97,179,56,7,31
R3,2025-05-15,1,23,3932,3586,91.2,141,234,82,9,10
R1,2024-11-15,1,24,3370,2525,74.9,83,133,27,0,22
R2,2025-02-15,1,24,3370,2364,70.2,89,135,29,0,13
R3,2025-05-15,1,24,3370,2929,86.9,124,227,40,0,9
R1,2024-11-15,1,25,4032,3468,86.0,120,210,42,21,13
R2,2025-02-15,1,25,4032,3492,86.6,138,268,48,21,29
R3,2025-05-15,1,25,4032,3196,79.3,142,233,49,19,55
R1,2024-11-15,1,26,3816,2664,69.8,91,156,25,17,29
R2,2025-02-15,1,26,3816,2935,76.9,114,225,32,19,11
R3,2025-05-15,1,26,3816,3090,81.0,135,204,38,20,11
R1,2024-11-15,1,27,3886,3579,92.1,160,334,47,7,71
R2,2025-02-15,1,27,3886,3728,96.0,191,291,56,8,64
R3,2025-05-15,1,27,3886,2866,73.8,164,323,48,6,52
R1,2024-11-15,1,28,3698,2966,80.2,95,183,34,2,30
R2,2025-02-15,1,28,3698,3406,92.1,124,179,45,2,19
R3,2025-05-15,1,28,3698,2998,81.1,123,251,44,2,43
R1,2024-11-15,1,29,3981,2487,62.5,61,108,37,15,14
R2,2025-02-15,1,29,3981,2743,68.9,77,121,47,16,17
R3,2025-05-15,1,29,3981,3492,87.7,110,199,68,21,34
R1,2024-11-15,1,30,3792,3588,94.6,98,181,29,21,41
R2,2025-02-15,1,30,3792,2646,69.8,82,164,25,15,5
R3,2025-05-15,1,30,3792,3513,92.7,123,178,37,20,5
R1,2024-11-15,1,31,3897,3444,88.4,45,85,56,35,12
R2,2025-02-15,1,31,3897,2968,76.2,44,69,55,30,8
R3,2025-05-15,1,31,3897,3232,83.0,54,90,67,33,4
R1,2024-11-15,1,32,3819,2651,69.4,19,40,38,9,8
R2,2025-02-15,1,32,3819,3323,87.0,28,39,55,11,0
R3,2025-05-15,1,32,3819,2807,73.5,26,42,52,9,4
R1,2024-11-15,1,33,4201,3732,88.9,45,94,54,27,13
R2,2025-02-15,1,33,4201,3778,89.9,52,88,62,28,17
R3,2025-05-15,1,33,4201,3695,88.0,57,88,69,27,25
R1,2024-11-15,1,34,3881,3339,86.0,25,46,25,0,10
R2,2025-02-15,1,34,3881,3241,83.5,27,46,28,0,11
R3,2025-05-15,1,34,3881,2667,68.7,25,39,26,0,1
R1,2024-11-15,1,35,4389,3638,82.9,23,46,85,23,8
R2,2025-02-15,1,35,4389,3237,73.8,23,48,86,20,6
R3,2025-05-15,1,35,4389,3460,78.9,28,53,103,22,8
R1,2024-11-15,1,36,4013,3812,95.0,14,22,66,35,4
R2,2025-02-15,1,36,4013,2562,63.9,11,22,51,24,0
R3,2025-05-15,1,36,4013,2502,62.4,12,17,56,23,4
R1,2024-11-15,1,37,4094,2898,70.8,14,29,35,11,3
R2,2025-02-15,1,37,4094,2839,69.4,16,28,39,11,6
R3,2025-05-15,1,37,4094,2780,67.9,17,34,43,11,3
R1,2024-11-15,1,38,3951,2486,62.9,2,3,19,21,0
R2,2025-02-15,1,38,3951,2821,71.4,3,6,25,24,0
R3,2025-05-15,1,38,3951,3366,85.2,4,6,34,29,1
R1,2024-11-15,1,39,4108,2957,72.0,15,28,48,30,5
R2,2025-02-15,1,39,4108,3547,86.4,21,29,66,37,9
R3,2025-05-15,1,39,4108,3538,86.1,23,47,73,36,5
R1,2024-11-15,2,40,2419,1519,62.8,6,11,21,2,0
R2,2025-02-15,2,40,2419,1610,66.6,8,13,25,2,1
R3,2025-05-15,2,40,2419,1619,66.9,9,17,28,2,3
R1,2024-11-15,2,41,3546,3353,94.6,28,47,41,1,4
R2,2025-02-15,2,41,3546,2858,80.6,27,41,40,1,0
R3,2025-05-15,2,41,3546,3381,95.3,36,66,53,1,3
R1,2024-11-15,2,42,3937,2547,64.7,8,15,41,12,1
R2,2025-02-15,2,42,3937,3389,86.1,12,23,63,16,2
R3,2025-05-15,2,42,3937,2757,70.0,11,23,58,13,1
R1,2024-11-15,2,43,4081,2756,67.5,8,14,34,18,0
R2,2025-02-15,2,43,4081,3481,85.3,12,17,49,23,2
R3,2025-05-15,2,43,4081,2835,69.5,11,22,45,19,2
R1,2024-11-15,2,44,3707,3066,82.7,23,38,35,5,7
R2,2025-02-15,2,44,3707,2653,71.6,23,48,34,4,1
R3,2025-05-15,2,44,3707,2336,63.0,22,31,34,4,0
R1,2024-11-15,2,45,3815,2996,78.5,36,74,13,15,13
R2,2025-02-15,2,45,3815,2428,63.7,33,61,12,12,11
R3,2025-05-15,2,45,3815,2908,76.3,45,93,16,15,5
R1,2024-11-15,2,46,4059,3615,89.1,28,41,39,7,3
R2,2025-02-15,2,46,4059,3144,77.5,27,56,39,6,1
R3,2025-05-15,2,46,4059,2551,62.9,25,47,35,5,2
R1,2024-11-15,2,47,4050,2905,71.7,16,30,34,0,5
R2,2025-02-15,2,47,4050,3442,85.0,21,38,46,0,8
R3,2025-05-15,2,47,4050,3608,89.1,25,44,54,0,1
R1,2024-11-15,2,49,3490,2646,75.8,11,21,39,4,4
R2,2025-02-15,2,49,3490,2683,76.9,13,25,45,4,1
R3,2025-05-15,2,49,3490,2282,65.4,12,20,43,3,0
R1,2024-11-15,2,50,3655,3452,94.5,16,32,27,4,1
R2,2025-02-15,2,50,3655,2796,76.5,15,27,25,3,4
R3,2025-05-15,2,50,3655,2788,76.3,17,24,28,3,3
R1,2024-11-15,2,51,3946,3707,94.0,16,33,50,16,2
R2,2025-02-15,2,51,3946,3155,80.0,16,27,49,13,1
R3,2025-05-15,2,51,3946,3189,80.8,18,30,55,13,7
R1,2024-11-15,2,52,3507,3185,90.8,15,27,60,4,2
R2,2025-02-15,2,52,3507,3085,88.0,16,26,66,4,5
R3,2025-05-15,2,52,3507,3137,89.5,19,38,76,4,0
R1,2024-11-15,2,53,4005,3545,88.5,14,27,36,6,3
R2,2025-02-15,2,53,4005,3624,90.5,16,28,42,6,6
R3,2025-05-15,2,53,4005,3478,86.9,18,26,45,5,1
R1,2024-11-15,2,54,4046,2734,67.6,9,16,33,18,1
R2,2025-02-15,2,54,4046,3296,81.5,12,21,45,22,3
R3,2025-05-15,2,54,4046,3663,90.5,15,21,56,25,1
R1,2024-11-15,2,55,4121,2909,70.6,15,29,47,8,1
R2,2025-02-15,2,55,4121,3806,92.4,22,42,70,11,2
R3,2025-05-15,2,55,4121,3357,81.5,22,39,69,9,6
R1,2024-11-15,2,56,4163,2603,62.5,0,0,38,26,0
R2,2025-02-15,2,56,4163,2677,64.3,0,0,45,27,0
R3,2025-05-15,2,56,4163,3270,78.6,0,0,61,33,0
R1,2024-11-15,2,57,4103,3686,89.8,15,31,53,35,5
R2,2025-02-15,2,57,4103,3383,82.5,16,22,56,32,0
R3,2025-05-15,2,57,4103,3151,76.8,17,28,58,29,0
R1,2024-11-15,2,58,3959,3623,91.5,24,40,36,33,6
R2,2025-02-15,2,58,3959,2455,62.0,18,36,28,22,6
R3,2025-05-15,2,58,3959,3132,79.1,26,43,40,29,9
R1,2024-11-15,2,59,4392,3788,86.2,7,14,48,38,0
R2,2025-02-15,2,59,4392,3364,76.6,8,11,49,34,3
R3,2025-05-15,2,59,4392,3799,86.5,10,14,62,38,1
R1,2024-11-15,2,60,4239,3204,75.6,7,15,12,32,0
R2,2025-02-15,2,60,4239,3231,76.2,8,12,14,32,1
R3,2025-05-15,2,60,4239,3213,75.8,9,17,16,32,2
R1,2024-11-15,2,62,2642,2350,89.0,1,2,36,0,0
R2,2025-02-15,2,62,2642,1825,69.1,1,2,31,0,0
R3,2025-05-15,2,62,2642,1989,75.3,1,2,39,0,0
R1,2024-11-15,2,63,4281,3431,80.2,13,21,18,6,2
R2,2025-02-15,2,63,4281,3513,82.1,16,27,21,6,2
R3,2025-05-15,2,63,4281,3696,86.3,18,31,25,7,2
R1,2024-11-15,2,64,3244,2429,74.9,11,17,38,13,2
R2,2025-02-15,2,64,3244,2244,69.2,11,19,40,12,1
R3,2025-05-15,2,64,3244,2041,62.9,11,24,41,10,3
R1,2024-11-15,2,65,2086,1872,89.8,4,7,16,2,0
R2,2025-02-15,2,65,2086,1295,62.1,3,6,12,1,0
R3,2025-05-15,2,65,2086,1544,74.0,4,6,16,1,1
R1,2024-11-15,2,66,3884,3395,87.4,26,50,44,27,6
R2,2025-02-15,2,66,3884,3726,95.9,33,56,55,30,8
R3,2025-05-15,2,66,3884,3103,79.9,31,51,52,25,7
R1,2024-11-15,2,67,3696,3114,84.3,25,49,14,6,9
R2,2025-02-15,2,67,3696,2352,63.6,22,43,12,4,0
R3,2025-05-15,2,67,3696,2966,80.3,31,47,17,5,11
R1,2024-11-15,2,68,2653,1656,62.4,19,29,25,4,2
R2,2025-02-15,2,68,2653,1937,73.0,25,41,33,5,10
R3,2025-05-15,2,68,2653,2314,87.2,34,50,45,6,8
R1,2024-11-15,2,69,3889,2795,71.9,28,43,21,21,8
R2,2025-02-15,2,69,3889,3230,83.1,37,74,28,24,8
R3,2025-05-15,2,69,3889,2593,66.7,33,68,25,19,3
R1,2024-11-15,2,70,3917,3482,88.9,49,71,48,2,17
R2,2025-02-15,2,70,3917,3533,90.2,57,90,56,2,18
R3,2025-05-15,2,70,3917,2466,63.0,44,69,43,1,13
R1,2024-11-15,2,71,3840,2809,73.2,42,66,27,21,11
R2,2025-02-15,2,71,3840,3021,78.7,52,102,34,22,5
R3,2025-05-15,2,71,3840,3294,85.8,64,94,42,24,9
R1,2024-11-15,2,72,3858,3414,88.5,44,76,61,33,2
R2,2025-02-15,2,72,3858,3512,91.1,51,101,71,34,22
R3,2025-05-15,2,72,3858,2569,66.6,42,82,58,25,5
R1,2024-11-15,2,73,4006,2519,62.9,33,56,26,22,2
R2,2025-02-15,2,73,4006,3656,91.3,56,82,43,31,20
R3,2025-05-15,2,73,4006,2868,71.6,49,69,38,25,3
R1,2024-11-15,2,74,3947,3562,90.2,28,54,49,30,5
R2,2025-02-15,2,74,3947,3407,86.3,31,55,54,28,3
R3,2025-05-15,2,74,3947,3013,76.4,30,58,53,25,10
R1,2024-11-15,2,382,3895,2562,65.8,0,0,24,1,0
R2,2025-02-15,2,382,3895,2942,75.6,0,0,31,1,0
R3,2025-05-15,2,382,3895,2561,65.8,0,0,31,1,0
R1,2024-11-15,3,75,4982,3876,77.8,184,295,57,41,62
R2,2025-02-15,3,75,4982,3508,70.4,189,290,59,37,38
R3,2025-05-15,3,75,4982,3541,71.1,215,362,67,38,46
R1,2024-11-15,3,76,3976,3696,93.0,160,227,65,15,3
R2,2025-02-15,3,76,3976,3239,81.5,160,234,64,13,44
R3,2025-05-15,3,76,3976,3758,94.5,209,431,84,15,65
R1,2024-11-15,3,77,4004,2551,63.7,114,189,28,18,28
R2,2025-02-15,3,77,4004,3492,87.2,177,270,43,24,6
R3,2025-05-15,3,77,4004,3256,81.3,186,277,45,23,12
R1,2024-11-15,3,78,3962,3683,93.0,190,372,45,27,23
R2,2025-02-15,3,78,3962,2539,64.1,149,313,35,19,28
R3,2025-05-15,3,78,3962,3128,79.0,207,378,49,23,17
R1,2024-11-15,3,79,2545,2367,93.0,104,166,27,29,33
R2,2025-02-15,3,79,2545,1756,69.0,88,141,23,21,2
R3,2025-05-15,3,79,2545,2241,88.1,127,216,33,27,56
R1,2024-11-15,3,80,1673,1040,62.2,43,76,10,8,7
R2,2025-02-15,3,80,1673,1048,62.7,49,78,11,9,15
R3,2025-05-15,3,80,1673,1276,76.3,68,106,16,11,13
R1,2024-11-15,3,81,1024,678,66.3,24,49,15,3,8
R2,2025-02-15,3,81,1024,919,89.8,38,58,23,4,2
R3,2025-05-15,3,81,1024,907,88.7,42,69,25,4,1
R1,2024-11-15,3,82,335,257,76.8,8,11,3,1,1
R2,2025-02-15,3,82,335,278,83.2,10,15,4,1,1
R3,2025-05-15,3,82,335,274,81.8,11,22,4,1,4
R1,2024-11-15,3,83,4965,4530,91.3,256,517,77,1,16
R2,2025-02-15,3,83,4965,3218,64.8,207,290,62,0,84
R3,2025-05-15,3,83,4965,4607,92.8,333,618,100,1,108
R1,2024-11-15,3,84,4547,3243,71.3,197,288,44,0,8
R2,2025-02-15,3,84,4547,4261,93.7,295,533,67,0,53
R3,2025-05-15,3,84,4547,2872,63.2,223,412,50,0,1
R1,2024-11-15,3,85,3171,2620,82.7,156,296,34,17,55
R2,2025-02-15,3,85,3171,2703,85.3,184,272,41,17,63
R3,2025-05-15,3,85,3171,2302,72.6,176,304,39,14,51
R1,2024-11-15,3,86,5011,3999,79.8,257,368,91,15,109
R2,2025-02-15,3,86,5011,3290,65.7,241,388,86,12,37
R3,2025-05-15,3,86,5011,4318,86.2,356,736,126,16,41
R1,2024-11-15,3,87,4214,3680,87.3,195,314,40,7,49
R2,2025-02-15,3,87,4214,3692,87.6,223,335,45,7,73
R3,2025-05-15,3,87,4214,3057,72.6,207,347,42,6,59
R1,2024-11-15,3,88,3650,3013,82.6,151,224,35,10,53
R2,2025-02-15,3,88,3650,3299,90.4,188,270,43,11,1
R3,2025-05-15,3,88,3650,2269,62.2,145,214,33,8,28
R1,2024-11-15,3,89,4020,3674,91.4,159,300,55,24,21
R2,2025-02-15,3,89,4020,2528,62.9,125,175,43,16,8
R3,2025-05-15,3,89,4020,3078,76.6,170,252,59,20,45
R1,2024-11-15,3,90,3666,3208,87.5,104,185,21,0,46
R2,2025-02-15,3,90,3666,2811,76.7,104,216,21,0,30
R3,2025-05-15,3,90,3666,3085,84.2,129,198,26,0,44
R1,2024-11-15,3,91,2256,1426,63.2,45,75,17,0,15
R2,2025-02-15,3,91,2256,1680,74.5,60,86,23,0,24
R3,2025-05-15,3,91,2256,2099,93.1,85,176,32,0,26
R1,2024-11-15,3,92,4234,2911,68.8,124,201,29,21,8
R2,2025-02-15,3,92,4234,3535,83.5,171,242,40,26,43
R3,2025-05-15,3,92,4234,3004,71.0,164,330,38,22,71
R1,2024-11-15,3,93,5196,3418,65.8,138,276,31,0,0
R2,2025-02-15,3,93,5196,3904,75.1,180,372,41,0,11
R3,2025-05-15,3,93,5196,4066,78.3,211,353,47,0,17
R1,2024-11-15,3,94,2746,1863,67.9,87,167,26,1,9
R2,2025-02-15,3,94,2746,2596,94.6,138,253,41,1,35
R3,2025-05-15,3,94,2746,2592,94.4,155,248,46,1,11
R1,2024-11-15,3,95,4193,3584,85.5,164,234,52,0,42
R2,2025-02-15,3,95,4193,3802,90.7,199,339,63,0,58
R3,2025-05-15,3,95,4193,3165,75.5,186,270,59,0,11
R1,2024-11-15,3,96,4885,4381,89.7,175,247,66,14,54
R2,2025-02-15,3,96,4885,3224,66.0,146,225,56,10,63
R3,2025-05-15,3,96,4885,4556,93.3,233,412,89,15,77
R1,2024-11-15,3,97,3018,2373,78.6,86,122,32,0,3
R2,2025-02-15,3,97,3018,2234,74.0,92,178,35,0,20
R3,2025-05-15,3,97,3018,2578,85.4,119,250,45,0,21
R1,2024-11-15,3,98,4250,3428,80.7,126,206,37,13,30
R2,2025-02-15,3,98,4250,3656,86.0,153,276,45,14,18
R3,2025-05-15,3,98,4250,3461,81.4,163,316,47,13,15
R1,2024-11-15,3,99,1952,1391,71.3,38,68,13,0,2
R2,2025-02-15,3,99,1952,1542,79.0,48,87,17,0,5
R3,2025-05-15,3,99,1952,1703,87.3,60,106,21,0,9
R1,2024-11-15,3,100,3620,2467,68.2,45,87,34,0,4
R2,2025-02-15,3,100,3620,2478,68.5,52,76,39,0,4
R3,2025-05-15,3,100,3620,2773,76.6,65,103,49,0,6
R1,2024-11-15,3,101,5863,4206,71.7,92,128,64,5,1
R2,2025-02-15,3,101,5863,4760,81.2,119,223,82,6,26
R3,2025-05-15,3,101,5863,4889,83.4,137,262,95,6,53
R1,2024-11-15,3,102,3496,2301,65.8,53,94,48,0,7
R2,2025-02-15,3,102,3496,2803,80.2,74,139,67,0,5
R3,2025-05-15,3,102,3496,2450,70.1,72,146,66,0,3
R1,2024-11-15,3,103,3488,3172,91.0,64,116,51,2,18
R2,2025-02-15,3,103,3488,2620,75.1,60,96,48,2,11
R3,2025-05-15,3,103,3488,2970,85.1,77,140,62,2,15
R1,2024-11-15,3,104,4334,4081,94.2,74,129,77,0,3
R2,2025-02-15,3,104,4334,3799,87.7,79,130,82,0,21
R3,2025-05-15,3,104,4334,3745,86.4,87,154,90,0,16
R1,2024-11-15,3,105,2491,1990,79.9,34,67,31,4,3
R2,2025-02-15,3,105,2491,2111,84.8,41,85,38,4,7
R3,2025-05-15,3,105,2491,2145,86.1,47,96,44,4,1
R1,2024-11-15,3,106,1299,1188,91.5,21,39,11,0,4
R2,2025-02-15,3,106,1299,1025,79.0,21,33,11,0,5
R3,2025-05-15,3,106,1299,983,75.7,22,34,12,0,6
R1,2024-11-15,3,107,4267,3851,90.3,14,29,43,8,3
R2,2025-02-15,3,107,4267,3590,84.1,15,24,46,8,4
R3,2025-05-15,3,107,4267,3976,93.2,19,30,57,9,2
R1,2024-11-15,3,108,5309,4523,85.2,26,40,86,14,4
R2,2025-02-15,3,108,5309,4620,87.0,31,47,100,14,4
R3,2025-05-15,3,108,5309,5074,95.6,38,75,123,16,12
R1,2024-11-15,3,109,3437,2592,75.4,1,1,20,0,0
R2,2025-02-15,3,109,3437,2840,82.7,2,3,25,0,0
R3,2025-05-15,3,109,3437,3164,92.1,2,3,32,0,0
R1,2024-11-15,3,110,3372,2245,66.6,11,21,32,0,3
R2,2025-02-15,3,110,3372,2224,66.0,12,19,36,0,3
R3,2025-05-15,3,110,3372,3217,95.4,20,30,58,0,8
R1,2024-11-15,3,111,5351,4715,88.1,6,9,58,17,2
R2,2025-02-15,3,111,5351,4688,87.6,6,13,66,17,1
R3,2025-05-15,3,111,5351,3794,70.9,6,12,59,14,0
R1,2024-11-15,3,112,3064,2919,95.3,18,28,56,3,7
R2,2025-02-15,3,112,3064,2674,87.3,19,35,58,3,2
R3,2025-05-15,3,112,3064,2524,82.4,20,32,62,3,6
R1,2024-11-15,3,113,3712,2592,69.9,4,7,48,0,1
R2,2025-02-15,3,113,3712,3071,82.7,5,9,65,0,0
R3,2025-05-15,3,113,3712,3035,81.8,6,9,72,0,2
R1,2024-11-15,3,114,2427,1697,69.9,3,6,19,2,0
R2,2025-02-15,3,114,2427,2146,88.4,5,8,28,2,1
R3,2025-05-15,3,114,2427,1596,65.8,4,7,23,2,1
R1,2024-11-15,3,115,2889,2603,90.1,6,10,23,10,1
R2,2025-02-15,3,115,2889,2420,83.8,7,10,24,10,2
R3,2025-05-15,3,115,2889,2441,84.5,8,13,27,10,2
R1,2024-11-15,3,116,1650,1341,81.3,3,6,15,2,0
R2,2025-02-15,3,116,1650,1387,84.1,4,7,18,2,0
R3,2025-05-15,3,116,1650,1577,95.6,5,10,23,3,1
R1,2024-11-15,3,117,1358,928,68.4,1,2,8,0,0
R2,2025-02-15,3,117,1358,1219,89.8,1,1,11,0,0
R3,2025-05-15,3,117,1358,960,70.7,1,1,10,0,0
R1,2024-11-15,3,118,1427,960,67.3,0,0,12,0,0
R2,2025-02-15,3,118,1427,1302,91.2,0,0,19,0,0
R3,2025-05-15,3,118,1427,908,63.7,0,0,15,0,0
R1,2024-11-15,3,119,502,328,65.5,0,0,3,0,0
R2,2025-02-15,3,119,502,333,66.5,0,0,4,0,0
R3,2025-05-15,3,119,502,377,75.2,0,0,5,0,0
R1,2024-11-15,3,120,1680,1559,92.8,9,19,19,1,3
R2,2025-02-15,3,120,1680,1244,74.1,8,13,17,1,2
R3,2025-05-15,3,120,1680,1522,90.6,12,25,24,1,2
R1,2024-11-15,3,121,622,406,65.4,0,0,5,0,0
R2,2025-02-15,3,121,622,553,89.1,0,0,8,0,0
R3,2025-05-15,3,121,622,519,83.6,0,0,8,0,0
R1,2024-11-15,3,369,391,268,68.7,7,12,2,2,1
R2,2025-02-15,3,369,391,361,92.4,11,17,4,2,0
R3,2025-05-15,3,369,391,323,82.6,11,18,4,2,1
R1,2024-11-15,3,370,292,249,85.4,4,8,3,0,0
R2,2025-02-15,3,370,292,274,93.9,5,9,4,0,2
R3,2025-05-15,3,370,292,231,79.2,5,9,4,0,0
R1,2024-11-15,4,122,1842,1424,77.4,90,153,26,18,26
R2,2025-02-15,4,122,1842,1611,87.5,116,197,33,20,10
R3,2025-05-15,4,122,1842,1291,70.1,104,169,30,16,5
R1,2024-11-15,4,123,1518,1239,81.6,70,125,14,14,19
R2,2025-02-15,4,123,1518,1325,87.3,85,166,18,15,38
R3,2025-05-15,4,123,1518,1205,79.4,87,180,18,14,7
R1,2024-11-15,4,124,1503,1288,85.7,53,85,21,11,21
R2,2025-02-15,4,124,1503,1295,86.2,61,90,24,11,8
R3,2025-05-15,4,124,1503,1040,69.2,55,107,21,9,7
R1,2024-11-15,4,125,943,690,73.3,19,31,5,3,5
R2,2025-02-15,4,125,943,785,83.3,25,41,7,4,6
R3,2025-05-15,4,125,943,595,63.2,21,39,6,3,6
R1,2024-11-15,4,126,869,578,66.6,11,22,7,4,0
R2,2025-02-15,4,126,869,752,86.6,16,25,10,6,0
R3,2025-05-15,4,126,869,721,83.0,17,36,11,5,1
R1,2024-11-15,4,127,417,392,94.2,6,8,6,1,1
R2,2025-02-15,4,127,417,336,80.8,6,11,6,1,2
R3,2025-05-15,4,127,417,333,79.9,7,14,7,1,2
R1,2024-11-15,4,128,4246,2959,69.7,187,367,21,17,64
R2,2025-02-15,4,128,4246,3398,80.0,245,476,27,20,18
R3,2025-05-15,4,128,4246,2791,65.7,226,436,25,16,17
R1,2024-11-15,4,129,3176,2688,84.6,142,265,6,13,46
R2,2025-02-15,4,129,3176,2388,75.2,144,215,6,11,17
R3,2025-05-15,4,129,3176,2764,87.0,187,315,8,13,5
R1,2024-11-15,4,130,4465,3847,86.2,174,323,46,10,33
R2,2025-02-15,4,130,4465,2805,62.8,145,303,38,7,54
R3,2025-05-15,4,130,4465,3218,72.1,187,315,49,8,19
R1,2024-11-15,4,131,4497,2983,66.3,98,151,15,18,4
R2,2025-02-15,4,131,4497,4062,90.3,153,295,24,24,64
R3,2025-05-15,4,131,4497,3756,83.5,158,298,25,23,6
R1,2024-11-15,4,132,4827,4162,86.2,124,194,67,31,54
R2,2025-02-15,4,132,4827,4015,83.2,137,247,74,30,54
R3,2025-05-15,4,132,4827,4146,85.9,159,232,85,31,61
R1,2024-11-15,4,133,3830,2780,72.6,81,150,24,38,16
R2,2025-02-15,4,133,3830,3575,93.4,120,193,35,49,24
R3,2025-05-15,4,133,3830,3213,83.9,121,228,35,44,50
R1,2024-11-15,4,134,5064,4142,81.8,190,379,18,7,73
R2,2025-02-15,4,134,5064,4824,95.3,252,496,24,9,19
R3,2025-05-15,4,134,5064,4383,86.6,258,456,25,8,107
R1,2024-11-15,4,135,3879,3121,80.5,106,176,43,4,33
R2,2025-02-15,4,135,3879,2901,74.8,112,227,46,4,6
R3,2025-05-15,4,135,3879,3062,78.9,133,210,55,4,9
R1,2024-11-15,4,136,4573,4113,89.9,133,191,50,29,11
R2,2025-02-15,4,136,4573,3031,66.3,112,220,42,21,41
R3,2025-05-15,4,136,4573,2963,64.8,123,248,46,20,36
R1,2024-11-15,4,137,4181,3121,74.7,81,146,66,4,23
R2,2025-02-15,4,137,4181,3918,93.7,116,216,95,5,33
R3,2025-05-15,4,137,4181,3158,75.5,105,217,86,4,18
R1,2024-11-15,4,138,5357,4564,85.2,179,285,11,31,17
R2,2025-02-15,4,138,5357,4533,84.6,203,326,13,31,17
R3,2025-05-15,4,138,5357,4139,77.3,208,335,13,28,79
R1,2024-11-15,4,139,3636,3218,88.5,125,200,17,18,29
R2,2025-02-15,4,139,3636,2348,64.6,104,190,14,13,13
R3,2025-05-15,4,139,3636,3147,86.6,156,320,22,18,51
R1,2024-11-15,4,140,3921,3286,83.8,34,62,20,10,11
R2,2025-02-15,4,140,3921,2649,67.6,31,49,19,8,6
R3,2025-05-15,4,140,3921,3356,85.6,44,69,27,10,7
R1,2024-11-15,4,141,4127,3510,85.1,40,73,7,5,0
R2,2025-02-15,4,141,4127,3506,85.0,46,76,8,5,18
R3,2025-05-15,4,141,4127,3058,74.1,45,94,8,4,19
R1,2024-11-15,4,142,3642,2746,75.4,40,79,30,0,5
R2,2025-02-15,4,142,3642,3342,91.8,56,98,42,0,17
R3,2025-05-15,4,142,3642,3430,94.2,65,128,48,0,12
R1,2024-11-15,4,143,3572,3042,85.2,54,103,30,0,3
R2,2025-02-15,4,143,3572,2674,74.9,54,109,30,0,1
R3,2025-05-15,4,143,3572,2985,83.6,68,138,37,0,24
R1,2024-11-15,4,144,3484,3180,91.3,80,127,39,10,19
R2,2025-02-15,4,144,3484,2703,77.6,78,151,38,8,5
R3,2025-05-15,4,144,3484,2726,78.2,88,164,43,9,18
R1,2024-11-15,4,145,5029,4574,91.0,150,220,69,20,28
R2,2025-02-15,4,145,5029,4288,85.3,160,261,73,18,51
R3,2025-05-15,4,145,5029,4429,88.1,186,296,85,19,65
R1,2024-11-15,4,146,4014,3720,92.7,122,229,29,14,30
R2,2025-02-15,4,146,4014,3047,75.9,114,220,27,11,27
R3,2025-05-15,4,146,4014,2847,70.9,120,207,29,10,51
R1,2024-11-15,4,147,3647,3086,84.6,31,46,51,17,1
R2,2025-02-15,4,147,3647,2391,65.6,28,53,45,13,9
R3,2025-05-15,4,147,3647,2615,71.7,34,70,55,15,6
R1,2024-11-15,4,148,4599,4051,88.1,14,28,49,7,6
R2,2025-02-15,4,148,4599,3293,71.6,13,21,45,5,2
R3,2025-05-15,4,148,4599,4150,90.3,19,40,64,7,5
R1,2024-11-15,4,149,3652,2443,66.9,17,28,49,10,3
R2,2025-02-15,4,149,3652,2466,67.5,20,29,56,10,5
R3,2025-05-15,4,149,3652,2591,71.0,24,48,66,11,2
R1,2024-11-15,4,150,4328,3123,72.2,34,62,45,13,12
R2,2025-02-15,4,150,4328,2932,67.7,37,59,48,12,7
R3,2025-05-15,4,150,4328,2906,67.2,41,65,54,12,4
R1,2024-11-15,4,151,4293,3248,75.7,34,56,39,16,3
R2,2025-02-15,4,151,4293,3636,84.7,43,85,50,18,18
R3,2025-05-15,4,151,4293,3088,71.9,41,72,47,15,1
R1,2024-11-15,4,152,4261,3467,81.4,52,109,4,18,19
R2,2025-02-15,4,152,4261,3968,93.1,69,134,5,20,3
R3,2025-05-15,4,152,4261,2843,66.7,55,98,4,14,18
R1,2024-11-15,4,153,4870,4256,87.4,60,88,78,19,11
R2,2025-02-15,4,153,4870,3575,73.4,57,116,75,16,2
R3,2025-05-15,4,153,4870,4339,89.1,79,131,102,19,1
R1,2024-11-15,4,154,263,247,94.0,0,0,2,1,0
R2,2025-02-15,4,154,263,229,87.4,0,0,2,1,0
R3,2025-05-15,4,154,263,165,62.9,0,0,2,1,0
R1,2024-11-15,4,155,1608,1455,90.5,0,0,14,0,0
R2,2025-02-15,4,155,1608,1160,72.1,0,0,13,0,0
R3,2025-05-15,4,155,1608,1470,91.5,0,0,18,0,0
R1,2024-11-15,4,156,3083,2615,84.8,16,32,21,13,4
R2,2025-02-15,4,156,3083,1974,64.1,14,25,18,9,3
R3,2025-05-15,4,156,3083,2642,85.7,21,42,27,13,2
R1,2024-11-15,4,157,4702,3166,67.3,5,8,31,0,0
R2,2025-02-15,4,157,4702,3745,79.6,7,11,41,0,2
R3,2025-05-15,4,157,4702,3452,73.4,7,14,43,0,2
R1,2024-11-15,4,158,4535,3085,68.0,25,52,48,0,0
R2,2025-02-15,4,158,4535,3693,81.5,34,48,65,0,13
R3,2025-05-15,4,158,4535,3657,80.6,38,74,73,0,9
R1,2024-11-15,4,159,3688,2618,71.0,10,15,7,2,0
R2,2025-02-15,4,159,3688,2711,73.5,12,18,8,2,3
R3,2025-05-15,4,159,3688,2757,74.8,14,29,10,3,1
R1,2024-11-15,4,160,4768,3937,82.6,18,34,54,19,0
R2,2025-02-15,4,160,4768,3656,76.7,19,38,58,17,7
R3,2025-05-15,4,160,4768,3418,71.7,20,29,61,16,7
R1,2024-11-15,4,163,1805,1215,67.3,2,4,19,2,0
R2,2025-02-15,4,163,1805,1484,82.3,4,6,27,3,1
R3,2025-05-15,4,163,1805,1142,63.3,3,5,23,2,0
R1,2024-11-15,4,164,1892,1457,77.0,7,14,23,5,2
R2,2025-02-15,4,164,1892,1202,63.6,7,12,21,4,0
R3,2025-05-15,4,164,1892,1509,79.8,10,19,30,5,1
R1,2024-11-15,4,165,2407,1841,76.5,5,8,21,0,0
R2,2025-02-15,4,165,2407,1855,77.1,6,11,24,0,1
R3,2025-05-15,4,165,2407,1575,65.4,6,10,23,0,1
R1,2024-11-15,4,166,2139,2005,93.8,1,2,18,0,0
R2,2025-02-15,4,166,2139,1387,64.9,1,1,14,0,0
R3,2025-05-15,4,166,2139,1818,85.0,1,1,21,0,0
R1,2024-11-15,5,168,5088,4790,94.2,124,225,81,58,24
R2,2025-02-15,5,168,5088,4205,82.7,124,200,81,51,7
R3,2025-05-15,5,168,5088,3546,69.7,118,176,77,43,33
R1,2024-11-15,5,169,4816,3399,70.6,121,187,22,35,16
R2,2025-02-15,5,169,4816,4209,87.4,171,322,31,44,61
R3,2025-05-15,5,169,4816,3707,77.0,169,300,31,38,70
R1,2024-11-15,5,170,4069,2629,64.6,121,193,30,38,1
R2,2025-02-15,5,170,4069,3603,88.6,189,283,48,53,8
R3,2025-05-15,5,170,4069,2812,69.1,166,331,42,41,24
R1,2024-11-15,5,171,3156,2376,75.3,127,264,28,24,20
R2,2025-02-15,5,171,3156,2822,89.4,172,303,38,29,31
R3,2025-05-15,5,171,3156,2095,66.4,143,297,32,21,51
R1,2024-11-15,5,172,3585,3351,93.5,166,242,25,26,22
R2,2025-02-15,5,172,3585,2791,77.9,157,248,24,22,64
R3,2025-05-15,5,172,3585,2934,81.9,186,267,28,23,46
R1,2024-11-15,5,173,2610,1726,66.2,119,206,20,7,52
R2,2025-02-15,5,173,2610,1636,62.7,129,225,22,6,29
R3,2025-05-15,5,173,2610,2139,82.0,190,288,32,8,24
R1,2024-11-15,5,174,1495,1254,83.9,77,160,11,10,13
R2,2025-02-15,5,174,1495,1158,77.5,81,118,12,9,34
R3,2025-05-15,5,174,1495,1381,92.4,109,183,16,11,34
R1,2024-11-15,5,176,3735,3558,95.3,141,285,35,31,41
R2,2025-02-15,5,176,3735,3422,91.6,155,242,39,30,38
R3,2025-05-15,5,176,3735,2990,80.1,152,257,38,26,65
R1,2024-11-15,5,177,4044,3131,77.4,159,330,61,33,8
R2,2025-02-15,5,177,4044,3342,82.6,193,362,74,35,72
R3,2025-05-15,5,177,4044,2800,69.2,182,273,70,30,78
R1,2024-11-15,5,178,3940,3013,76.5,152,248,23,27,36
R2,2025-02-15,5,178,3940,2481,63.0,143,287,22,22,33
R3,2025-05-15,5,178,3940,2749,69.8,178,283,27,24,35
R1,2024-11-15,5,179,3503,2963,84.6,197,330,38,28,20
R2,2025-02-15,5,179,3503,2852,81.4,216,375,42,27,68
R3,2025-05-15,5,179,3503,3094,88.3,263,401,52,29,44
R1,2024-11-15,5,180,4069,2524,62.0,166,242,31,29,60
R2,2025-02-15,5,180,4069,2668,65.6,200,401,37,31,24
R3,2025-05-15,5,180,4069,3750,92.2,316,659,59,44,135
R1,2024-11-15,5,181,4278,3026,70.8,212,391,24,20,75
R2,2025-02-15,5,181,4278,4007,93.7,320,559,37,27,113
R3,2025-05-15,5,181,4278,3946,92.3,354,553,41,27,128
R1,2024-11-15,5,182,3277,2178,66.5,131,257,6,0,52
R2,2025-02-15,5,182,3277,2673,81.6,184,294,9,0,74
R3,2025-05-15,5,182,3277,2224,67.9,172,296,8,0,50
R1,2024-11-15,5,184,2615,1821,69.7,43,79,17,14,4
R2,2025-02-15,5,184,2615,1908,73.0,52,107,21,15,0
R3,2025-05-15,5,184,2615,2153,82.3,66,102,27,16,26
R1,2024-11-15,5,185,3823,3500,91.6,89,127,32,28,15
R2,2025-02-15,5,185,3823,2513,65.8,73,127,26,20,3
R3,2025-05-15,5,185,3823,3328,87.1,108,206,39,27,48
R1,2024-11-15,5,186,3810,3450,90.6,133,198,57,27,2
R2,2025-02-15,5,186,3810,2432,63.9,106,151,46,19,2
R3,2025-05-15,5,186,3810,3176,83.4,156,261,67,25,62
R1,2024-11-15,5,187,4350,3570,82.1,162,263,46,29,4
R2,2025-02-15,5,187,4350,3187,73.3,165,336,47,25,68
R3,2025-05-15,5,187,4350,3025,69.5,176,368,50,24,38
R1,2024-11-15,5,188,4256,3299,77.5,141,224,46,17,21
R2,2025-02-15,5,188,4256,3262,76.7,159,285,52,17,69
R3,2025-05-15,5,188,4256,3166,74.4,173,292,57,17,39
R1,2024-11-15,5,189,5082,3818,75.1,179,372,71,31,18
R2,2025-02-15,5,189,5082,3486,68.6,187,350,74,28,16
R3,2025-05-15,5,189,5082,3448,67.8,208,357,83,28,16
R1,2024-11-15,5,190,4128,3676,89.1,148,233,37,10,18
R2,2025-02-15,5,190,4128,3909,94.7,180,365,45,11,32
R3,2025-05-15,5,190,4128,3258,78.9,168,310,42,9,58
R1,2024-11-15,5,192,1558,1329,85.3,15,29,23,14,0
R2,2025-02-15,5,192,1558,1223,78.5,15,31,24,12,0
R3,2025-05-15,5,192,1558,1108,71.1,16,33,24,11,6
R1,2024-11-15,5,193,4116,3564,86.6,61,123,18,42,7
R2,2025-02-15,5,193,4116,3383,82.2,66,130,19,40,4
R3,2025-05-15,5,193,4116,2990,72.7,65,97,19,35,10
R1,2024-11-15,5,194,4121,2613,63.4,34,68,25,31,9
R2,2025-02-15,5,194,4121,3286,79.8,49,81,36,39,20
R3,2025-05-15,5,194,4121,3382,82.1,56,90,41,41,4
R1,2024-11-15,5,195,3968,3296,83.1,53,91,33,30,5
R2,2025-02-15,5,195,3968,3571,90.0,66,112,41,33,20
R3,2025-05-15,5,195,3968,2664,67.2,55,111,34,24,12
R1,2024-11-15,5,196,4531,3425,75.6,60,95,36,9,10
R2,2025-02-15,5,196,4531,3644,80.4,73,142,43,9,11
R3,2025-05-15,5,196,4531,3919,86.5,88,140,52,10,38
R1,2024-11-15,5,197,4215,2906,68.9,48,69,25,20,13
R2,2025-02-15,5,197,4215,3651,86.6,69,131,36,25,22
R3,2025-05-15,5,197,4215,3719,88.2,79,154,41,25,23
R1,2024-11-15,5,198,1407,960,68.3,5,8,11,9,1
R2,2025-02-15,5,198,1407,1183,84.1,8,15,15,11,0
R3,2025-05-15,5,198,1407,1281,91.1,10,15,18,12,1
R1,2024-11-15,5,199,2478,1859,75.0,5,8,9,18,0
R2,2025-02-15,5,199,2478,2250,90.8,7,14,12,22,2
R3,2025-05-15,5,199,2478,2254,91.0,8,17,14,22,2
R1,2024-11-15,5,200,2888,2742,95.0,22,46,38,12,2
R2,2025-02-15,5,200,2888,1827,63.3,17,34,29,8,0
R3,2025-05-15,5,200,2888,2204,76.3,23,46,39,10,0
R1,2024-11-15,5,201,5218,4347,83.3,33,68,66,23,2
R2,2025-02-15,5,201,5218,3735,71.6,32,67,65,20,7
R3,2025-05-15,5,201,5218,4006,76.8,39,72,78,21,16
R1,2024-11-15,5,202,4242,3577,84.3,16,33,29,10,0
R2,2025-02-15,5,202,4242,3259,76.8,16,24,30,9,5
R3,2025-05-15,5,202,4242,3393,80.0,19,28,35,10,0
R1,2024-11-15,5,373,472,354,75.1,1,2,5,0,0
R2,2025-02-15,5,373,472,318,67.4,1,2,5,0,0
R3,2025-05-15,5,373,472,321,68.1,1,2,5,0,0
R1,2024-11-15,6,203,6142,4392,71.5,6,9,49,33,1
R2,2025-02-15,6,203,6142,5271,85.8,9,16,67,40,0
R3,2025-05-15,6,203,6142,4680,76.2,9,16,67,35,3
R1,2024-11-15,6,204,4638,3268,70.5,10,19,69,12,1
R2,2025-02-15,6,204,4638,4384,94.5,16,25,105,16,4
R3,2025-05-15,6,204,4638,3332,71.8,14,27,90,12,5
R1,2024-11-15,6,205,3432,2267,66.1,0,0,18,11,0
R2,2025-02-15,6,205,3432,2665,77.7,0,0,25,13,0
R3,2025-05-15,6,205,3432,2997,87.3,0,0,31,14,0
R1,2024-11-15,6,206,3368,2780,82.6,11,23,24,4,3
R2,2025-02-15,6,206,3368,3095,91.9,14,25,31,5,5
R3,2025-05-15,6,206,3368,2816,83.6,14,30,32,4,4
R1,2024-11-15,6,207,3903,3461,88.7,4,7,52,2,0
R2,2025-02-15,6,207,3903,3338,85.5,5,7,57,2,1
R3,2025-05-15,6,207,3903,2575,66.0,4,5,49,1,0
R1,2024-11-15,6,208,3458,2149,62.2,3,6,31,0,0
R2,2025-02-15,6,208,3458,3141,90.8,5,10,52,0,1
R3,2025-05-15,6,208,3458,2300,66.5,4,6,42,0,1
R1,2024-11-15,6,209,3465,2977,85.9,0,0,45,0,0
R2,2025-02-15,6,209,3465,2567,74.1,0,0,44,0,0
R3,2025-05-15,6,209,3465,2187,63.1,0,0,42,0,0
R1,2024-11-15,6,210,4466,3385,75.8,0,0,25,11,0
R2,2025-02-15,6,210,4466,2953,66.1,0,0,25,10,0
R3,2025-05-15,6,210,4466,3599,80.6,0,0,35,12,0
R1,2024-11-15,6,211,3859,3684,95.5,0,0,41,29,0
R2,2025-02-15,6,211,3859,3361,87.1,0,0,42,26,0
R3,2025-05-15,6,211,3859,3196,82.8,0,0,45,25,0
R1,2024-11-15,6,212,3842,2634,68.6,10,19,30,7,4
R2,2025-02-15,6,212,3842,2558,66.6,11,15,33,7,2
R3,2025-05-15,6,212,3842,2863,74.5,14,25,42,7,2
R1,2024-11-15,6,213,3897,3067,78.7,12,21,29,29,0
R2,2025-02-15,6,213,3897,2567,65.9,11,21,28,24,1
R3,2025-05-15,6,213,3897,2824,72.5,14,26,34,27,4
R1,2024-11-15,6,214,4523,3027,66.9,0,0,45,15,0
R2,2025-02-15,6,214,4523,3589,79.4,0,0,62,17,0
R3,2025-05-15,6,214,4523,4318,95.5,1,1,83,21,0
R1,2024-11-15,6,215,4069,3530,86.8,0,0,34,0,0
R2,2025-02-15,6,215,4069,3365,82.7,0,0,37,0,0
R3,2025-05-15,6,215,4069,3624,89.1,0,0,45,0,0
R1,2024-11-15,6,216,4164,3822,91.8,2,4,76,3,0
R2,2025-02-15,6,216,4164,3465,83.2,2,3,79,3,0
R3,2025-05-15,6,216,4164,3911,93.9,3,6,100,3,1
R1,2024-11-15,6,222,3851,3094,80.3,13,25,42,23,2
R2,2025-02-15,6,222,3851,2931,76.1,14,26,45,21,0
R3,2025-05-15,6,222,3851,3187,82.8,17,24,55,23,1
R1,2024-11-15,6,223,3914,3590,91.7,11,20,64,30,2
R2,2025-02-15,6,223,3914,2506,64.0,8,11,51,21,3
R3,2025-05-15,6,223,3914,2482,63.4,10,19,57,21,3
R1,2024-11-15,6,230,3775,2753,72.9,2,3,25,47,0
R2,2025-02-15,6,230,3775,3553,94.1,3,6,37,61,0
R3,2025-05-15,6,230,3775,2945,78.0,3,4,34,50,0
R1,2024-11-15,6,245,3819,2414,63.2,10,14,32,16,4
R2,2025-02-15,6,245,3819,2696,70.6,13,27,41,18,4
R3,2025-05-15,6,245,3819,2676,70.1,15,29,46,18,1
R1,2024-11-15,6,246,2825,2486,88.0,2,4,28,0,0
R2,2025-02-15,6,246,2825,2104,74.5,2,3,27,0,0
R3,2025-05-15,6,246,2825,2427,85.9,2,3,35,0,0
R1,2024-11-15,6,247,2012,1727,85.9,5,8,13,0,1
R2,2025-02-15,6,247,2012,1421,70.6,5,10,12,0,1
R3,2025-05-15,6,247,2012,1536,76.4,6,10,15,0,2
R1,2024-11-15,6,248,4222,3417,81.0,8,17,56,0,1
R2,2025-02-15,6,248,4222,3516,83.3,9,15,66,0,1
R3,2025-05-15,6,248,4222,2696,63.9,8,16,56,0,1
R1,2024-11-15,6,249,3487,2620,75.1,6,10,38,0,0
R2,2025-02-15,6,249,3487,2811,80.6,7,10,46,0,1
R3,2025-05-15,6,249,3487,2925,83.9,8,13,54,0,0
R1,2024-11-15,6,250,3470,2784,80.2,2,4,26,8,0
R2,2025-02-15,6,250,3470,2525,72.8,2,3,26,7,0
R3,2025-05-15,6,250,3470,3289,94.8,3,5,39,10,0
R1,2024-11-15,6,251,3347,3061,91.5,9,13,30,18,1
R2,2025-02-15,6,251,3347,2639,78.9,9,19,29,16,2
R3,2025-05-15,6,251,3347,2785,83.2,11,20,35,16,2
R1,2024-11-15,6,252,4169,3884,93.2,23,32,56,6,6
R2,2025-02-15,6,252,4169,3891,93.3,26,50,64,6,11
R3,2025-05-15,6,252,4169,3325,79.8,25,48,61,5,1
R1,2024-11-15,6,253,2770,2431,87.8,9,13,22,3,2
R2,2025-02-15,6,253,2770,1767,63.8,8,15,18,2,0
R3,2025-05-15,6,253,2770,2186,79.0,11,23,26,3,2
R1,2024-11-15,6,254,2702,1980,73.3,3,5,25,13,0
R2,2025-02-15,6,254,2702,2482,91.9,4,8,35,17,0
R3,2025-05-15,6,254,2702,2487,92.1,5,9,40,17,1
R1,2024-11-15,6,255,3854,3051,79.2,0,0,36,0,0
R2,2025-02-15,6,255,3854,3328,86.4,0,0,45,0,0
R3,2025-05-15,6,255,3854,2400,62.3,0,0,37,0,0
R1,2024-11-15,6,256,3984,2917,73.2,0,0,31,12,0
R2,2025-02-15,6,256,3984,2819,70.8,0,0,35,12,0
R3,2025-05-15,6,256,3984,2625,65.9,0,0,36,11,0
R1,2024-11-15,6,257,3717,3310,89.1,15,28,39,0,4
R2,2025-02-15,6,257,3717,3453,92.9,18,26,46,0,1
R3,2025-05-15,6,257,3717,3302,88.8,19,31,50,0,7
R1,2024-11-15,6,258,1503,1230,81.9,4,6,20,1,1
R2,2025-02-15,6,258,1503,968,64.4,3,5,18,1,0
R3,2025-05-15,6,258,1503,1410,93.8,6,12,29,1,1
R1,2024-11-15,6,259,4048,3784,93.5,5,11,55,23,0
R2,2025-02-15,6,259,4048,3016,74.5,5,9,50,18,1
R3,2025-05-15,6,259,4048,2937,72.6,5,8,55,18,1
R1,2024-11-15,6,260,2145,1593,74.3,6,8,21,9,2
R2,2025-02-15,6,260,2145,1561,72.8,6,11,24,9,2
R3,2025-05-15,6,260,2145,1632,76.1,8,16,28,9,0
R1,2024-11-15,6,261,2699,1815,67.3,2,4,22,18,0
R2,2025-02-15,6,261,2699,2040,75.6,3,5,29,20,0
R3,2025-05-15,6,261,2699,1911,70.8,3,4,30,19,0
R1,2024-11-15,6,262,3619,2539,70.2,1,1,38,9,0
R2,2025-02-15,6,262,3619,2889,79.8,1,2,49,10,0
R3,2025-05-15,6,262,3619,3223,89.1,2,3,62,11,0
R1,2024-11-15,6,263,3887,3559,91.6,6,9,49,8,2
R2,2025-02-15,6,263,3887,3363,86.5,7,11,53,8,1
R3,2025-05-15,6,263,3887,3629,93.4,8,14,64,8,0
R1,2024-11-15,6,264,1610,1219,75.8,8,14,18,7,2
R2,2025-02-15,6,264,1610,1009,62.7,8,11,17,6,0
R3,2025-05-15,6,264,1610,1069,66.4,9,15,20,6,0
R1,2024-11-15,6,265,2332,1680,72.0,1,1,21,9,0
R2,2025-02-15,6,265,2332,1853,79.5,2,3,27,9,0
R3,2025-05-15,6,265,2332,2103,90.2,2,4,34,11,0
R1,2024-11-15,6,266,3832,3451,90.1,14,28,10,28,1
R2,2025-02-15,6,266,3832,2641,68.9,12,19,9,22,2
R3,2025-05-15,6,266,3832,2529,66.0,13,25,10,21,0
R1,2024-11-15,6,267,2409,1849,76.8,0,0,24,22,0
R2,2025-02-15,6,267,2409,1954,81.1,0,0,29,23,0
R3,2025-05-15,6,267,2409,1614,67.0,0,0,27,19,0
R1,2024-11-15,6,268,2581,2070,80.2,0,0,29,28,0
R2,2025-02-15,6,268,2581,2123,82.3,0,0,34,28,0
R3,2025-05-15,6,268,2581,2194,85.0,0,0,40,29,0
R1,2024-11-15,6,269,2736,2278,83.3,3,5,29,28,0
R2,2025-02-15,6,269,2736,1998,73.0,3,4,29,24,0
R3,2025-05-15,6,269,2736,1921,70.2,3,5,31,24,0
R1,2024-11-15,6,270,1903,1459,76.7,3,5,13,11,0
R2,2025-02-15,6,270,1903,1742,91.6,5,8,18,13,2
R3,2025-05-15,6,270,1903,1526,80.2,5,8,18,11,0
R1,2024-11-15,6,271,2796,1892,67.7,0,0,29,14,0
R2,2025-02-15,6,271,2796,2528,90.4,0,0,44,19,0
R3,2025-05-15,6,271,2796,2671,95.6,0,0,52,20,0
R1,2024-11-15,6,272,3285,2108,64.2,0,0,36,19,0
R2,2025-02-15,6,272,3285,2284,69.6,0,0,45,20,0
R3,2025-05-15,6,272,3285,2309,70.3,0,0,51,21,0
R1,2024-11-15,6,379,5372,4424,82.4,29,41,84,14,4
R2,2025-02-15,6,379,5372,4608,85.8,34,61,100,15,10
R3,2025-05-15,6,379,5372,4601,85.7,39,63,113,15,8
R1,2024-11-15,6,380,4207,2730,64.9,13,23,27,13,5
R2,2025-02-15,6,380,4207,2703,64.3,15,31,31,12,0
R3,2025-05-15,6,380,4207,3144,74.7,20,35,40,14,2
R1,2024-11-15,7,287,1843,1356,73.6,1,1,27,1,0
R2,2025-02-15,7,287,1843,1667,90.5,1,1,39,2,0
R3,2025-05-15,7,287,1843,1191,64.7,1,2,31,1,0
R1,2024-11-15,7,288,900,710,78.9,2,5,1,2,0
R2,2025-02-15,7,288,900,604,67.1,2,3,1,1,0
R3,2025-05-15,7,288,900,704,78.2,3,5,2,2,0
R1,2024-11-15,7,289,2379,1501,63.1,0,0,25,1,0
R2,2025-02-15,7,289,2379,1590,66.8,0,0,31,1,0
R3,2025-05-15,7,289,2379,2083,87.6,0,0,45,2,0
R1,2024-11-15,7,290,2977,2368,79.6,0,0,31,15,0
R2,2025-02-15,7,290,2977,2167,72.8,0,0,33,13,0
R3,2025-05-15,7,290,2977,2665,89.5,0,0,45,17,0
R1,2024-11-15,7,291,3505,3259,93.0,0,0,33,0,0
R2,2025-02-15,7,291,3505,2371,67.7,0,0,27,0,0
R3,2025-05-15,7,291,3505,3293,94.0,0,0,43,0,0
R1,2024-11-15,7,292,2599,2103,80.9,15,22,20,15,2
R2,2025-02-15,7,292,2599,2100,80.8,17,31,23,15,4
R3,2025-05-15,7,292,2599,2334,89.8,22,44,28,17,6
R1,2024-11-15,7,293,3360,2921,86.9,10,17,41,18,2
R2,2025-02-15,7,293,3360,2268,67.5,9,16,36,14,0
R3,2025-05-15,7,293,3360,2475,73.7,11,21,44,15,3
R1,2024-11-15,7,294,1634,1559,95.4,19,27,21,0,1
R2,2025-02-15,7,294,1634,1303,79.8,18,35,20,0,5
R3,2025-05-15,7,294,1634,1567,96.0,24,45,28,0,0
R1,2024-11-15,7,295,1725,1147,66.5,10,14,8,7,2
R2,2025-02-15,7,295,1725,1537,89.1,16,33,12,10,2
R3,2025-05-15,7,295,1725,1495,86.7,17,27,13,10,3
R1,2024-11-15,7,296,3632,2260,62.2,7,10,20,9,0
R2,2025-02-15,7,296,3632,2429,66.9,8,16,24,10,3
R3,2025-05-15,7,296,3632,2556,70.4,10,14,29,10,2
R1,2024-11-15,7,297,3945,2547,64.6,3,4,34,8,0
R2,2025-02-15,7,297,3945,3729,94.5,5,9,58,12,0
R3,2025-05-15,7,297,3945,2450,62.1,3,6,43,8,1
R1,2024-11-15,7,298,3585,2958,82.5,7,13,24,28,1
R2,2025-02-15,7,298,3585,2707,75.5,7,14,25,26,1
R3,2025-05-15,7,298,3585,3063,85.4,9,13,32,29,3
R1,2024-11-15,7,299,3548,3209,90.5,25,37,26,10,8
R2,2025-02-15,7,299,3548,2637,74.3,23,35,24,8,6
R3,2025-05-15,7,299,3548,2244,63.3,22,39,23,7,0
R1,2024-11-15,7,300,2719,1816,66.8,19,33,31,11,3
R2,2025-02-15,7,300,2719,2456,90.4,30,58,48,14,1
R3,2025-05-15,7,300,2719,2416,88.9,33,62,53,14,9
R1,2024-11-15,7,301,1414,1202,85.1,11,20,11,2,4
R2,2025-02-15,7,301,1414,951,67.3,10,14,10,2,1
R3,2025-05-15,7,301,1414,1175,83.2,14,26,14,2,2
R1,2024-11-15,7,302,3949,3080,78.0,68,103,48,14,15
R2,2025-02-15,7,302,3949,3003,76.1,76,123,53,14,25
R3,2025-05-15,7,302,3949,2979,75.4,84,175,59,14,14
R1,2024-11-15,7,303,4841,3412,70.5,91,178,55,17,25
R2,2025-02-15,7,303,4841,4373,90.3,133,199,81,22,36
R3,2025-05-15,7,303,4841,3777,78.0,129,268,78,19,7
R1,2024-11-15,7,304,3910,3169,81.0,1,2,31,46,0
R2,2025-02-15,7,304,3910,2509,64.2,1,2,28,36,0
R3,2025-05-15,7,304,3910,2520,64.5,1,1,32,36,0
R1,2024-11-15,7,305,3613,3344,92.6,11,15,38,28,1
R2,2025-02-15,7,305,3613,3302,91.4,12,22,43,27,4
R3,2025-05-15,7,305,3613,2487,68.9,10,15,36,20,2
R1,2024-11-15,7,306,3172,2272,71.6,16,33,38,16,5
R2,2025-02-15,7,306,3172,2080,65.6,17,26,40,15,2
R3,2025-05-15,7,306,3172,3031,95.6,28,55,65,22,2
R1,2024-11-15,7,307,1463,1084,74.1,2,3,13,14,0
R2,2025-02-15,7,307,1463,1096,75.0,2,3,16,14,0
R3,2025-05-15,7,307,1463,949,64.9,2,3,15,12,0
R1,2024-11-15,7,308,2160,1602,74.2,5,8,11,18,1
R2,2025-02-15,7,308,2160,1821,84.3,6,12,15,21,2
R3,2025-05-15,7,308,2160,1373,63.6,5,9,12,16,1
R1,2024-11-15,7,309,3378,2909,86.1,26,43,42,11,10
R2,2025-02-15,7,309,3378,2964,87.8,30,61,48,11,8
R3,2025-05-15,7,309,3378,2418,71.6,28,45,44,9,3
R1,2024-11-15,7,310,4148,2810,67.8,41,80,27,28,16
R2,2025-02-15,7,310,4148,3522,84.9,58,105,39,35,25
R3,2025-05-15,7,310,4148,3075,74.1,57,91,38,31,18
R1,2024-11-15,7,311,4913,3921,79.8,65,116,18,39,24
R2,2025-02-15,7,311,4913,3166,64.5,59,123,16,32,22
R3,2025-05-15,7,311,4913,3828,77.9,81,114,22,38,32
R1,2024-11-15,7,328,3040,2397,78.9,44,83,25,8,2
R2,2025-02-15,7,328,3040,2013,66.2,42,84,24,6,7
R3,2025-05-15,7,328,3040,2917,96.0,68,125,39,10,5
R1,2024-11-15,7,329,2563,2418,94.4,76,107,24,6,21
R2,2025-02-15,7,329,2563,2086,81.4,75,122,24,5,11
R3,2025-05-15,7,329,2563,2090,81.6,84,143,27,5,11
R1,2024-11-15,7,330,2487,1831,73.6,52,103,18,10,0
R2,2025-02-15,7,330,2487,2326,93.5,76,148,26,13,12
R3,2025-05-15,7,330,2487,1741,70.0,64,118,22,10,16
R1,2024-11-15,7,331,3002,2425,80.8,97,175,17,0,7
R2,2025-02-15,7,331,3002,2205,73.5,101,162,18,0,10
R3,2025-05-15,7,331,3002,2358,78.6,121,170,22,0,37
R1,2024-11-15,7,332,3084,2093,67.9,85,162,6,2,16
R2,2025-02-15,7,332,3084,2479,80.4,115,173,8,3,26
R3,2025-05-15,7,332,3084,2004,65.0,105,147,7,2,1
R1,2024-11-15,7,333,3012,2716,90.2,108,167,19,18,37
R2,2025-02-15,7,333,3012,2746,91.2,125,230,22,18,54
R3,2025-05-15,7,333,3012,2063,68.5,105,211,19,14,26
R1,2024-11-15,7,334,3671,2974,81.0,156,292,28,25,19
R2,2025-02-15,7,334,3671,3012,82.0,180,259,33,26,42
R3,2025-05-15,7,334,3671,3070,83.6,207,413,38,26,34
R1,2024-11-15,7,335,3592,3152,87.8,109,160,41,32,28
R2,2025-02-15,7,335,3592,2341,65.2,92,150,35,23,35
R3,2025-05-15,7,335,3592,3091,86.1,137,253,51,31,22
R1,2024-11-15,7,336,3594,2297,63.9,72,132,17,21,22
R2,2025-02-15,7,336,3594,3397,94.5,122,207,30,32,5
R3,2025-05-15,7,336,3594,2665,74.2,107,164,26,25,17
R1,2024-11-15,7,337,3824,3419,89.4,128,211,57,32,47
R2,2025-02-15,7,337,3824,3411,89.2,145,205,65,31,34
R3,2025-05-15,7,337,3824,3498,91.5,167,324,74,32,45
R1,2024-11-15,7,338,3211,2425,75.6,124,249,31,6,19
R2,2025-02-15,7,338,3211,2537,79.0,148,304,37,6,19
R3,2025-05-15,7,338,3211,2511,78.2,164,304,41,6,70
R1,2024-11-15,7,339,3998,3310,82.8,184,259,55,7,18
R2,2025-02-15,7,339,3998,2619,65.5,166,309,49,6,53
R3,2025-05-15,7,339,3998,3191,79.8,227,364,68,7,43
R1,2024-11-15,7,340,4199,3759,89.5,249,357,48,25,27
R2,2025-02-15,7,340,4199,3404,81.1,257,477,49,23,65
R3,2025-05-15,7,340,4199,3967,94.5,337,598,64,27,50
R1,2024-11-15,7,341,4316,3910,90.6,259,375,24,27,83
R2,2025-02-15,7,341,4316,3573,82.8,270,462,25,24,80
R3,2025-05-15,7,341,4316,3839,89.0,326,614,30,26,4
R1,2024-11-15,7,342,4108,2668,65.0,178,297,29,30,79
R2,2025-02-15,7,342,4108,3395,82.6,258,515,42,38,97
R3,2025-05-15,7,342,4108,3746,91.2,320,528,52,42,17
R1,2024-11-15,7,343,3763,2586,68.7,167,241,30,19,74
R2,2025-02-15,7,343,3763,2766,73.5,203,374,37,21,0
R3,2025-05-15,7,343,3763,3077,81.8,254,522,46,23,17
R1,2024-11-15,7,344,3336,3084,92.5,139,272,42,28,15
R2,2025-02-15,7,344,3336,2876,86.2,147,263,44,26,15
R3,2025-05-15,7,344,3336,3187,95.6,184,371,55,29,79
R1,2024-11-15,7,345,3793,2369,62.5,39,76,31,24,5
R2,2025-02-15,7,345,3793,3268,86.2,61,103,49,33,11
R3,2025-05-15,7,345,3793,2519,66.4,53,103,42,25,2
R1,2024-11-15,7,346,3374,2668,79.1,60,91,19,26,2
R2,2025-02-15,7,346,3374,2293,68.0,59,96,19,22,12
R3,2025-05-15,7,346,3374,2477,73.4,72,137,23,24,14
R1,2024-11-15,7,347,4257,3950,92.8,109,180,27,61,39
R2,2025-02-15,7,347,4257,2692,63.2,85,177,21,42,15
R3,2025-05-15,7,347,4257,4039,94.9,143,211,36,63,26
R1,2024-11-15,7,348,4086,3840,94.0,153,220,48,27,54
R2,2025-02-15,7,348,4086,3064,75.0,139,216,44,21,19
R3,2025-05-15,7,348,4086,3344,81.8,170,299,54,23,17
