# SYNTHETIC. Rotation state as at 2025-05-23. last_harvest_date is the block's last placed cutting day, consistent with the trip ledger and the work orders; the target round is the interval the block held over January-February, clamped to 5-14 days. Gang assignment is invented.
division_code,block_code,gang_code,rotation_target_days,last_harvest_date,days_since_harvest
1,1,G1-01,5,2025-05-19,4
1,2,G1-01,5,2025-05-19,4
1,3,G1-01,5,2025-05-17,6
1,4,G1-01,5,2025-05-16,7
1,5,G1-01,6,2025-05-22,1
1,6,G1-01,6,2025-05-21,2
1,7,G1-01,5,2025-05-21,2
1,8,G1-01,5,2025-05-22,1
1,9,G1-01,5,2025-05-19,4
1,10,G1-01,5,2025-05-23,0
1,11,G1-02,5,2025-05-21,2
1,12,G1-02,5,2025-05-22,1
1,13,G1-02,5,2025-05-22,1
1,14,G1-02,5,2025-05-17,6
1,15,G1-02,5,2025-05-15,8
1,16,G1-02,5,2025-05-14,9
1,17,G1-02,5,2025-05-18,5
1,18,G1-02,5,2025-05-21,2
1,19,G1-02,5,2025-05-23,0
1,20,G1-02,5,2025-05-18,5
1,21,G1-03,5,2025-05-20,3
1,22,G1-03,5,2025-05-19,4
1,23,G1-03,5,2025-05-16,7
1,24,G1-03,5,2025-05-23,0
1,25,G1-03,5,2025-05-22,1
1,26,G1-03,5,2025-05-21,2
1,27,G1-03,5,2025-05-23,0
1,28,G1-03,5,2025-05-23,0
1,29,G1-03,5,2025-05-23,0
1,30,G1-03,5,2025-05-20,3
1,31,G1-04,5,2025-05-21,2
1,32,G1-04,5,2025-05-18,5
1,33,G1-04,5,2025-05-16,7
1,34,G1-04,5,2025-05-23,0
1,35,G1-04,5,2025-05-20,3
1,36,G1-04,5,2025-05-21,2
1,37,G1-04,5,2025-05-21,2
1,38,G1-04,5,2025-05-21,2
1,39,G1-04,5,2025-05-23,0
2,40,G2-01,10,2025-05-20,3
2,41,G2-01,7,2025-05-16,7
2,42,G2-01,5,2025-05-15,8
2,43,G2-01,5,2025-05-23,0
2,44,G2-01,5,2025-05-22,1
2,45,G2-01,5,2025-05-23,0
2,46,G2-01,7,2025-05-21,2
2,47,G2-01,5,2025-05-13,10
2,49,G2-01,5,2025-05-21,2
2,50,G2-02,5,2025-05-21,2
2,51,G2-02,5,2025-05-23,0
2,52,G2-02,7,2025-05-23,0
2,53,G2-02,5,2025-05-15,8
2,54,G2-02,5,2025-05-17,6
2,55,G2-02,5,2025-05-23,0
2,56,G2-02,5,2025-05-20,3
2,57,G2-02,6,2025-05-19,4
2,58,G2-02,6,2025-05-21,2
2,59,G2-03,5,2025-05-21,2
2,60,G2-03,7,2025-05-17,6
2,62,G2-03,7,2025-05-21,2
2,63,G2-03,5,2025-05-17,6
2,64,G2-03,5,2025-05-21,2
2,65,G2-03,5,2025-05-19,4
2,66,G2-03,7,2025-05-19,4
2,67,G2-03,5,2025-05-17,6
2,68,G2-03,10,2025-05-20,3
2,69,G2-04,6,2025-05-16,7
2,70,G2-04,5,2025-05-20,3
2,71,G2-04,5,2025-05-20,3
2,72,G2-04,5,2025-05-20,3
2,73,G2-04,5,2025-05-23,0
2,74,G2-04,5,2025-05-18,5
2,382,G2-04,5,2025-05-20,3
3,75,G3-01,5,2025-05-22,1
3,76,G3-01,5,2025-05-21,2
3,77,G3-01,5,2025-05-18,5
3,78,G3-01,5,2025-05-20,3
3,79,G3-01,6,2025-05-17,6
3,80,G3-01,7,2025-05-07,16
3,81,G3-01,7,2025-05-22,1
3,82,G3-01,10,2025-05-02,21
3,83,G3-01,5,2025-05-21,2
3,84,G3-01,5,2025-05-20,3
3,85,G3-01,5,2025-05-19,4
3,86,G3-01,6,2025-05-23,0
3,87,G3-01,6,2025-05-07,16
3,88,G3-02,5,2025-05-20,3
3,89,G3-02,5,2025-05-20,3
3,90,G3-02,7,2025-05-19,4
3,91,G3-02,7,2025-05-18,5
3,92,G3-02,5,2025-05-21,2
3,93,G3-02,5,2025-05-11,12
3,94,G3-02,6,2025-05-17,6
3,95,G3-02,5,2025-05-23,0
3,96,G3-02,5,2025-05-20,3
3,97,G3-02,6,2025-05-23,0
3,98,G3-02,6,2025-05-23,0
3,99,G3-02,7,2025-05-23,0
3,100,G3-02,5,2025-05-23,0
3,101,G3-03,5,2025-05-21,2
3,102,G3-03,5,2025-05-22,1
3,103,G3-03,5,2025-05-19,4
3,104,G3-03,5,2025-05-22,1
3,105,G3-03,5,2025-05-22,1
3,106,G3-03,5,2025-05-22,1
3,107,G3-03,5,2025-05-19,4
3,108,G3-03,5,2025-05-13,10
3,109,G3-03,5,2025-05-05,18
3,110,G3-03,5,2025-05-18,5
3,111,G3-03,5,2025-05-20,3
3,112,G3-03,5,2025-05-21,2
3,113,G3-03,5,2025-05-23,0
3,114,G3-04,5,2025-05-22,1
3,115,G3-04,5,2025-05-07,16
3,116,G3-04,7,2025-05-03,20
3,117,G3-04,5,2025-05-14,9
3,118,G3-04,7,2025-05-21,2
3,119,G3-04,12,2025-05-20,3
3,120,G3-04,12,2025-05-23,0
3,121,G3-04,10,2025-05-17,6
3,369,G3-04,7,2025-05-21,2
3,370,G3-04,8,2025-05-16,7
4,122,G4-01,8,2025-05-20,3
4,123,G4-01,10,2025-05-19,4
4,124,G4-01,10,2025-05-21,2
4,125,G4-01,10,2025-05-23,0
4,126,G4-01,10,2025-05-20,3
4,127,G4-01,10,2025-05-16,7
4,128,G4-01,5,2025-05-22,1
4,129,G4-01,5,2025-05-22,1
4,130,G4-01,7,2025-05-19,4
4,131,G4-01,5,2025-05-18,5
4,132,G4-01,5,2025-05-05,18
4,133,G4-02,5,2025-05-19,4
4,134,G4-02,5,2025-05-22,1
4,135,G4-02,5,2025-05-21,2
4,136,G4-02,5,2025-05-21,2
4,137,G4-02,5,2025-05-22,1
4,138,G4-02,5,2025-05-21,2
4,139,G4-02,5,2025-05-22,1
4,140,G4-02,5,2025-05-20,3
4,141,G4-02,5,2025-05-23,0
4,142,G4-02,5,2025-05-21,2
4,143,G4-02,6,2025-05-18,5
4,144,G4-03,7,2025-05-19,4
4,145,G4-03,7,2025-05-16,7
4,146,G4-03,7,2025-05-20,3
4,147,G4-03,7,2025-05-22,1
4,148,G4-03,5,2025-05-17,6
4,149,G4-03,5,2025-05-19,4
4,150,G4-03,5,2025-05-23,0
4,151,G4-03,5,2025-05-21,2
4,152,G4-03,6,2025-05-19,4
4,153,G4-03,7,2025-05-23,0
4,154,G4-03,14,2025-05-13,10
4,155,G4-04,10,2025-05-18,5
4,156,G4-04,7,2025-05-22,1
4,157,G4-04,5,2025-05-18,5
4,158,G4-04,5,2025-05-20,3
4,159,G4-04,5,2025-05-19,4
4,160,G4-04,7,2025-05-21,2
4,163,G4-04,12,2025-05-01,22
4,164,G4-04,7,2025-05-19,4
4,165,G4-04,8,2025-05-22,1
4,166,G4-04,7,2025-05-14,9
5,168,G5-01,5,2025-05-19,4
5,169,G5-01,5,2025-05-23,0
5,170,G5-01,7,2025-05-22,1
5,171,G5-01,7,2025-05-18,5
5,172,G5-01,5,2025-05-21,2
5,173,G5-01,8,2025-05-18,5
5,174,G5-01,10,2025-05-20,3
5,176,G5-01,6,2025-05-15,8
5,177,G5-01,5,2025-05-16,7
5,178,G5-01,5,2025-05-20,3
5,179,G5-01,6,2025-05-22,1
5,180,G5-02,5,2025-05-16,7
5,181,G5-02,6,2025-05-18,5
5,182,G5-02,6,2025-05-18,5
5,184,G5-02,8,2025-05-21,2
5,185,G5-02,7,2025-05-22,1
5,186,G5-02,5,2025-05-19,4
5,187,G5-02,5,2025-05-16,7
5,188,G5-02,5,2025-05-18,5
5,189,G5-02,5,2025-05-17,6
5,190,G5-02,5,2025-05-23,0
5,192,G5-02,8,2025-05-13,10
5,193,G5-03,6,2025-05-19,4
5,194,G5-03,6,2025-05-12,11
5,195,G5-03,5,2025-05-13,10
5,196,G5-03,5,2025-05-19,4
5,197,G5-03,6,2025-05-21,2
5,198,G5-03,8,2025-05-19,4
5,199,G5-03,7,2025-05-20,3
5,200,G5-03,5,2025-05-19,4
5,201,G5-03,5,2025-05-14,9
5,202,G5-03,5,2025-05-16,7
5,373,G5-03,10,2025-05-15,8
6,203,G6-01,5,2025-05-22,1
6,204,G6-01,5,2025-05-20,3
6,205,G6-01,5,2025-05-16,7
6,206,G6-01,5,2025-05-21,2
6,207,G6-01,5,2025-05-21,2
6,208,G6-01,5,2025-05-23,0
6,209,G6-01,7,2025-05-23,0
6,210,G6-01,5,2025-05-20,3
6,211,G6-01,6,2025-05-20,3
6,212,G6-01,6,2025-05-22,1
6,213,G6-02,6,2025-05-18,5
6,214,G6-02,7,2025-05-20,3
6,215,G6-02,8,2025-05-19,4
6,216,G6-02,12,2025-05-20,3
6,222,G6-02,7,2025-05-17,6
6,223,G6-02,5,2025-05-17,6
6,230,G6-02,7,2025-05-20,3
6,245,G6-02,7,2025-05-17,6
6,246,G6-02,6,2025-05-18,5
6,247,G6-02,8,2025-05-22,1
6,248,G6-03,5,2025-05-20,3
6,249,G6-03,5,2025-05-19,4
6,250,G6-03,6,2025-05-18,5
6,251,G6-03,6,2025-05-20,3
6,252,G6-03,12,2025-05-17,6
6,253,G6-03,5,2025-05-20,3
6,254,G6-03,6,2025-05-08,15
6,255,G6-03,7,2025-05-04,19
6,256,G6-03,7,2025-05-18,5
6,257,G6-03,6,2025-05-16,7
6,258,G6-04,8,2025-05-20,3
6,259,G6-04,5,2025-05-17,6
6,260,G6-04,7,2025-05-19,4
6,261,G6-04,12,2025-05-19,4
6,262,G6-04,7,2025-05-13,10
6,263,G6-04,6,2025-05-20,3
6,264,G6-04,8,2025-05-01,22
6,265,G6-04,6,2025-05-22,1
6,266,G6-04,8,2025-05-19,4
6,267,G6-04,10,2025-05-20,3
6,268,G6-05,12,2025-05-21,2
6,269,G6-05,7,2025-05-20,3
6,270,G6-05,12,2025-05-21,2
6,271,G6-05,8,2025-05-23,0
6,272,G6-05,7,2025-05-20,3
6,379,G6-05,5,2025-05-18,5
6,380,G6-05,5,2025-05-17,6
7,287,G7-01,12,2025-05-13,10
7,288,G7-01,14,2025-05-15,8
7,289,G7-01,7,2025-05-22,1
7,290,G7-01,7,2025-05-23,0
7,291,G7-01,8,2025-05-21,2
7,292,G7-01,7,2025-05-20,3
7,293,G7-01,7,2025-05-20,3
7,294,G7-01,7,2025-05-05,18
7,295,G7-01,6,2025-05-18,5
7,296,G7-01,5,2025-05-21,2
7,297,G7-01,5,2025-05-18,5
7,298,G7-01,7,2025-05-22,1
7,299,G7-02,5,2025-05-20,3
7,300,G7-02,8,2025-05-19,4
7,301,G7-02,8,2025-05-21,2
7,302,G7-02,7,2025-05-19,4
7,303,G7-02,5,2025-05-21,2
7,304,G7-02,5,2025-05-22,1
7,305,G7-02,5,2025-05-17,6
7,306,G7-02,8,2025-05-14,9
7,307,G7-02,14,2025-05-13,10
7,308,G7-02,10,2025-05-08,15
7,309,G7-02,5,2025-05-23,0
7,310,G7-02,7,2025-05-17,6
7,311,G7-03,7,2025-05-21,2
7,328,G7-03,6,2025-05-17,6
7,329,G7-03,5,2025-05-20,3
7,330,G7-03,7,2025-05-21,2
7,331,G7-03,8,2025-05-18,5
7,332,G7-03,7,2025-05-18,5
7,333,G7-03,6,2025-05-21,2
7,334,G7-03,7,2025-05-18,5
7,335,G7-03,7,2025-05-22,1
7,336,G7-03,7,2025-05-21,2
7,337,G7-03,5,2025-05-15,8
7,338,G7-03,5,2025-05-13,10
7,339,G7-04,5,2025-05-15,8
7,340,G7-04,5,2025-05-20,3
7,341,G7-04,5,2025-05-19,4
7,342,G7-04,5,2025-05-22,1
7,343,G7-04,8,2025-05-22,1
7,344,G7-04,5,2025-05-19,4
7,345,G7-04,5,2025-05-21,2
7,346,G7-04,6,2025-05-23,0
7,347,G7-04,7,2025-05-19,4
7,348,G7-04,7,2025-05-23,0
