# SYNTHETIC. NDRE per block per month. Sentinel-2 L2A is free over Merauke and this layer could be computed for real; it is generated here so the layer works offline. Correlated with real yield.
division_code,block_code,month,ndre,ndre_baseline,cloud_pct
1,1,2025-01,0.3208,0.3251,3
1,1,2025-02,0.3185,0.3251,43
1,1,2025-03,0.322,0.3251,35
1,1,2025-04,0.3329,0.3251,33
1,1,2025-05,0.3271,0.3251,32
1,1,2025-06,0.3297,0.3251,61
1,1,2025-07,0.3384,0.3251,16
1,1,2025-08,0.3347,0.3251,66
1,1,2025-09,0.3352,0.3251,55
1,1,2025-10,0.3234,0.3251,52
1,1,2025-11,0.3271,0.3251,49
1,2,2025-01,0.3203,0.3302,28
1,2,2025-02,0.3229,0.3302,7
1,2,2025-03,0.3232,0.3302,12
1,2,2025-04,0.3381,0.3302,68
1,2,2025-05,0.3385,0.3302,14
1,2,2025-06,0.3354,0.3302,51
1,2,2025-07,0.3349,0.3302,18
1,2,2025-08,0.3381,0.3302,14
1,2,2025-09,0.3315,0.3302,22
1,2,2025-10,0.3249,0.3302,12
1,2,2025-11,0.3247,0.3302,42
1,3,2025-01,0.3272,0.3446,66
1,3,2025-02,0.3302,0.3446,60
1,3,2025-03,0.3396,0.3446,13
1,3,2025-04,0.3458,0.3446,71
1,3,2025-05,0.3486,0.3446,31
1,3,2025-06,0.3488,0.3446,49
1,3,2025-07,0.3502,0.3446,59
1,3,2025-08,0.3481,0.3446,8
1,3,2025-09,0.3566,0.3446,41
1,3,2025-10,0.3391,0.3446,49
1,3,2025-11,0.3319,0.3446,58
1,4,2025-01,0.3214,0.3388,26
1,4,2025-02,0.3278,0.3388,37
1,4,2025-03,0.3337,0.3388,15
1,4,2025-04,0.342,0.3388,27
1,4,2025-05,0.3511,0.3388,64
1,4,2025-06,0.3445,0.3388,41
1,4,2025-07,0.3441,0.3388,48
1,4,2025-08,0.3473,0.3388,44
1,4,2025-09,0.3503,0.3388,70
1,4,2025-10,0.3372,0.3388,47
1,4,2025-11,0.3347,0.3388,3
1,5,2025-01,0.3191,0.3353,42
1,5,2025-02,0.3223,0.3353,48
1,5,2025-03,0.3272,0.3353,55
1,5,2025-04,0.3288,0.3353,38
1,5,2025-05,0.3361,0.3353,34
1,5,2025-06,0.345,0.3353,10
1,5,2025-07,0.3475,0.3353,36
1,5,2025-08,0.3401,0.3353,71
1,5,2025-09,0.3382,0.3353,48
1,5,2025-10,0.3398,0.3353,50
1,5,2025-11,0.3372,0.3353,62
1,6,2025-01,0.3227,0.3342,9
1,6,2025-02,0.3166,0.3342,16
1,6,2025-03,0.3303,0.3342,70
1,6,2025-04,0.3354,0.3342,7
1,6,2025-05,0.3397,0.3342,23
1,6,2025-06,0.3502,0.3342,40
1,6,2025-07,0.3387,0.3342,47
1,6,2025-08,0.3479,0.3342,35
1,6,2025-09,0.3334,0.3342,8
1,6,2025-10,0.3345,0.3342,49
1,6,2025-11,0.3337,0.3342,66
1,7,2025-01,0.3379,0.3492,66
1,7,2025-02,0.3394,0.3492,47
1,7,2025-03,0.3488,0.3492,60
1,7,2025-04,0.3454,0.3492,40
1,7,2025-05,0.3497,0.3492,8
1,7,2025-06,0.3612,0.3492,66
1,7,2025-07,0.3689,0.3492,26
1,7,2025-08,0.3607,0.3492,36
1,7,2025-09,0.35,0.3492,24
1,7,2025-10,0.3449,0.3492,61
1,7,2025-11,0.3416,0.3492,22
1,8,2025-01,0.3441,0.3497,44
1,8,2025-02,0.3464,0.3497,17
1,8,2025-03,0.3489,0.3497,30
1,8,2025-04,0.3457,0.3497,23
1,8,2025-05,0.3506,0.3497,34
1,8,2025-06,0.3618,0.3497,52
1,8,2025-07,0.367,0.3497,49
1,8,2025-08,0.3583,0.3497,14
1,8,2025-09,0.3529,0.3497,32
1,8,2025-10,0.3524,0.3497,6
1,8,2025-11,0.3462,0.3497,68
1,9,2025-01,0.3326,0.3514,39
1,9,2025-02,0.335,0.3514,66
1,9,2025-03,0.3515,0.3514,34
1,9,2025-04,0.3435,0.3514,38
1,9,2025-05,0.3566,0.3514,48
1,9,2025-06,0.3566,0.3514,49
1,9,2025-07,0.3645,0.3514,52
1,9,2025-08,0.3671,0.3514,4
1,9,2025-09,0.3548,0.3514,15
1,9,2025-10,0.3568,0.3514,45
1,9,2025-11,0.3456,0.3514,24
1,10,2025-01,0.3351,0.3478,6
1,10,2025-02,0.3348,0.3478,57
1,10,2025-03,0.346,0.3478,19
1,10,2025-04,0.3472,0.3478,52
1,10,2025-05,0.3565,0.3478,63
1,10,2025-06,0.357,0.3478,8
1,10,2025-07,0.3594,0.3478,38
1,10,2025-08,0.3612,0.3478,49
1,10,2025-09,0.3589,0.3478,67
1,10,2025-10,0.3556,0.3478,28
1,10,2025-11,0.3427,0.3478,72
1,11,2025-01,0.3376,0.3519,52
1,11,2025-02,0.3416,0.3519,63
1,11,2025-03,0.3493,0.3519,21
1,11,2025-04,0.3451,0.3519,65
1,11,2025-05,0.3586,0.3519,58
1,11,2025-06,0.359,0.3519,19
1,11,2025-07,0.3685,0.3519,51
1,11,2025-08,0.3559,0.3519,64
1,11,2025-09,0.3504,0.3519,39
1,11,2025-10,0.3507,0.3519,37
1,11,2025-11,0.3496,0.3519,64
1,12,2025-01,0.3479,0.3631,14
1,12,2025-02,0.3458,0.3631,51
1,12,2025-03,0.3649,0.3631,69
1,12,2025-04,0.3633,0.3631,1
1,12,2025-05,0.3671,0.3631,3
1,12,2025-06,0.3669,0.3631,36
1,12,2025-07,0.3788,0.3631,30
1,12,2025-08,0.3775,0.3631,45
1,12,2025-09,0.3765,0.3631,2
1,12,2025-10,0.3593,0.3631,9
1,12,2025-11,0.3581,0.3631,61
1,13,2025-01,0.3379,0.3454,24
1,13,2025-02,0.3409,0.3454,22
1,13,2025-03,0.3321,0.3454,30
1,13,2025-04,0.3529,0.3454,14
1,13,2025-05,0.3532,0.3454,0
1,13,2025-06,0.3614,0.3454,34
1,13,2025-07,0.3552,0.3454,32
1,13,2025-08,0.3535,0.3454,34
1,13,2025-09,0.3558,0.3454,22
1,13,2025-10,0.3425,0.3454,6
1,13,2025-11,0.3418,0.3454,23
1,14,2025-01,0.348,0.359,62
1,14,2025-02,0.3513,0.359,55
1,14,2025-03,0.3528,0.359,38
1,14,2025-04,0.3537,0.359,62
1,14,2025-05,0.3594,0.359,29
1,14,2025-06,0.3642,0.359,53
1,14,2025-07,0.3673,0.359,34
1,14,2025-08,0.377,0.359,58
1,14,2025-09,0.3597,0.359,34
1,14,2025-10,0.3607,0.359,51
1,14,2025-11,0.3493,0.359,20
1,15,2025-01,0.3369,0.3535,38
1,15,2025-02,0.3446,0.3535,47
1,15,2025-03,0.3446,0.3535,58
1,15,2025-04,0.3507,0.3535,67
1,15,2025-05,0.3605,0.3535,68
1,15,2025-06,0.3616,0.3535,45
1,15,2025-07,0.3624,0.3535,70
1,15,2025-08,0.3688,0.3535,35
1,15,2025-09,0.3541,0.3535,58
1,15,2025-10,0.3578,0.3535,32
1,15,2025-11,0.3529,0.3535,5
1,16,2025-01,0.3216,0.3337,69
1,16,2025-02,0.3203,0.3337,7
1,16,2025-03,0.3261,0.3337,53
1,16,2025-04,0.3279,0.3337,19
1,16,2025-05,0.3355,0.3337,0
1,16,2025-06,0.3501,0.3337,66
1,16,2025-07,0.3453,0.3337,21
1,16,2025-08,0.3407,0.3337,27
1,16,2025-09,0.3447,0.3337,15
1,16,2025-10,0.3414,0.3337,66
1,16,2025-11,0.3243,0.3337,26
1,17,2025-01,0.3231,0.3302,11
1,17,2025-02,0.32,0.3302,3
1,17,2025-03,0.3166,0.3302,32
1,17,2025-04,0.3343,0.3302,36
1,17,2025-05,0.3345,0.3302,60
1,17,2025-06,0.3382,0.3302,45
1,17,2025-07,0.3412,0.3302,22
1,17,2025-08,0.3358,0.3302,4
1,17,2025-09,0.3355,0.3302,39
1,17,2025-10,0.3325,0.3302,2
1,17,2025-11,0.3163,0.3302,57
1,18,2025-01,0.3126,0.3227,27
1,18,2025-02,0.3181,0.3227,33
1,18,2025-03,0.3209,0.3227,22
1,18,2025-04,0.3148,0.3227,0
1,18,2025-05,0.3348,0.3227,11
1,18,2025-06,0.339,0.3227,69
1,18,2025-07,0.3269,0.3227,66
1,18,2025-08,0.3273,0.3227,53
1,18,2025-09,0.3253,0.3227,0
1,18,2025-10,0.3286,0.3227,72
1,18,2025-11,0.3223,0.3227,7
1,19,2025-01,0.3136,0.3302,1
1,19,2025-02,0.3153,0.3302,17
1,19,2025-03,0.3179,0.3302,7
1,19,2025-04,0.3283,0.3302,32
1,19,2025-05,0.3373,0.3302,61
1,19,2025-06,0.3358,0.3302,30
1,19,2025-07,0.3482,0.3302,34
1,19,2025-08,0.3366,0.3302,25
1,19,2025-09,0.3361,0.3302,10
1,19,2025-10,0.3359,0.3302,32
1,19,2025-11,0.3272,0.3302,37
1,20,2025-01,0.3298,0.3416,19
1,20,2025-02,0.3234,0.3416,66
1,20,2025-03,0.3433,0.3416,16
1,20,2025-04,0.3406,0.3416,26
1,20,2025-05,0.3417,0.3416,44
1,20,2025-06,0.3488,0.3416,68
1,20,2025-07,0.3475,0.3416,23
1,20,2025-08,0.3558,0.3416,61
1,20,2025-09,0.3448,0.3416,15
1,20,2025-10,0.3474,0.3416,55
1,20,2025-11,0.3396,0.3416,56
1,21,2025-01,0.3191,0.3364,62
1,21,2025-02,0.3188,0.3364,37
1,21,2025-03,0.3294,0.3364,70
1,21,2025-04,0.3305,0.3364,32
1,21,2025-05,0.3495,0.3364,65
1,21,2025-06,0.3448,0.3364,7
1,21,2025-07,0.3527,0.3364,69
1,21,2025-08,0.3421,0.3364,37
1,21,2025-09,0.3465,0.3364,70
1,21,2025-10,0.3346,0.3364,59
1,21,2025-11,0.3276,0.3364,55
1,22,2025-01,0.3208,0.3371,47
1,22,2025-02,0.327,0.3371,53
1,22,2025-03,0.3347,0.3371,40
1,22,2025-04,0.3338,0.3371,42
1,22,2025-05,0.3479,0.3371,35
1,22,2025-06,0.3446,0.3371,7
1,22,2025-07,0.3561,0.3371,69
1,22,2025-08,0.3426,0.3371,36
1,22,2025-09,0.351,0.3371,9
1,22,2025-10,0.3349,0.3371,55
1,22,2025-11,0.3364,0.3371,29
1,23,2025-01,0.3126,0.3298,30
1,23,2025-02,0.3202,0.3298,44
1,23,2025-03,0.3276,0.3298,37
1,23,2025-04,0.3227,0.3298,27
1,23,2025-05,0.3297,0.3298,27
1,23,2025-06,0.3379,0.3298,42
1,23,2025-07,0.3407,0.3298,24
1,23,2025-08,0.3439,0.3298,67
1,23,2025-09,0.3347,0.3298,50
1,23,2025-10,0.3363,0.3298,1
1,23,2025-11,0.3292,0.3298,32
1,24,2025-01,0.3338,0.3474,20
1,24,2025-02,0.3291,0.3474,28
1,24,2025-03,0.3377,0.3474,41
1,24,2025-04,0.3414,0.3474,53
1,24,2025-05,0.3602,0.3474,39
1,24,2025-06,0.3541,0.3474,48
1,24,2025-07,0.3554,0.3474,60
1,24,2025-08,0.3602,0.3474,70
1,24,2025-09,0.3542,0.3474,6
1,24,2025-10,0.3397,0.3474,24
1,24,2025-11,0.3421,0.3474,69
1,25,2025-01,0.3579,0.3642,17
1,25,2025-02,0.3478,0.3642,3
1,25,2025-03,0.3615,0.3642,60
1,25,2025-04,0.3684,0.3642,18
1,25,2025-05,0.3644,0.3642,43
1,25,2025-06,0.3786,0.3642,70
1,25,2025-07,0.3838,0.3642,27
1,25,2025-08,0.3781,0.3642,11
1,25,2025-09,0.3629,0.3642,22
1,25,2025-10,0.3574,0.3642,72
1,25,2025-11,0.3647,0.3642,1
1,26,2025-01,0.3474,0.363,7
1,26,2025-02,0.3503,0.363,62
1,26,2025-03,0.3563,0.363,58
1,26,2025-04,0.3641,0.363,11
1,26,2025-05,0.3768,0.363,42
1,26,2025-06,0.3793,0.363,19
1,26,2025-07,0.3692,0.363,23
1,26,2025-08,0.3763,0.363,2
1,26,2025-09,0.3655,0.363,27
1,26,2025-10,0.3594,0.363,5
1,26,2025-11,0.3505,0.363,10
1,27,2025-01,0.3231,0.3381,63
1,27,2025-02,0.3321,0.3381,56
1,27,2025-03,0.3333,0.3381,4
1,27,2025-04,0.345,0.3381,12
1,27,2025-05,0.342,0.3381,56
1,27,2025-06,0.3433,0.3381,58
1,27,2025-07,0.3487,0.3381,32
1,27,2025-08,0.3511,0.3381,55
1,27,2025-09,0.3443,0.3381,26
1,27,2025-10,0.3369,0.3381,50
1,27,2025-11,0.3375,0.3381,20
1,28,2025-01,0.3376,0.3531,30
1,28,2025-02,0.344,0.3531,45
1,28,2025-03,0.354,0.3531,18
1,28,2025-04,0.3605,0.3531,57
1,28,2025-05,0.3596,0.3531,65
1,28,2025-06,0.36,0.3531,27
1,28,2025-07,0.3697,0.3531,44
1,28,2025-08,0.3578,0.3531,9
1,28,2025-09,0.3621,0.3531,24
1,28,2025-10,0.3577,0.3531,13
1,28,2025-11,0.3475,0.3531,18
1,29,2025-01,0.333,0.3483,47
1,29,2025-02,0.3422,0.3483,23
1,29,2025-03,0.337,0.3483,14
1,29,2025-04,0.3549,0.3483,13
1,29,2025-05,0.3513,0.3483,51
1,29,2025-06,0.3569,0.3483,9
1,29,2025-07,0.3626,0.3483,14
1,29,2025-08,0.3661,0.3483,35
1,29,2025-09,0.3581,0.3483,46
1,29,2025-10,0.3509,0.3483,19
1,29,2025-11,0.3344,0.3483,28
1,30,2025-01,0.308,0.3257,4
1,30,2025-02,0.3122,0.3257,12
1,30,2025-03,0.3276,0.3257,47
1,30,2025-04,0.3181,0.3257,7
1,30,2025-05,0.3362,0.3257,16
1,30,2025-06,0.3335,0.3257,28
1,30,2025-07,0.3362,0.3257,19
1,30,2025-08,0.3326,0.3257,11
1,30,2025-09,0.3241,0.3257,5
1,30,2025-10,0.3316,0.3257,20
1,30,2025-11,0.3171,0.3257,35
1,31,2025-01,0.3284,0.3394,39
1,31,2025-02,0.3361,0.3394,28
1,31,2025-03,0.3376,0.3394,32
1,31,2025-04,0.3405,0.3394,27
1,31,2025-05,0.3461,0.3394,48
1,31,2025-06,0.3546,0.3394,1
1,31,2025-07,0.3502,0.3394,34
1,31,2025-08,0.345,0.3394,64
1,31,2025-09,0.3482,0.3394,38
1,31,2025-10,0.3329,0.3394,2
1,31,2025-11,0.3383,0.3394,21
1,32,2025-01,0.318,0.3342,13
1,32,2025-02,0.3165,0.3342,60
1,32,2025-03,0.3312,0.3342,29
1,32,2025-04,0.3352,0.3342,5
1,32,2025-05,0.3336,0.3342,14
1,32,2025-06,0.3461,0.3342,25
1,32,2025-07,0.3387,0.3342,26
1,32,2025-08,0.3422,0.3342,3
1,32,2025-09,0.3463,0.3342,65
1,32,2025-10,0.3336,0.3342,64
1,32,2025-11,0.3263,0.3342,37
1,33,2025-01,0.3112,0.3255,14
1,33,2025-02,0.3173,0.3255,33
1,33,2025-03,0.3223,0.3255,44
1,33,2025-04,0.3185,0.3255,8
1,33,2025-05,0.338,0.3255,14
1,33,2025-06,0.338,0.3255,7
1,33,2025-07,0.3409,0.3255,64
1,33,2025-08,0.3295,0.3255,32
1,33,2025-09,0.3238,0.3255,51
1,33,2025-10,0.3285,0.3255,70
1,33,2025-11,0.3218,0.3255,66
1,34,2025-01,0.3448,0.3562,70
1,34,2025-02,0.3383,0.3562,25
1,34,2025-03,0.3496,0.3562,50
1,34,2025-04,0.3529,0.3562,37
1,34,2025-05,0.3603,0.3562,25
1,34,2025-06,0.3596,0.3562,21
1,34,2025-07,0.3681,0.3562,31
1,34,2025-08,0.3587,0.3562,0
1,34,2025-09,0.3563,0.3562,31
1,34,2025-10,0.3541,0.3562,10
1,34,2025-11,0.3452,0.3562,44
1,35,2025-01,0.3373,0.3445,65
1,35,2025-02,0.3416,0.3445,26
1,35,2025-03,0.3404,0.3445,47
1,35,2025-04,0.3436,0.3445,70
1,35,2025-05,0.3535,0.3445,63
1,35,2025-06,0.3475,0.3445,32
1,35,2025-07,0.3487,0.3445,0
1,35,2025-08,0.3582,0.3445,65
1,35,2025-09,0.3548,0.3445,49
1,35,2025-10,0.3496,0.3445,13
1,35,2025-11,0.3376,0.3445,2
1,36,2025-01,0.3103,0.3282,46
1,36,2025-02,0.3178,0.3282,55
1,36,2025-03,0.319,0.3282,17
1,36,2025-04,0.3345,0.3282,20
1,36,2025-05,0.3288,0.3282,32
1,36,2025-06,0.3422,0.3282,15
1,36,2025-07,0.3345,0.3282,9
1,36,2025-08,0.3306,0.3282,69
1,36,2025-09,0.3409,0.3282,51
1,36,2025-10,0.322,0.3282,18
1,36,2025-11,0.3175,0.3282,8
1,37,2025-01,0.3256,0.3339,38
1,37,2025-02,0.3266,0.3339,41
1,37,2025-03,0.3297,0.3339,63
1,37,2025-04,0.3381,0.3339,9
1,37,2025-05,0.3375,0.3339,25
1,37,2025-06,0.338,0.3339,26
1,37,2025-07,0.3497,0.3339,61
1,37,2025-08,0.3398,0.3339,70
1,37,2025-09,0.3356,0.3339,13
1,37,2025-10,0.3408,0.3339,35
1,37,2025-11,0.3215,0.3339,48
1,38,2025-01,0.3331,0.3398,0
1,38,2025-02,0.3277,0.3398,38
1,38,2025-03,0.3368,0.3398,57
1,38,2025-04,0.3342,0.3398,11
1,38,2025-05,0.3532,0.3398,22
1,38,2025-06,0.3435,0.3398,52
1,38,2025-07,0.3487,0.3398,72
1,38,2025-08,0.351,0.3398,52
1,38,2025-09,0.3489,0.3398,15
1,38,2025-10,0.3334,0.3398,62
1,38,2025-11,0.3361,0.3398,54
1,39,2025-01,0.3271,0.3366,63
1,39,2025-02,0.3231,0.3366,67
1,39,2025-03,0.3275,0.3366,31
1,39,2025-04,0.3394,0.3366,24
1,39,2025-05,0.3465,0.3366,52
1,39,2025-06,0.3426,0.3366,23
1,39,2025-07,0.3424,0.3366,20
1,39,2025-08,0.3473,0.3366,12
1,39,2025-09,0.3391,0.3366,3
1,39,2025-10,0.3378,0.3366,42
1,39,2025-11,0.3267,0.3366,58
2,40,2025-01,0.3271,0.3394,51
2,40,2025-02,0.3356,0.3394,9
2,40,2025-03,0.3304,0.3394,27
2,40,2025-04,0.3395,0.3394,23
2,40,2025-05,0.3506,0.3394,20
2,40,2025-06,0.3554,0.3394,14
2,40,2025-07,0.3497,0.3394,66
2,40,2025-08,0.3441,0.3394,16
2,40,2025-09,0.3486,0.3394,28
2,40,2025-10,0.3331,0.3394,3
2,40,2025-11,0.3411,0.3394,70
2,41,2025-01,0.3227,0.3319,71
2,41,2025-02,0.3198,0.3319,0
2,41,2025-03,0.3278,0.3319,29
2,41,2025-04,0.3341,0.3319,72
2,41,2025-05,0.3377,0.3319,17
2,41,2025-06,0.3456,0.3319,38
2,41,2025-07,0.3468,0.3319,71
2,41,2025-08,0.3424,0.3319,11
2,41,2025-09,0.3444,0.3319,66
2,41,2025-10,0.3254,0.3319,6
2,41,2025-11,0.3192,0.3319,43
2,42,2025-01,0.3406,0.3528,38
2,42,2025-02,0.336,0.3528,60
2,42,2025-03,0.34,0.3528,16
2,42,2025-04,0.3593,0.3528,18
2,42,2025-05,0.3563,0.3528,50
2,42,2025-06,0.3563,0.3528,8
2,42,2025-07,0.3663,0.3528,24
2,42,2025-08,0.3706,0.3528,4
2,42,2025-09,0.3606,0.3528,64
2,42,2025-10,0.3603,0.3528,2
2,42,2025-11,0.3513,0.3528,18
2,43,2025-01,0.3444,0.3498,10
2,43,2025-02,0.345,0.3498,60
2,43,2025-03,0.3446,0.3498,44
2,43,2025-04,0.3493,0.3498,16
2,43,2025-05,0.3499,0.3498,62
2,43,2025-06,0.3604,0.3498,55
2,43,2025-07,0.3639,0.3498,9
2,43,2025-08,0.3615,0.3498,20
2,43,2025-09,0.3532,0.3498,6
2,43,2025-10,0.3506,0.3498,67
2,43,2025-11,0.3452,0.3498,62
2,44,2025-01,0.3406,0.3469,7
2,44,2025-02,0.3428,0.3469,33
2,44,2025-03,0.3401,0.3469,18
2,44,2025-04,0.3484,0.3469,56
2,44,2025-05,0.3577,0.3469,43
2,44,2025-06,0.3566,0.3469,54
2,44,2025-07,0.3657,0.3469,18
2,44,2025-08,0.3607,0.3469,32
2,44,2025-09,0.3482,0.3469,43
2,44,2025-10,0.3392,0.3469,17
2,44,2025-11,0.3429,0.3469,54
2,45,2025-01,0.3196,0.3354,7
2,45,2025-02,0.3222,0.3354,43
2,45,2025-03,0.3298,0.3354,62
2,45,2025-04,0.3342,0.3354,60
2,45,2025-05,0.341,0.3354,64
2,45,2025-06,0.3493,0.3354,56
2,45,2025-07,0.3485,0.3354,59
2,45,2025-08,0.3522,0.3354,60
2,45,2025-09,0.3406,0.3354,56
2,45,2025-10,0.3392,0.3354,69
2,45,2025-11,0.3281,0.3354,71
2,46,2025-01,0.3394,0.35,42
2,46,2025-02,0.3356,0.35,24
2,46,2025-03,0.352,0.35,46
2,46,2025-04,0.3579,0.35,62
2,46,2025-05,0.3496,0.35,58
2,46,2025-06,0.3684,0.35,4
2,46,2025-07,0.3651,0.35,43
2,46,2025-08,0.3619,0.35,47
2,46,2025-09,0.3637,0.35,53
2,46,2025-10,0.3525,0.35,1
2,46,2025-11,0.35,0.35,5
2,47,2025-01,0.3404,0.3591,64
2,47,2025-02,0.355,0.3591,55
2,47,2025-03,0.3532,0.3591,60
2,47,2025-04,0.3624,0.3591,26
2,47,2025-05,0.366,0.3591,4
2,47,2025-06,0.3684,0.3591,4
2,47,2025-07,0.3701,0.3591,72
2,47,2025-08,0.3636,0.3591,17
2,47,2025-09,0.3632,0.3591,13
2,47,2025-10,0.3526,0.3591,6
2,47,2025-11,0.3467,0.3591,43
2,49,2025-01,0.346,0.3514,25
2,49,2025-02,0.3397,0.3514,64
2,49,2025-03,0.3511,0.3514,53
2,49,2025-04,0.3527,0.3514,28
2,49,2025-05,0.3593,0.3514,67
2,49,2025-06,0.3659,0.3514,30
2,49,2025-07,0.3647,0.3514,20
2,49,2025-08,0.3543,0.3514,39
2,49,2025-09,0.3521,0.3514,22
2,49,2025-10,0.3547,0.3514,26
2,49,2025-11,0.3377,0.3514,26
2,50,2025-01,0.3406,0.3476,26
2,50,2025-02,0.3292,0.3476,15
2,50,2025-03,0.3351,0.3476,64
2,50,2025-04,0.3421,0.3476,29
2,50,2025-05,0.3606,0.3476,70
2,50,2025-06,0.3613,0.3476,37
2,50,2025-07,0.3665,0.3476,37
2,50,2025-08,0.3532,0.3476,45
2,50,2025-09,0.3611,0.3476,68
2,50,2025-10,0.3415,0.3476,13
2,50,2025-11,0.3408,0.3476,51
2,51,2025-01,0.3233,0.3334,51
2,51,2025-02,0.3209,0.3334,21
2,51,2025-03,0.3281,0.3334,24
2,51,2025-04,0.3352,0.3334,50
2,51,2025-05,0.3368,0.3334,30
2,51,2025-06,0.3442,0.3334,7
2,51,2025-07,0.3482,0.3334,1
2,51,2025-08,0.3402,0.3334,6
2,51,2025-09,0.3327,0.3334,39
2,51,2025-10,0.3295,0.3334,37
2,51,2025-11,0.32,0.3334,59
2,52,2025-01,0.3261,0.331,69
2,52,2025-02,0.3148,0.331,39
2,52,2025-03,0.3203,0.331,17
2,52,2025-04,0.3253,0.331,20
2,52,2025-05,0.335,0.331,49
2,52,2025-06,0.342,0.331,41
2,52,2025-07,0.3483,0.331,39
2,52,2025-08,0.336,0.331,65
2,52,2025-09,0.3331,0.331,59
2,52,2025-10,0.3268,0.331,51
2,52,2025-11,0.3238,0.331,9
2,53,2025-01,0.3301,0.3486,47
2,53,2025-02,0.3438,0.3486,42
2,53,2025-03,0.3436,0.3486,62
2,53,2025-04,0.3437,0.3486,30
2,53,2025-05,0.3488,0.3486,18
2,53,2025-06,0.3642,0.3486,62
2,53,2025-07,0.3671,0.3486,72
2,53,2025-08,0.364,0.3486,52
2,53,2025-09,0.3621,0.3486,47
2,53,2025-10,0.3537,0.3486,52
2,53,2025-11,0.3383,0.3486,14
2,54,2025-01,0.3181,0.3252,72
2,54,2025-02,0.3152,0.3252,29
2,54,2025-03,0.326,0.3252,30
2,54,2025-04,0.3266,0.3252,31
2,54,2025-05,0.3292,0.3252,32
2,54,2025-06,0.3385,0.3252,22
2,54,2025-07,0.3298,0.3252,12
2,54,2025-08,0.3322,0.3252,47
2,54,2025-09,0.3367,0.3252,3
2,54,2025-10,0.3202,0.3252,29
2,54,2025-11,0.3152,0.3252,48
2,55,2025-01,0.3256,0.3452,3
2,55,2025-02,0.3314,0.3452,45
2,55,2025-03,0.3356,0.3452,72
2,55,2025-04,0.3442,0.3452,72
2,55,2025-05,0.352,0.3452,6
2,55,2025-06,0.3525,0.3452,0
2,55,2025-07,0.3626,0.3452,46
2,55,2025-08,0.3533,0.3452,36
2,55,2025-09,0.3469,0.3452,53
2,55,2025-10,0.3498,0.3452,53
2,55,2025-11,0.3403,0.3452,16
2,56,2025-01,0.3341,0.3382,20
2,56,2025-02,0.321,0.3382,66
2,56,2025-03,0.3402,0.3382,46
2,56,2025-04,0.3365,0.3382,59
2,56,2025-05,0.3468,0.3382,61
2,56,2025-06,0.3423,0.3382,29
2,56,2025-07,0.3506,0.3382,0
2,56,2025-08,0.3507,0.3382,7
2,56,2025-09,0.3409,0.3382,64
2,56,2025-10,0.3424,0.3382,7
2,56,2025-11,0.3384,0.3382,21
2,57,2025-01,0.3142,0.3246,21
2,57,2025-02,0.3086,0.3246,52
2,57,2025-03,0.3119,0.3246,24
2,57,2025-04,0.3301,0.3246,6
2,57,2025-05,0.328,0.3246,4
2,57,2025-06,0.332,0.3246,8
2,57,2025-07,0.3369,0.3246,57
2,57,2025-08,0.337,0.3246,7
2,57,2025-09,0.3356,0.3246,51
2,57,2025-10,0.3191,0.3246,22
2,57,2025-11,0.3161,0.3246,46
2,58,2025-01,0.3261,0.3326,4
2,58,2025-02,0.3215,0.3326,41
2,58,2025-03,0.3229,0.3326,12
2,58,2025-04,0.3309,0.3326,70
2,58,2025-05,0.3313,0.3326,45
2,58,2025-06,0.3381,0.3326,1
2,58,2025-07,0.3374,0.3326,9
2,58,2025-08,0.3498,0.3326,32
2,58,2025-09,0.3401,0.3326,45
2,58,2025-10,0.3397,0.3326,9
2,58,2025-11,0.3264,0.3326,71
2,59,2025-01,0.3303,0.3417,7
2,59,2025-02,0.3328,0.3417,13
2,59,2025-03,0.3415,0.3417,67
2,59,2025-04,0.3433,0.3417,44
2,59,2025-05,0.3534,0.3417,29
2,59,2025-06,0.3521,0.3417,65
2,59,2025-07,0.3603,0.3417,72
2,59,2025-08,0.3445,0.3417,4
2,59,2025-09,0.354,0.3417,58
2,59,2025-10,0.3379,0.3417,12
2,59,2025-11,0.3435,0.3417,62
2,60,2025-01,0.3329,0.3505,46
2,60,2025-02,0.3406,0.3505,19
2,60,2025-03,0.3388,0.3505,13
2,60,2025-04,0.3533,0.3505,68
2,60,2025-05,0.3605,0.3505,59
2,60,2025-06,0.3597,0.3505,60
2,60,2025-07,0.3679,0.3505,40
2,60,2025-08,0.3567,0.3505,22
2,60,2025-09,0.3485,0.3505,55
2,60,2025-10,0.352,0.3505,62
2,60,2025-11,0.3432,0.3505,18
2,62,2025-01,0.3182,0.3361,28
2,62,2025-02,0.3333,0.3361,49
2,62,2025-03,0.3335,0.3361,3
2,62,2025-04,0.3329,0.3361,11
2,62,2025-05,0.3376,0.3361,4
2,62,2025-06,0.3471,0.3361,42
2,62,2025-07,0.3434,0.3361,4
2,62,2025-08,0.339,0.3361,36
2,62,2025-09,0.3441,0.3361,38
2,62,2025-10,0.3441,0.3361,5
2,62,2025-11,0.3275,0.3361,14
2,63,2025-01,0.3247,0.344,24
2,63,2025-02,0.3359,0.344,54
2,63,2025-03,0.3399,0.344,40
2,63,2025-04,0.3508,0.344,57
2,63,2025-05,0.3579,0.344,54
2,63,2025-06,0.3493,0.344,12
2,63,2025-07,0.3572,0.344,15
2,63,2025-08,0.3601,0.344,30
2,63,2025-09,0.3435,0.344,37
2,63,2025-10,0.3515,0.344,30
2,63,2025-11,0.3363,0.344,41
2,64,2025-01,0.3258,0.3364,67
2,64,2025-02,0.3233,0.3364,32
2,64,2025-03,0.335,0.3364,27
2,64,2025-04,0.3302,0.3364,4
2,64,2025-05,0.3388,0.3364,44
2,64,2025-06,0.3388,0.3364,59
2,64,2025-07,0.3543,0.3364,31
2,64,2025-08,0.3489,0.3364,4
2,64,2025-09,0.3426,0.3364,64
2,64,2025-10,0.3297,0.3364,12
2,64,2025-11,0.3272,0.3364,34
2,65,2025-01,0.3313,0.3487,51
2,65,2025-02,0.3313,0.3487,67
2,65,2025-03,0.3422,0.3487,0
2,65,2025-04,0.3486,0.3487,14
2,65,2025-05,0.3554,0.3487,26
2,65,2025-06,0.3631,0.3487,33
2,65,2025-07,0.356,0.3487,30
2,65,2025-08,0.353,0.3487,2
2,65,2025-09,0.3509,0.3487,18
2,65,2025-10,0.3546,0.3487,13
2,65,2025-11,0.3382,0.3487,49
2,66,2025-01,0.334,0.3451,50
2,66,2025-02,0.33,0.3451,58
2,66,2025-03,0.3312,0.3451,5
2,66,2025-04,0.3465,0.3451,38
2,66,2025-05,0.3538,0.3451,3
2,66,2025-06,0.361,0.3451,20
2,66,2025-07,0.3647,0.3451,49
2,66,2025-08,0.3548,0.3451,49
2,66,2025-09,0.3462,0.3451,62
2,66,2025-10,0.3521,0.3451,30
2,66,2025-11,0.3415,0.3451,54
2,67,2025-01,0.3288,0.3405,14
2,67,2025-02,0.3372,0.3405,20
2,67,2025-03,0.3418,0.3405,38
2,67,2025-04,0.344,0.3405,45
2,67,2025-05,0.3421,0.3405,54
2,67,2025-06,0.354,0.3405,68
2,67,2025-07,0.3497,0.3405,63
2,67,2025-08,0.356,0.3405,36
2,67,2025-09,0.341,0.3405,56
2,67,2025-10,0.3392,0.3405,38
2,67,2025-11,0.3267,0.3405,19
2,68,2025-01,0.3242,0.3392,7
2,68,2025-02,0.3329,0.3392,30
2,68,2025-03,0.3373,0.3392,10
2,68,2025-04,0.3422,0.3392,39
2,68,2025-05,0.3478,0.3392,18
2,68,2025-06,0.3555,0.3392,63
2,68,2025-07,0.3548,0.3392,48
2,68,2025-08,0.3438,0.3392,10
2,68,2025-09,0.3476,0.3392,56
2,68,2025-10,0.3467,0.3392,72
2,68,2025-11,0.3326,0.3392,20
2,69,2025-01,0.3219,0.3403,18
2,69,2025-02,0.3359,0.3403,46
2,69,2025-03,0.337,0.3403,22
2,69,2025-04,0.3333,0.3403,39
2,69,2025-05,0.3513,0.3403,4
2,69,2025-06,0.3466,0.3403,32
2,69,2025-07,0.3486,0.3403,55
2,69,2025-08,0.3475,0.3403,40
2,69,2025-09,0.3474,0.3403,64
2,69,2025-10,0.3438,0.3403,30
2,69,2025-11,0.3302,0.3403,57
2,70,2025-01,0.3337,0.3447,50
2,70,2025-02,0.3397,0.3447,56
2,70,2025-03,0.3407,0.3447,46
2,70,2025-04,0.3427,0.3447,14
2,70,2025-05,0.346,0.3447,28
2,70,2025-06,0.3542,0.3447,70
2,70,2025-07,0.3605,0.3447,20
2,70,2025-08,0.3534,0.3447,59
2,70,2025-09,0.3524,0.3447,1
2,70,2025-10,0.3437,0.3447,24
2,70,2025-11,0.3397,0.3447,18
2,71,2025-01,0.3316,0.3474,70
2,71,2025-02,0.3335,0.3474,49
2,71,2025-03,0.3455,0.3474,23
2,71,2025-04,0.344,0.3474,60
2,71,2025-05,0.349,0.3474,40
2,71,2025-06,0.3635,0.3474,8
2,71,2025-07,0.3666,0.3474,46
2,71,2025-08,0.3596,0.3474,26
2,71,2025-09,0.3469,0.3474,22
2,71,2025-10,0.3399,0.3474,63
2,71,2025-11,0.3415,0.3474,50
2,72,2025-01,0.3329,0.3399,64
2,72,2025-02,0.3324,0.3399,21
2,72,2025-03,0.3324,0.3399,47
2,72,2025-04,0.3419,0.3399,34
2,72,2025-05,0.3511,0.3399,72
2,72,2025-06,0.354,0.3399,56
2,72,2025-07,0.3547,0.3399,19
2,72,2025-08,0.3565,0.3399,16
2,72,2025-09,0.3395,0.3399,3
2,72,2025-10,0.3325,0.3399,16
2,72,2025-11,0.3374,0.3399,11
2,73,2025-01,0.3245,0.3387,55
2,73,2025-02,0.3287,0.3387,67
2,73,2025-03,0.3406,0.3387,25
2,73,2025-04,0.331,0.3387,55
2,73,2025-05,0.345,0.3387,12
2,73,2025-06,0.353,0.3387,11
2,73,2025-07,0.3543,0.3387,5
2,73,2025-08,0.3534,0.3387,37
2,73,2025-09,0.3426,0.3387,47
2,73,2025-10,0.3425,0.3387,29
2,73,2025-11,0.3383,0.3387,7
2,74,2025-01,0.3405,0.3504,25
2,74,2025-02,0.3409,0.3504,4
2,74,2025-03,0.3371,0.3504,11
2,74,2025-04,0.3569,0.3504,34
2,74,2025-05,0.349,0.3504,31
2,74,2025-06,0.3529,0.3504,10
2,74,2025-07,0.3687,0.3504,56
2,74,2025-08,0.3663,0.3504,30
2,74,2025-09,0.3566,0.3504,20
2,74,2025-10,0.3455,0.3504,59
2,74,2025-11,0.3419,0.3504,15
2,382,2025-01,0.3236,0.3366,16
2,382,2025-02,0.3213,0.3366,66
2,382,2025-03,0.3273,0.3366,21
2,382,2025-04,0.3298,0.3366,68
2,382,2025-05,0.3493,0.3366,39
2,382,2025-06,0.3497,0.3366,24
2,382,2025-07,0.3522,0.3366,55
2,382,2025-08,0.3427,0.3366,9
2,382,2025-09,0.3411,0.3366,34
2,382,2025-10,0.3403,0.3366,72
2,382,2025-11,0.335,0.3366,10
3,75,2025-01,0.3243,0.3352,12
3,75,2025-02,0.3239,0.3352,42
3,75,2025-03,0.3351,0.3352,48
3,75,2025-04,0.3402,0.3352,63
3,75,2025-05,0.3469,0.3352,32
3,75,2025-06,0.3507,0.3352,6
3,75,2025-07,0.34,0.3352,40
3,75,2025-08,0.3436,0.3352,3
3,75,2025-09,0.3449,0.3352,48
3,75,2025-10,0.3402,0.3352,32
3,75,2025-11,0.3299,0.3352,62
3,76,2025-01,0.3408,0.3577,15
3,76,2025-02,0.3428,0.3577,56
3,76,2025-03,0.3438,0.3577,9
3,76,2025-04,0.359,0.3577,64
3,76,2025-05,0.3717,0.3577,68
3,76,2025-06,0.3732,0.3577,7
3,76,2025-07,0.3693,0.3577,16
3,76,2025-08,0.3655,0.3577,48
3,76,2025-09,0.3609,0.3577,41
3,76,2025-10,0.3583,0.3577,15
3,76,2025-11,0.3449,0.3577,32
3,77,2025-01,0.3457,0.3616,61
3,77,2025-02,0.3567,0.3616,36
3,77,2025-03,0.3556,0.3616,42
3,77,2025-04,0.3677,0.3616,68
3,77,2025-05,0.3721,0.3616,19
3,77,2025-06,0.3714,0.3616,2
3,77,2025-07,0.3744,0.3616,17
3,77,2025-08,0.37,0.3616,20
3,77,2025-09,0.3697,0.3616,33
3,77,2025-10,0.3659,0.3616,50
3,77,2025-11,0.3634,0.3616,32
3,78,2025-01,0.335,0.3402,52
3,78,2025-02,0.3336,0.3402,18
3,78,2025-03,0.3365,0.3402,35
3,78,2025-04,0.339,0.3402,46
3,78,2025-05,0.3416,0.3402,48
3,78,2025-06,0.3499,0.3402,27
3,78,2025-07,0.3498,0.3402,22
3,78,2025-08,0.3488,0.3402,33
3,78,2025-09,0.3523,0.3402,64
3,78,2025-10,0.3333,0.3402,59
3,78,2025-11,0.3392,0.3402,9
3,79,2025-01,0.3294,0.348,39
3,79,2025-02,0.3395,0.348,6
3,79,2025-03,0.3466,0.348,19
3,79,2025-04,0.3501,0.348,55
3,79,2025-05,0.3487,0.348,28
3,79,2025-06,0.3515,0.348,33
3,79,2025-07,0.3613,0.348,44
3,79,2025-08,0.3639,0.348,26
3,79,2025-09,0.348,0.348,72
3,79,2025-10,0.3482,0.348,9
3,79,2025-11,0.3432,0.348,31
3,80,2025-01,0.3382,0.3463,53
3,80,2025-02,0.329,0.3463,35
3,80,2025-03,0.3452,0.3463,22
3,80,2025-04,0.3389,0.3463,16
3,80,2025-05,0.3534,0.3463,71
3,80,2025-06,0.3599,0.3463,68
3,80,2025-07,0.359,0.3463,18
3,80,2025-08,0.3578,0.3463,45
3,80,2025-09,0.3496,0.3463,60
3,80,2025-10,0.3489,0.3463,46
3,80,2025-11,0.3346,0.3463,26
3,81,2025-01,0.3017,0.3215,59
3,81,2025-02,0.3186,0.3215,60
3,81,2025-03,0.3118,0.3215,21
3,81,2025-04,0.3163,0.3215,27
3,81,2025-05,0.3283,0.3215,22
3,81,2025-06,0.3273,0.3215,22
3,81,2025-07,0.3285,0.3215,62
3,81,2025-08,0.3395,0.3215,22
3,81,2025-09,0.3238,0.3215,12
3,81,2025-10,0.3219,0.3215,1
3,81,2025-11,0.3121,0.3215,40
3,82,2025-01,0.3297,0.3355,42
3,82,2025-02,0.3319,0.3355,13
3,82,2025-03,0.3332,0.3355,39
3,82,2025-04,0.3408,0.3355,10
3,82,2025-05,0.3458,0.3355,46
3,82,2025-06,0.3423,0.3355,53
3,82,2025-07,0.3502,0.3355,67
3,82,2025-08,0.3518,0.3355,23
3,82,2025-09,0.3431,0.3355,26
3,82,2025-10,0.3433,0.3355,64
3,82,2025-11,0.3287,0.3355,7
3,83,2025-01,0.3338,0.3399,42
3,83,2025-02,0.3248,0.3399,66
3,83,2025-03,0.3347,0.3399,37
3,83,2025-04,0.3455,0.3399,5
3,83,2025-05,0.3413,0.3399,67
3,83,2025-06,0.3507,0.3399,25
3,83,2025-07,0.3556,0.3399,13
3,83,2025-08,0.3452,0.3399,49
3,83,2025-09,0.3421,0.3399,64
3,83,2025-10,0.345,0.3399,43
3,83,2025-11,0.3354,0.3399,51
3,84,2025-01,0.3491,0.3535,43
3,84,2025-02,0.3466,0.3535,1
3,84,2025-03,0.3522,0.3535,10
3,84,2025-04,0.3602,0.3535,72
3,84,2025-05,0.3599,0.3535,5
3,84,2025-06,0.3588,0.3535,33
3,84,2025-07,0.3698,0.3535,25
3,84,2025-08,0.3668,0.3535,3
3,84,2025-09,0.3627,0.3535,50
3,84,2025-10,0.3588,0.3535,67
3,84,2025-11,0.3429,0.3535,69
3,85,2025-01,0.326,0.3403,39
3,85,2025-02,0.3285,0.3403,9
3,85,2025-03,0.3309,0.3403,71
3,85,2025-04,0.3356,0.3403,69
3,85,2025-05,0.3496,0.3403,53
3,85,2025-06,0.3444,0.3403,71
3,85,2025-07,0.3579,0.3403,2
3,85,2025-08,0.3542,0.3403,15
3,85,2025-09,0.3403,0.3403,44
3,85,2025-10,0.3375,0.3403,8
3,85,2025-11,0.331,0.3403,61
3,86,2025-01,0.3238,0.336,0
3,86,2025-02,0.3317,0.336,34
3,86,2025-03,0.3288,0.336,30
3,86,2025-04,0.3299,0.336,69
3,86,2025-05,0.348,0.336,67
3,86,2025-06,0.3538,0.336,9
3,86,2025-07,0.351,0.336,26
3,86,2025-08,0.3494,0.336,57
3,86,2025-09,0.3485,0.336,17
3,86,2025-10,0.3293,0.336,28
3,86,2025-11,0.335,0.336,33
3,87,2025-01,0.343,0.3548,23
3,87,2025-02,0.3478,0.3548,61
3,87,2025-03,0.3481,0.3548,56
3,87,2025-04,0.3569,0.3548,51
3,87,2025-05,0.3551,0.3548,54
3,87,2025-06,0.3721,0.3548,3
3,87,2025-07,0.3636,0.3548,13
3,87,2025-08,0.3697,0.3548,4
3,87,2025-09,0.3529,0.3548,66
3,87,2025-10,0.3488,0.3548,17
3,87,2025-11,0.3479,0.3548,7
3,88,2025-01,0.3328,0.3415,8
3,88,2025-02,0.3302,0.3415,38
3,88,2025-03,0.3354,0.3415,5
3,88,2025-04,0.3371,0.3415,38
3,88,2025-05,0.3488,0.3415,41
3,88,2025-06,0.3483,0.3415,3
3,88,2025-07,0.3607,0.3415,10
3,88,2025-08,0.3463,0.3415,32
3,88,2025-09,0.3395,0.3415,66
3,88,2025-10,0.3348,0.3415,50
3,88,2025-11,0.3426,0.3415,51
3,89,2025-01,0.3176,0.3285,68
3,89,2025-02,0.3252,0.3285,16
3,89,2025-03,0.324,0.3285,40
3,89,2025-04,0.3232,0.3285,49
3,89,2025-05,0.3372,0.3285,63
3,89,2025-06,0.3407,0.3285,47
3,89,2025-07,0.348,0.3285,55
3,89,2025-08,0.3383,0.3285,21
3,89,2025-09,0.3334,0.3285,70
3,89,2025-10,0.3295,0.3285,17
3,89,2025-11,0.3278,0.3285,37
3,90,2025-01,0.3323,0.3414,31
3,90,2025-02,0.3331,0.3414,29
3,90,2025-03,0.3354,0.3414,35
3,90,2025-04,0.3358,0.3414,26
3,90,2025-05,0.3473,0.3414,58
3,90,2025-06,0.3596,0.3414,25
3,90,2025-07,0.3534,0.3414,38
3,90,2025-08,0.3561,0.3414,10
3,90,2025-09,0.3514,0.3414,19
3,90,2025-10,0.3471,0.3414,41
3,90,2025-11,0.3421,0.3414,49
3,91,2025-01,0.3382,0.3552,30
3,91,2025-02,0.3528,0.3552,23
3,91,2025-03,0.348,0.3552,10
3,91,2025-04,0.3583,0.3552,13
3,91,2025-05,0.3659,0.3552,36
3,91,2025-06,0.3601,0.3552,67
3,91,2025-07,0.3645,0.3552,19
3,91,2025-08,0.36,0.3552,27
3,91,2025-09,0.3535,0.3552,3
3,91,2025-10,0.3481,0.3552,17
3,91,2025-11,0.3429,0.3552,50
3,92,2025-01,0.3021,0.3215,70
3,92,2025-02,0.3128,0.3215,28
3,92,2025-03,0.3176,0.3215,5
3,92,2025-04,0.3263,0.3215,54
3,92,2025-05,0.3326,0.3215,47
3,92,2025-06,0.3309,0.3215,59
3,92,2025-07,0.3331,0.3215,0
3,92,2025-08,0.3348,0.3215,36
3,92,2025-09,0.3329,0.3215,31
3,92,2025-10,0.3203,0.3215,58
3,92,2025-11,0.3172,0.3215,44
3,93,2025-01,0.3251,0.3338,15
3,93,2025-02,0.3291,0.3338,41
3,93,2025-03,0.3323,0.3338,13
3,93,2025-04,0.3339,0.3338,48
3,93,2025-05,0.3326,0.3338,11
3,93,2025-06,0.3388,0.3338,4
3,93,2025-07,0.3527,0.3338,37
3,93,2025-08,0.3492,0.3338,68
3,93,2025-09,0.3475,0.3338,44
3,93,2025-10,0.3374,0.3338,37
3,93,2025-11,0.3349,0.3338,7
3,94,2025-01,0.323,0.3397,51
3,94,2025-02,0.331,0.3397,54
3,94,2025-03,0.3391,0.3397,29
3,94,2025-04,0.3392,0.3397,31
3,94,2025-05,0.3458,0.3397,42
3,94,2025-06,0.355,0.3397,21
3,94,2025-07,0.3539,0.3397,43
3,94,2025-08,0.3462,0.3397,29
3,94,2025-09,0.3441,0.3397,45
3,94,2025-10,0.3354,0.3397,44
3,94,2025-11,0.3287,0.3397,47
3,95,2025-01,0.3415,0.356,53
3,95,2025-02,0.3464,0.356,5
3,95,2025-03,0.3528,0.356,69
3,95,2025-04,0.3572,0.356,41
3,95,2025-05,0.357,0.356,36
3,95,2025-06,0.3733,0.356,63
3,95,2025-07,0.3613,0.356,58
3,95,2025-08,0.371,0.356,8
3,95,2025-09,0.3694,0.356,65
3,95,2025-10,0.3543,0.356,51
3,95,2025-11,0.3449,0.356,9
3,96,2025-01,0.3396,0.346,32
3,96,2025-02,0.3422,0.346,52
3,96,2025-03,0.3379,0.346,47
3,96,2025-04,0.3538,0.346,33
3,96,2025-05,0.3505,0.346,46
3,96,2025-06,0.3534,0.346,59
3,96,2025-07,0.3625,0.346,5
3,96,2025-08,0.3526,0.346,38
3,96,2025-09,0.3505,0.346,14
3,96,2025-10,0.3454,0.346,40
3,96,2025-11,0.3409,0.346,17
3,97,2025-01,0.322,0.3413,59
3,97,2025-02,0.3244,0.3413,48
3,97,2025-03,0.331,0.3413,68
3,97,2025-04,0.3388,0.3413,0
3,97,2025-05,0.3416,0.3413,32
3,97,2025-06,0.3489,0.3413,3
3,97,2025-07,0.3567,0.3413,58
3,97,2025-08,0.3517,0.3413,39
3,97,2025-09,0.3484,0.3413,40
3,97,2025-10,0.3396,0.3413,64
3,97,2025-11,0.335,0.3413,34
3,98,2025-01,0.3238,0.3374,62
3,98,2025-02,0.3335,0.3374,17
3,98,2025-03,0.3355,0.3374,11
3,98,2025-04,0.3302,0.3374,34
3,98,2025-05,0.3418,0.3374,40
3,98,2025-06,0.3549,0.3374,53
3,98,2025-07,0.3507,0.3374,52
3,98,2025-08,0.3443,0.3374,21
3,98,2025-09,0.3412,0.3374,1
3,98,2025-10,0.3454,0.3374,3
3,98,2025-11,0.3372,0.3374,55
3,99,2025-01,0.3463,0.3512,46
3,99,2025-02,0.337,0.3512,52
3,99,2025-03,0.3395,0.3512,33
3,99,2025-04,0.345,0.3512,45
3,99,2025-05,0.3644,0.3512,23
3,99,2025-06,0.366,0.3512,17
3,99,2025-07,0.3705,0.3512,53
3,99,2025-08,0.3594,0.3512,42
3,99,2025-09,0.3494,0.3512,25
3,99,2025-10,0.3571,0.3512,48
3,99,2025-11,0.3393,0.3512,21
3,100,2025-01,0.3338,0.3489,61
3,100,2025-02,0.3417,0.3489,31
3,100,2025-03,0.3356,0.3489,11
3,100,2025-04,0.3518,0.3489,47
3,100,2025-05,0.3616,0.3489,29
3,100,2025-06,0.3548,0.3489,17
3,100,2025-07,0.3644,0.3489,27
3,100,2025-08,0.3542,0.3489,58
3,100,2025-09,0.362,0.3489,65
3,100,2025-10,0.3457,0.3489,2
3,100,2025-11,0.3407,0.3489,38
3,101,2025-01,0.3165,0.3312,47
3,101,2025-02,0.313,0.3312,35
3,101,2025-03,0.3236,0.3312,22
3,101,2025-04,0.3301,0.3312,23
3,101,2025-05,0.3433,0.3312,51
3,101,2025-06,0.3452,0.3312,11
3,101,2025-07,0.3407,0.3312,50
3,101,2025-08,0.3403,0.3312,26
3,101,2025-09,0.3303,0.3312,66
3,101,2025-10,0.3326,0.3312,56
3,101,2025-11,0.3308,0.3312,22
3,102,2025-01,0.3293,0.3362,1
3,102,2025-02,0.3235,0.3362,16
3,102,2025-03,0.3289,0.3362,14
3,102,2025-04,0.3412,0.3362,3
3,102,2025-05,0.3403,0.3362,50
3,102,2025-06,0.351,0.3362,23
3,102,2025-07,0.3553,0.3362,50
3,102,2025-08,0.3407,0.3362,54
3,102,2025-09,0.3345,0.3362,64
3,102,2025-10,0.3295,0.3362,57
3,102,2025-11,0.3319,0.3362,14
3,103,2025-01,0.3083,0.3223,56
3,103,2025-02,0.3112,0.3223,8
3,103,2025-03,0.3151,0.3223,10
3,103,2025-04,0.3261,0.3223,39
3,103,2025-05,0.3256,0.3223,45
3,103,2025-06,0.3373,0.3223,31
3,103,2025-07,0.3373,0.3223,13
3,103,2025-08,0.3273,0.3223,13
3,103,2025-09,0.335,0.3223,9
3,103,2025-10,0.325,0.3223,44
3,103,2025-11,0.3108,0.3223,46
3,104,2025-01,0.3092,0.3234,54
3,104,2025-02,0.3119,0.3234,57
3,104,2025-03,0.3134,0.3234,45
3,104,2025-04,0.3273,0.3234,14
3,104,2025-05,0.3351,0.3234,53
3,104,2025-06,0.3268,0.3234,15
3,104,2025-07,0.3276,0.3234,3
3,104,2025-08,0.3275,0.3234,57
3,104,2025-09,0.328,0.3234,12
3,104,2025-10,0.3274,0.3234,37
3,104,2025-11,0.3154,0.3234,12
3,105,2025-01,0.3278,0.3379,8
3,105,2025-02,0.331,0.3379,51
3,105,2025-03,0.3248,0.3379,66
3,105,2025-04,0.3361,0.3379,52
3,105,2025-05,0.3429,0.3379,5
3,105,2025-06,0.3503,0.3379,41
3,105,2025-07,0.3528,0.3379,50
3,105,2025-08,0.3435,0.3379,21
3,105,2025-09,0.3458,0.3379,15
3,105,2025-10,0.3438,0.3379,57
3,105,2025-11,0.3298,0.3379,52
3,106,2025-01,0.3332,0.3438,62
3,106,2025-02,0.3343,0.3438,31
3,106,2025-03,0.3383,0.3438,26
3,106,2025-04,0.3416,0.3438,10
3,106,2025-05,0.3472,0.3438,39
3,106,2025-06,0.3576,0.3438,52
3,106,2025-07,0.3506,0.3438,68
3,106,2025-08,0.3602,0.3438,9
3,106,2025-09,0.3487,0.3438,59
3,106,2025-10,0.3371,0.3438,15
3,106,2025-11,0.3315,0.3438,34
3,107,2025-01,0.3248,0.3362,10
3,107,2025-02,0.3312,0.3362,28
3,107,2025-03,0.3368,0.3362,66
3,107,2025-04,0.3346,0.3362,68
3,107,2025-05,0.3393,0.3362,24
3,107,2025-06,0.347,0.3362,50
3,107,2025-07,0.3497,0.3362,64
3,107,2025-08,0.3511,0.3362,3
3,107,2025-09,0.3465,0.3362,29
3,107,2025-10,0.3402,0.3362,29
3,107,2025-11,0.3379,0.3362,14
3,108,2025-01,0.3249,0.3317,16
3,108,2025-02,0.3194,0.3317,49
3,108,2025-03,0.3241,0.3317,23
3,108,2025-04,0.337,0.3317,30
3,108,2025-05,0.341,0.3317,62
3,108,2025-06,0.3403,0.3317,60
3,108,2025-07,0.3393,0.3317,20
3,108,2025-08,0.3463,0.3317,44
3,108,2025-09,0.3378,0.3317,38
3,108,2025-10,0.3311,0.3317,45
3,108,2025-11,0.3257,0.3317,66
3,109,2025-01,0.3169,0.3349,59
3,109,2025-02,0.3242,0.3349,45
3,109,2025-03,0.3316,0.3349,47
3,109,2025-04,0.3412,0.3349,23
3,109,2025-05,0.333,0.3349,56
3,109,2025-06,0.3385,0.3349,57
3,109,2025-07,0.345,0.3349,42
3,109,2025-08,0.3479,0.3349,2
3,109,2025-09,0.3456,0.3349,21
3,109,2025-10,0.3395,0.3349,67
3,109,2025-11,0.3314,0.3349,22
3,110,2025-01,0.3352,0.3424,4
3,110,2025-02,0.3394,0.3424,56
3,110,2025-03,0.3363,0.3424,67
3,110,2025-04,0.337,0.3424,50
3,110,2025-05,0.3553,0.3424,19
3,110,2025-06,0.3494,0.3424,5
3,110,2025-07,0.3495,0.3424,44
3,110,2025-08,0.3546,0.3424,4
3,110,2025-09,0.3535,0.3424,38
3,110,2025-10,0.3498,0.3424,4
3,110,2025-11,0.3373,0.3424,71
3,111,2025-01,0.3159,0.3248,27
3,111,2025-02,0.3218,0.3248,27
3,111,2025-03,0.3193,0.3248,46
3,111,2025-04,0.3238,0.3248,25
3,111,2025-05,0.3255,0.3248,60
3,111,2025-06,0.328,0.3248,30
3,111,2025-07,0.342,0.3248,61
3,111,2025-08,0.3274,0.3248,45
3,111,2025-09,0.3368,0.3248,70
3,111,2025-10,0.3285,0.3248,1
3,111,2025-11,0.3128,0.3248,10
3,112,2025-01,0.3292,0.3451,59
3,112,2025-02,0.3409,0.3451,9
3,112,2025-03,0.3453,0.3451,43
3,112,2025-04,0.3405,0.3451,45
3,112,2025-05,0.3525,0.3451,31
3,112,2025-06,0.3623,0.3451,15
3,112,2025-07,0.3549,0.3451,65
3,112,2025-08,0.3594,0.3451,64
3,112,2025-09,0.3488,0.3451,17
3,112,2025-10,0.3507,0.3451,17
3,112,2025-11,0.3326,0.3451,28
3,113,2025-01,0.3171,0.334,3
3,113,2025-02,0.3233,0.334,13
3,113,2025-03,0.3315,0.334,65
3,113,2025-04,0.3309,0.334,27
3,113,2025-05,0.3453,0.334,46
3,113,2025-06,0.3382,0.334,37
3,113,2025-07,0.3443,0.334,69
3,113,2025-08,0.3481,0.334,6
3,113,2025-09,0.3478,0.334,60
3,113,2025-10,0.3266,0.334,64
3,113,2025-11,0.3244,0.334,32
3,114,2025-01,0.3197,0.3297,1
3,114,2025-02,0.3229,0.3297,45
3,114,2025-03,0.3239,0.3297,1
3,114,2025-04,0.3356,0.3297,26
3,114,2025-05,0.3279,0.3297,33
3,114,2025-06,0.3478,0.3297,36
3,114,2025-07,0.3388,0.3297,37
3,114,2025-08,0.3455,0.3297,12
3,114,2025-09,0.3435,0.3297,33
3,114,2025-10,0.3302,0.3297,62
3,114,2025-11,0.3216,0.3297,63
3,115,2025-01,0.3086,0.3243,13
3,115,2025-02,0.316,0.3243,68
3,115,2025-03,0.3261,0.3243,32
3,115,2025-04,0.3241,0.3243,1
3,115,2025-05,0.3332,0.3243,63
3,115,2025-06,0.3291,0.3243,71
3,115,2025-07,0.334,0.3243,46
3,115,2025-08,0.3296,0.3243,46
3,115,2025-09,0.3252,0.3243,22
3,115,2025-10,0.3186,0.3243,32
3,115,2025-11,0.3252,0.3243,52
3,116,2025-01,0.2948,0.3068,35
3,116,2025-02,0.299,0.3068,44
3,116,2025-03,0.3068,0.3068,45
3,116,2025-04,0.3021,0.3068,44
3,116,2025-05,0.315,0.3068,6
3,116,2025-06,0.3118,0.3068,61
3,116,2025-07,0.3171,0.3068,69
3,116,2025-08,0.312,0.3068,43
3,116,2025-09,0.316,0.3068,56
3,116,2025-10,0.3098,0.3068,6
3,116,2025-11,0.3068,0.3068,53
3,117,2025-01,0.3207,0.3287,53
3,117,2025-02,0.3109,0.3287,10
3,117,2025-03,0.3208,0.3287,67
3,117,2025-04,0.3301,0.3287,34
3,117,2025-05,0.3385,0.3287,47
3,117,2025-06,0.3446,0.3287,6
3,117,2025-07,0.3375,0.3287,45
3,117,2025-08,0.3388,0.3287,62
3,117,2025-09,0.3338,0.3287,57
3,117,2025-10,0.3272,0.3287,64
3,117,2025-11,0.3172,0.3287,33
3,118,2025-01,0.2925,0.3044,66
3,118,2025-02,0.2916,0.3044,26
3,118,2025-03,0.2963,0.3044,72
3,118,2025-04,0.3055,0.3044,11
3,118,2025-05,0.3039,0.3044,23
3,118,2025-06,0.3159,0.3044,18
3,118,2025-07,0.3204,0.3044,62
3,118,2025-08,0.3179,0.3044,57
3,118,2025-09,0.3107,0.3044,51
3,118,2025-10,0.3027,0.3044,37
3,118,2025-11,0.2952,0.3044,49
3,119,2025-01,0.3156,0.3236,4
3,119,2025-02,0.3166,0.3236,54
3,119,2025-03,0.3115,0.3236,26
3,119,2025-04,0.3194,0.3236,32
3,119,2025-05,0.3339,0.3236,38
3,119,2025-06,0.3346,0.3236,20
3,119,2025-07,0.3404,0.3236,46
3,119,2025-08,0.326,0.3236,27
3,119,2025-09,0.3274,0.3236,4
3,119,2025-10,0.323,0.3236,13
3,119,2025-11,0.3222,0.3236,28
3,120,2025-01,0.3177,0.3309,9
3,120,2025-02,0.3195,0.3309,11
3,120,2025-03,0.3192,0.3309,18
3,120,2025-04,0.3322,0.3309,56
3,120,2025-05,0.3347,0.3309,22
3,120,2025-06,0.338,0.3309,11
3,120,2025-07,0.3405,0.3309,38
3,120,2025-08,0.3395,0.3309,71
3,120,2025-09,0.339,0.3309,25
3,120,2025-10,0.3294,0.3309,54
3,120,2025-11,0.3268,0.3309,12
3,121,2025-01,0.3186,0.3278,30
3,121,2025-02,0.3244,0.3278,27
3,121,2025-03,0.3197,0.3278,40
3,121,2025-04,0.3313,0.3278,48
3,121,2025-05,0.3355,0.3278,3
3,121,2025-06,0.338,0.3278,70
3,121,2025-07,0.3323,0.3278,9
3,121,2025-08,0.3311,0.3278,30
3,121,2025-09,0.3365,0.3278,44
3,121,2025-10,0.3199,0.3278,71
3,121,2025-11,0.3276,0.3278,6
3,369,2025-01,0.3491,0.3535,48
3,369,2025-02,0.346,0.3535,21
3,369,2025-03,0.342,0.3535,66
3,369,2025-04,0.3553,0.3535,4
3,369,2025-05,0.3666,0.3535,24
3,369,2025-06,0.3592,0.3535,27
3,369,2025-07,0.3602,0.3535,43
3,369,2025-08,0.3626,0.3535,33
3,369,2025-09,0.3598,0.3535,8
3,369,2025-10,0.3496,0.3535,9
3,369,2025-11,0.3523,0.3535,48
3,370,2025-01,0.3151,0.3311,67
3,370,2025-02,0.3266,0.3311,44
3,370,2025-03,0.3194,0.3311,20
3,370,2025-04,0.3279,0.3311,12
3,370,2025-05,0.3314,0.3311,40
3,370,2025-06,0.3377,0.3311,20
3,370,2025-07,0.3479,0.3311,0
3,370,2025-08,0.3392,0.3311,24
3,370,2025-09,0.3408,0.3311,30
3,370,2025-10,0.329,0.3311,12
3,370,2025-11,0.3182,0.3311,12
4,122,2025-01,0.3102,0.3234,71
4,122,2025-02,0.3149,0.3234,18
4,122,2025-03,0.3169,0.3234,2
4,122,2025-04,0.327,0.3234,8
4,122,2025-05,0.325,0.3234,30
4,122,2025-06,0.332,0.3234,69
4,122,2025-07,0.3293,0.3234,4
4,122,2025-08,0.3286,0.3234,43
4,122,2025-09,0.3357,0.3234,55
4,122,2025-10,0.3279,0.3234,25
4,122,2025-11,0.3214,0.3234,62
4,123,2025-01,0.3205,0.3334,54
4,123,2025-02,0.3273,0.3334,66
4,123,2025-03,0.3349,0.3334,14
4,123,2025-04,0.3361,0.3334,26
4,123,2025-05,0.34,0.3334,55
4,123,2025-06,0.3415,0.3334,66
4,123,2025-07,0.3461,0.3334,48
4,123,2025-08,0.341,0.3334,37
4,123,2025-09,0.3346,0.3334,56
4,123,2025-10,0.3351,0.3334,9
4,123,2025-11,0.3198,0.3334,12
4,124,2025-01,0.3345,0.3464,33
4,124,2025-02,0.3417,0.3464,59
4,124,2025-03,0.3478,0.3464,70
4,124,2025-04,0.3416,0.3464,2
4,124,2025-05,0.3568,0.3464,0
4,124,2025-06,0.3537,0.3464,61
4,124,2025-07,0.3614,0.3464,0
4,124,2025-08,0.3596,0.3464,29
4,124,2025-09,0.346,0.3464,3
4,124,2025-10,0.3527,0.3464,51
4,124,2025-11,0.3397,0.3464,22
4,125,2025-01,0.3591,0.3725,71
4,125,2025-02,0.3645,0.3725,65
4,125,2025-03,0.3683,0.3725,6
4,125,2025-04,0.367,0.3725,59
4,125,2025-05,0.3736,0.3725,68
4,125,2025-06,0.3847,0.3725,32
4,125,2025-07,0.3788,0.3725,2
4,125,2025-08,0.3907,0.3725,71
4,125,2025-09,0.3737,0.3725,58
4,125,2025-10,0.3787,0.3725,6
4,125,2025-11,0.3716,0.3725,15
4,126,2025-01,0.321,0.3398,68
4,126,2025-02,0.3275,0.3398,46
4,126,2025-03,0.338,0.3398,20
4,126,2025-04,0.3459,0.3398,30
4,126,2025-05,0.3483,0.3398,1
4,126,2025-06,0.3553,0.3398,14
4,126,2025-07,0.3493,0.3398,58
4,126,2025-08,0.3469,0.3398,55
4,126,2025-09,0.3438,0.3398,48
4,126,2025-10,0.3475,0.3398,12
4,126,2025-11,0.3399,0.3398,55
4,127,2025-01,0.3421,0.3587,50
4,127,2025-02,0.3515,0.3587,68
4,127,2025-03,0.3555,0.3587,57
4,127,2025-04,0.3513,0.3587,7
4,127,2025-05,0.367,0.3587,6
4,127,2025-06,0.3752,0.3587,10
4,127,2025-07,0.3716,0.3587,65
4,127,2025-08,0.3635,0.3587,43
4,127,2025-09,0.3692,0.3587,39
4,127,2025-10,0.3623,0.3587,31
4,127,2025-11,0.3493,0.3587,55
4,128,2025-01,0.3512,0.365,1
4,128,2025-02,0.3555,0.365,60
4,128,2025-03,0.3618,0.365,39
4,128,2025-04,0.3672,0.365,20
4,128,2025-05,0.3766,0.365,14
4,128,2025-06,0.3742,0.365,28
4,128,2025-07,0.3692,0.365,57
4,128,2025-08,0.3734,0.365,61
4,128,2025-09,0.3678,0.365,24
4,128,2025-10,0.3727,0.365,10
4,128,2025-11,0.3594,0.365,57
4,129,2025-01,0.3525,0.3578,54
4,129,2025-02,0.342,0.3578,51
4,129,2025-03,0.3503,0.3578,0
4,129,2025-04,0.35,0.3578,30
4,129,2025-05,0.3687,0.3578,10
4,129,2025-06,0.3674,0.3578,14
4,129,2025-07,0.3686,0.3578,11
4,129,2025-08,0.3646,0.3578,53
4,129,2025-09,0.3624,0.3578,2
4,129,2025-10,0.3559,0.3578,30
4,129,2025-11,0.3573,0.3578,24
4,130,2025-01,0.3394,0.3562,52
4,130,2025-02,0.3519,0.3562,57
4,130,2025-03,0.352,0.3562,60
4,130,2025-04,0.3634,0.3562,5
4,130,2025-05,0.3613,0.3562,43
4,130,2025-06,0.361,0.3562,62
4,130,2025-07,0.3617,0.3562,23
4,130,2025-08,0.3637,0.3562,48
4,130,2025-09,0.3616,0.3562,42
4,130,2025-10,0.3546,0.3562,47
4,130,2025-11,0.3576,0.3562,48
4,131,2025-01,0.3393,0.3576,61
4,131,2025-02,0.3423,0.3576,48
4,131,2025-03,0.3447,0.3576,8
4,131,2025-04,0.3497,0.3576,41
4,131,2025-05,0.3612,0.3576,19
4,131,2025-06,0.3634,0.3576,18
4,131,2025-07,0.3658,0.3576,3
4,131,2025-08,0.3639,0.3576,12
4,131,2025-09,0.3689,0.3576,72
4,131,2025-10,0.3634,0.3576,72
4,131,2025-11,0.3547,0.3576,37
4,132,2025-01,0.3389,0.352,7
4,132,2025-02,0.3426,0.352,66
4,132,2025-03,0.344,0.352,45
4,132,2025-04,0.3472,0.352,32
4,132,2025-05,0.3558,0.352,6
4,132,2025-06,0.3545,0.352,68
4,132,2025-07,0.3717,0.352,42
4,132,2025-08,0.3596,0.352,54
4,132,2025-09,0.3658,0.352,54
4,132,2025-10,0.3474,0.352,16
4,132,2025-11,0.3498,0.352,38
4,133,2025-01,0.3799,0.3957,46
4,133,2025-02,0.3799,0.3957,15
4,133,2025-03,0.3874,0.3957,19
4,133,2025-04,0.3971,0.3957,53
4,133,2025-05,0.4044,0.3957,21
4,133,2025-06,0.4026,0.3957,36
4,133,2025-07,0.4095,0.3957,4
4,133,2025-08,0.4103,0.3957,52
4,133,2025-09,0.4004,0.3957,55
4,133,2025-10,0.395,0.3957,4
4,133,2025-11,0.3924,0.3957,57
4,134,2025-01,0.3362,0.3544,66
4,134,2025-02,0.3369,0.3544,28
4,134,2025-03,0.3495,0.3544,47
4,134,2025-04,0.3516,0.3544,70
4,134,2025-05,0.3637,0.3544,56
4,134,2025-06,0.3699,0.3544,55
4,134,2025-07,0.3612,0.3544,69
4,134,2025-08,0.3588,0.3544,0
4,134,2025-09,0.3675,0.3544,1
4,134,2025-10,0.3502,0.3544,34
4,134,2025-11,0.3487,0.3544,44
4,135,2025-01,0.3348,0.351,0
4,135,2025-02,0.3369,0.351,33
4,135,2025-03,0.346,0.351,52
4,135,2025-04,0.3561,0.351,2
4,135,2025-05,0.357,0.351,18
4,135,2025-06,0.3649,0.351,10
4,135,2025-07,0.3608,0.351,45
4,135,2025-08,0.3554,0.351,46
4,135,2025-09,0.35,0.351,43
4,135,2025-10,0.3449,0.351,29
4,135,2025-11,0.3498,0.351,13
4,136,2025-01,0.3275,0.3429,28
4,136,2025-02,0.327,0.3429,60
4,136,2025-03,0.3382,0.3429,71
4,136,2025-04,0.3429,0.3429,34
4,136,2025-05,0.3494,0.3429,31
4,136,2025-06,0.3556,0.3429,27
4,136,2025-07,0.3564,0.3429,55
4,136,2025-08,0.358,0.3429,11
4,136,2025-09,0.3517,0.3429,54
4,136,2025-10,0.344,0.3429,27
4,136,2025-11,0.3401,0.3429,32
4,137,2025-01,0.3241,0.3373,39
4,137,2025-02,0.3235,0.3373,54
4,137,2025-03,0.3259,0.3373,11
4,137,2025-04,0.3294,0.3373,50
4,137,2025-05,0.3477,0.3373,70
4,137,2025-06,0.3424,0.3373,54
4,137,2025-07,0.3422,0.3373,41
4,137,2025-08,0.3403,0.3373,52
4,137,2025-09,0.3371,0.3373,65
4,137,2025-10,0.3335,0.3373,36
4,137,2025-11,0.325,0.3373,15
4,138,2025-01,0.3324,0.3422,58
4,138,2025-02,0.3368,0.3422,48
4,138,2025-03,0.3348,0.3422,67
4,138,2025-04,0.3432,0.3422,26
4,138,2025-05,0.351,0.3422,50
4,138,2025-06,0.3586,0.3422,33
4,138,2025-07,0.3501,0.3422,58
4,138,2025-08,0.3576,0.3422,7
4,138,2025-09,0.3437,0.3422,10
4,138,2025-10,0.3478,0.3422,29
4,138,2025-11,0.3285,0.3422,50
4,139,2025-01,0.3743,0.3809,34
4,139,2025-02,0.37,0.3809,13
4,139,2025-03,0.3745,0.3809,25
4,139,2025-04,0.3774,0.3809,28
4,139,2025-05,0.3846,0.3809,41
4,139,2025-06,0.3919,0.3809,12
4,139,2025-07,0.3928,0.3809,8
4,139,2025-08,0.3872,0.3809,15
4,139,2025-09,0.3945,0.3809,11
4,139,2025-10,0.3738,0.3809,37
4,139,2025-11,0.3813,0.3809,30
4,140,2025-01,0.3495,0.3618,30
4,140,2025-02,0.3556,0.3618,11
4,140,2025-03,0.352,0.3618,17
4,140,2025-04,0.3571,0.3618,53
4,140,2025-05,0.3642,0.3618,71
4,140,2025-06,0.3744,0.3618,30
4,140,2025-07,0.3659,0.3618,38
4,140,2025-08,0.3702,0.3618,47
4,140,2025-09,0.3743,0.3618,30
4,140,2025-10,0.3636,0.3618,35
4,140,2025-11,0.3553,0.3618,30
4,141,2025-01,0.337,0.3561,62
4,141,2025-02,0.3464,0.3561,42
4,141,2025-03,0.3483,0.3561,60
4,141,2025-04,0.3559,0.3561,48
4,141,2025-05,0.3587,0.3561,0
4,141,2025-06,0.3626,0.3561,27
4,141,2025-07,0.3711,0.3561,48
4,141,2025-08,0.3587,0.3561,28
4,141,2025-09,0.3599,0.3561,64
4,141,2025-10,0.3487,0.3561,51
4,141,2025-11,0.3467,0.3561,26
4,142,2025-01,0.3476,0.3575,49
4,142,2025-02,0.349,0.3575,58
4,142,2025-03,0.3483,0.3575,67
4,142,2025-04,0.3504,0.3575,15
4,142,2025-05,0.3702,0.3575,49
4,142,2025-06,0.3636,0.3575,26
4,142,2025-07,0.3697,0.3575,8
4,142,2025-08,0.3701,0.3575,38
4,142,2025-09,0.3564,0.3575,51
4,142,2025-10,0.3574,0.3575,19
4,142,2025-11,0.3568,0.3575,18
4,143,2025-01,0.348,0.3581,63
4,143,2025-02,0.3513,0.3581,65
4,143,2025-03,0.3463,0.3581,31
4,143,2025-04,0.3558,0.3581,20
4,143,2025-05,0.3645,0.3581,71
4,143,2025-06,0.3616,0.3581,41
4,143,2025-07,0.3657,0.3581,59
4,143,2025-08,0.374,0.3581,68
4,143,2025-09,0.3583,0.3581,28
4,143,2025-10,0.3632,0.3581,8
4,143,2025-11,0.3521,0.3581,42
4,144,2025-01,0.3185,0.3321,35
4,144,2025-02,0.3253,0.3321,57
4,144,2025-03,0.3207,0.3321,50
4,144,2025-04,0.3243,0.3321,69
4,144,2025-05,0.3454,0.3321,26
4,144,2025-06,0.3475,0.3321,11
4,144,2025-07,0.3457,0.3321,28
4,144,2025-08,0.3367,0.3321,63
4,144,2025-09,0.3343,0.3321,38
4,144,2025-10,0.3379,0.3321,56
4,144,2025-11,0.3202,0.3321,51
4,145,2025-01,0.3116,0.3249,22
4,145,2025-02,0.3141,0.3249,41
4,145,2025-03,0.3131,0.3249,47
4,145,2025-04,0.3274,0.3249,25
4,145,2025-05,0.3288,0.3249,57
4,145,2025-06,0.3323,0.3249,10
4,145,2025-07,0.3407,0.3249,53
4,145,2025-08,0.3362,0.3249,69
4,145,2025-09,0.3258,0.3249,7
4,145,2025-10,0.3205,0.3249,58
4,145,2025-11,0.3153,0.3249,38
4,146,2025-01,0.335,0.3526,17
4,146,2025-02,0.3502,0.3526,0
4,146,2025-03,0.3465,0.3526,8
4,146,2025-04,0.3451,0.3526,12
4,146,2025-05,0.3557,0.3526,20
4,146,2025-06,0.361,0.3526,17
4,146,2025-07,0.3688,0.3526,39
4,146,2025-08,0.3554,0.3526,7
4,146,2025-09,0.3586,0.3526,70
4,146,2025-10,0.3513,0.3526,49
4,146,2025-11,0.3426,0.3526,69
4,147,2025-01,0.3287,0.3387,55
4,147,2025-02,0.3286,0.3387,50
4,147,2025-03,0.3333,0.3387,35
4,147,2025-04,0.3438,0.3387,37
4,147,2025-05,0.347,0.3387,55
4,147,2025-06,0.3442,0.3387,14
4,147,2025-07,0.3516,0.3387,35
4,147,2025-08,0.3462,0.3387,17
4,147,2025-09,0.3373,0.3387,12
4,147,2025-10,0.3341,0.3387,0
4,147,2025-11,0.3247,0.3387,52
4,148,2025-01,0.3316,0.3425,63
4,148,2025-02,0.3255,0.3425,68
4,148,2025-03,0.3441,0.3425,25
4,148,2025-04,0.3353,0.3425,48
4,148,2025-05,0.3493,0.3425,35
4,148,2025-06,0.3492,0.3425,24
4,148,2025-07,0.3624,0.3425,49
4,148,2025-08,0.3474,0.3425,13
4,148,2025-09,0.3526,0.3425,48
4,148,2025-10,0.3423,0.3425,18
4,148,2025-11,0.3348,0.3425,45
4,149,2025-01,0.3294,0.3491,2
4,149,2025-02,0.3313,0.3491,49
4,149,2025-03,0.3383,0.3491,16
4,149,2025-04,0.3515,0.3491,26
4,149,2025-05,0.3478,0.3491,1
4,149,2025-06,0.365,0.3491,64
4,149,2025-07,0.3631,0.3491,27
4,149,2025-08,0.3535,0.3491,12
4,149,2025-09,0.3597,0.3491,61
4,149,2025-10,0.3506,0.3491,14
4,149,2025-11,0.3461,0.3491,71
4,150,2025-01,0.344,0.3499,32
4,150,2025-02,0.3395,0.3499,27
4,150,2025-03,0.337,0.3499,38
4,150,2025-04,0.3437,0.3499,55
4,150,2025-05,0.3609,0.3499,59
4,150,2025-06,0.3625,0.3499,55
4,150,2025-07,0.3677,0.3499,10
4,150,2025-08,0.3623,0.3499,21
4,150,2025-09,0.3508,0.3499,59
4,150,2025-10,0.3545,0.3499,66
4,150,2025-11,0.3519,0.3499,2
4,151,2025-01,0.3266,0.3451,32
4,151,2025-02,0.3284,0.3451,10
4,151,2025-03,0.3406,0.3451,28
4,151,2025-04,0.3393,0.3451,1
4,151,2025-05,0.3464,0.3451,71
4,151,2025-06,0.3606,0.3451,2
4,151,2025-07,0.3579,0.3451,68
4,151,2025-08,0.3594,0.3451,59
4,151,2025-09,0.3551,0.3451,5
4,151,2025-10,0.35,0.3451,0
4,151,2025-11,0.3458,0.3451,69
4,152,2025-01,0.3489,0.3675,22
4,152,2025-02,0.3522,0.3675,52
4,152,2025-03,0.3638,0.3675,64
4,152,2025-04,0.3597,0.3675,12
4,152,2025-05,0.3711,0.3675,61
4,152,2025-06,0.3823,0.3675,56
4,152,2025-07,0.386,0.3675,24
4,152,2025-08,0.3817,0.3675,19
4,152,2025-09,0.3685,0.3675,48
4,152,2025-10,0.3642,0.3675,21
4,152,2025-11,0.3603,0.3675,31
4,153,2025-01,0.3325,0.3483,54
4,153,2025-02,0.3315,0.3483,13
4,153,2025-03,0.3386,0.3483,47
4,153,2025-04,0.3488,0.3483,53
4,153,2025-05,0.3582,0.3483,62
4,153,2025-06,0.3512,0.3483,21
4,153,2025-07,0.3613,0.3483,44
4,153,2025-08,0.363,0.3483,35
4,153,2025-09,0.3534,0.3483,16
4,153,2025-10,0.3521,0.3483,9
4,153,2025-11,0.3431,0.3483,70
4,154,2025-01,0.3484,0.3571,70
4,154,2025-02,0.3491,0.3571,51
4,154,2025-03,0.3465,0.3571,66
4,154,2025-04,0.3596,0.3571,4
4,154,2025-05,0.3682,0.3571,67
4,154,2025-06,0.3677,0.3571,26
4,154,2025-07,0.369,0.3571,1
4,154,2025-08,0.3742,0.3571,70
4,154,2025-09,0.3596,0.3571,62
4,154,2025-10,0.3496,0.3571,59
4,154,2025-11,0.352,0.3571,11
4,155,2025-01,0.3554,0.375,58
4,155,2025-02,0.3621,0.375,21
4,155,2025-03,0.3657,0.375,38
4,155,2025-04,0.3692,0.375,37
4,155,2025-05,0.3782,0.375,65
4,155,2025-06,0.3895,0.375,37
4,155,2025-07,0.3903,0.375,20
4,155,2025-08,0.3845,0.375,36
4,155,2025-09,0.3732,0.375,28
4,155,2025-10,0.377,0.375,69
4,155,2025-11,0.3704,0.375,46
4,156,2025-01,0.3254,0.3395,51
4,156,2025-02,0.3225,0.3395,71
4,156,2025-03,0.3398,0.3395,22
4,156,2025-04,0.3427,0.3395,1
4,156,2025-05,0.3488,0.3395,16
4,156,2025-06,0.3479,0.3395,37
4,156,2025-07,0.3461,0.3395,65
4,156,2025-08,0.3527,0.3395,72
4,156,2025-09,0.3393,0.3395,68
4,156,2025-10,0.3403,0.3395,59
4,156,2025-11,0.3286,0.3395,14
4,157,2025-01,0.3256,0.3308,54
4,157,2025-02,0.3253,0.3308,70
4,157,2025-03,0.3296,0.3308,14
4,157,2025-04,0.3259,0.3308,1
4,157,2025-05,0.336,0.3308,48
4,157,2025-06,0.3484,0.3308,32
4,157,2025-07,0.3395,0.3308,37
4,157,2025-08,0.3415,0.3308,40
4,157,2025-09,0.3406,0.3308,19
4,157,2025-10,0.3293,0.3308,18
4,157,2025-11,0.3301,0.3308,39
4,158,2025-01,0.3073,0.316,23
4,158,2025-02,0.3134,0.316,17
4,158,2025-03,0.3162,0.316,55
4,158,2025-04,0.309,0.316,51
4,158,2025-05,0.3217,0.316,62
4,158,2025-06,0.3264,0.316,63
4,158,2025-07,0.3327,0.316,67
4,158,2025-08,0.3249,0.316,65
4,158,2025-09,0.3186,0.316,51
4,158,2025-10,0.3146,0.316,20
4,158,2025-11,0.3043,0.316,7
4,159,2025-01,0.358,0.3678,38
4,159,2025-02,0.3553,0.3678,3
4,159,2025-03,0.3578,0.3678,72
4,159,2025-04,0.3645,0.3678,17
4,159,2025-05,0.3782,0.3678,1
4,159,2025-06,0.3838,0.3678,61
4,159,2025-07,0.3829,0.3678,71
4,159,2025-08,0.3826,0.3678,64
4,159,2025-09,0.3662,0.3678,4
4,159,2025-10,0.3651,0.3678,28
4,159,2025-11,0.3611,0.3678,51
4,160,2025-01,0.3258,0.3404,60
4,160,2025-02,0.3343,0.3404,11
4,160,2025-03,0.3266,0.3404,11
4,160,2025-04,0.3415,0.3404,49
4,160,2025-05,0.3539,0.3404,36
4,160,2025-06,0.3474,0.3404,52
4,160,2025-07,0.3512,0.3404,46
4,160,2025-08,0.3462,0.3404,58
4,160,2025-09,0.3531,0.3404,8
4,160,2025-10,0.3447,0.3404,58
4,160,2025-11,0.3387,0.3404,45
4,163,2025-01,0.3324,0.3382,12
4,163,2025-02,0.3321,0.3382,2
4,163,2025-03,0.334,0.3382,1
4,163,2025-04,0.345,0.3382,51
4,163,2025-05,0.338,0.3382,53
4,163,2025-06,0.3414,0.3382,6
4,163,2025-07,0.3425,0.3382,36
4,163,2025-08,0.3516,0.3382,59
4,163,2025-09,0.3412,0.3382,19
4,163,2025-10,0.3365,0.3382,42
4,163,2025-11,0.3337,0.3382,16
4,164,2025-01,0.3269,0.3388,45
4,164,2025-02,0.3353,0.3388,20
4,164,2025-03,0.3268,0.3388,72
4,164,2025-04,0.3405,0.3388,17
4,164,2025-05,0.3405,0.3388,29
4,164,2025-06,0.3559,0.3388,46
4,164,2025-07,0.3479,0.3388,53
4,164,2025-08,0.3532,0.3388,24
4,164,2025-09,0.3445,0.3388,12
4,164,2025-10,0.3378,0.3388,18
4,164,2025-11,0.3321,0.3388,21
4,165,2025-01,0.3123,0.3261,52
4,165,2025-02,0.3188,0.3261,7
4,165,2025-03,0.3196,0.3261,7
4,165,2025-04,0.334,0.3261,14
4,165,2025-05,0.3327,0.3261,19
4,165,2025-06,0.3319,0.3261,47
4,165,2025-07,0.3373,0.3261,14
4,165,2025-08,0.3419,0.3261,20
4,165,2025-09,0.3367,0.3261,10
4,165,2025-10,0.3187,0.3261,43
4,165,2025-11,0.3278,0.3261,72
4,166,2025-01,0.3174,0.3336,7
4,166,2025-02,0.3247,0.3336,34
4,166,2025-03,0.3342,0.3336,29
4,166,2025-04,0.3407,0.3336,3
4,166,2025-05,0.3451,0.3336,3
4,166,2025-06,0.3378,0.3336,33
4,166,2025-07,0.3441,0.3336,8
4,166,2025-08,0.3478,0.3336,37
4,166,2025-09,0.3367,0.3336,16
4,166,2025-10,0.337,0.3336,70
4,166,2025-11,0.3238,0.3336,69
5,168,2025-01,0.3279,0.3443,2
5,168,2025-02,0.3382,0.3443,0
5,168,2025-03,0.3434,0.3443,15
5,168,2025-04,0.3512,0.3443,68
5,168,2025-05,0.3507,0.3443,0
5,168,2025-06,0.3607,0.3443,15
5,168,2025-07,0.3631,0.3443,44
5,168,2025-08,0.3555,0.3443,67
5,168,2025-09,0.3562,0.3443,36
5,168,2025-10,0.337,0.3443,22
5,168,2025-11,0.3335,0.3443,47
5,169,2025-01,0.32,0.3277,20
5,169,2025-02,0.3131,0.3277,23
5,169,2025-03,0.3236,0.3277,38
5,169,2025-04,0.3298,0.3277,56
5,169,2025-05,0.3265,0.3277,70
5,169,2025-06,0.3323,0.3277,50
5,169,2025-07,0.338,0.3277,19
5,169,2025-08,0.3348,0.3277,65
5,169,2025-09,0.3327,0.3277,10
5,169,2025-10,0.3218,0.3277,22
5,169,2025-11,0.3259,0.3277,32
5,170,2025-01,0.3128,0.3325,27
5,170,2025-02,0.3148,0.3325,27
5,170,2025-03,0.3248,0.3325,2
5,170,2025-04,0.3348,0.3325,57
5,170,2025-05,0.3314,0.3325,9
5,170,2025-06,0.3421,0.3325,66
5,170,2025-07,0.341,0.3325,50
5,170,2025-08,0.3382,0.3325,36
5,170,2025-09,0.3342,0.3325,71
5,170,2025-10,0.3354,0.3325,0
5,170,2025-11,0.3221,0.3325,64
5,171,2025-01,0.3472,0.3583,1
5,171,2025-02,0.3451,0.3583,43
5,171,2025-03,0.3509,0.3583,46
5,171,2025-04,0.3572,0.3583,46
5,171,2025-05,0.3721,0.3583,27
5,171,2025-06,0.3749,0.3583,27
5,171,2025-07,0.3754,0.3583,35
5,171,2025-08,0.3659,0.3583,39
5,171,2025-09,0.3656,0.3583,59
5,171,2025-10,0.3534,0.3583,31
5,171,2025-11,0.3591,0.3583,8
5,172,2025-01,0.3444,0.3612,19
5,172,2025-02,0.3558,0.3612,63
5,172,2025-03,0.3626,0.3612,34
5,172,2025-04,0.3543,0.3612,26
5,172,2025-05,0.375,0.3612,46
5,172,2025-06,0.3737,0.3612,0
5,172,2025-07,0.3772,0.3612,28
5,172,2025-08,0.3737,0.3612,55
5,172,2025-09,0.3747,0.3612,6
5,172,2025-10,0.3654,0.3612,35
5,172,2025-11,0.3629,0.3612,46
5,173,2025-01,0.3216,0.3266,68
5,173,2025-02,0.317,0.3266,20
5,173,2025-03,0.3238,0.3266,66
5,173,2025-04,0.3278,0.3266,3
5,173,2025-05,0.3352,0.3266,20
5,173,2025-06,0.3366,0.3266,13
5,173,2025-07,0.335,0.3266,0
5,173,2025-08,0.3296,0.3266,68
5,173,2025-09,0.3308,0.3266,17
5,173,2025-10,0.3264,0.3266,15
5,173,2025-11,0.3255,0.3266,65
5,174,2025-01,0.3137,0.3243,5
5,174,2025-02,0.3127,0.3243,50
5,174,2025-03,0.3172,0.3243,44
5,174,2025-04,0.3301,0.3243,65
5,174,2025-05,0.3371,0.3243,20
5,174,2025-06,0.3355,0.3243,66
5,174,2025-07,0.3433,0.3243,66
5,174,2025-08,0.3389,0.3243,11
5,174,2025-09,0.3224,0.3243,9
5,174,2025-10,0.3248,0.3243,45
5,174,2025-11,0.3249,0.3243,69
5,176,2025-01,0.3251,0.3347,5
5,176,2025-02,0.3183,0.3347,68
5,176,2025-03,0.3332,0.3347,37
5,176,2025-04,0.3291,0.3347,3
5,176,2025-05,0.3383,0.3347,23
5,176,2025-06,0.3482,0.3347,48
5,176,2025-07,0.3401,0.3347,42
5,176,2025-08,0.3501,0.3347,22
5,176,2025-09,0.34,0.3347,15
5,176,2025-10,0.3299,0.3347,53
5,176,2025-11,0.3328,0.3347,14
5,177,2025-01,0.3394,0.3481,50
5,177,2025-02,0.3322,0.3481,21
5,177,2025-03,0.3398,0.3481,4
5,177,2025-04,0.3484,0.3481,38
5,177,2025-05,0.3569,0.3481,68
5,177,2025-06,0.3557,0.3481,24
5,177,2025-07,0.367,0.3481,49
5,177,2025-08,0.3624,0.3481,18
5,177,2025-09,0.3523,0.3481,61
5,177,2025-10,0.3445,0.3481,47
5,177,2025-11,0.3358,0.3481,32
5,178,2025-01,0.3465,0.3657,7
5,178,2025-02,0.3531,0.3657,31
5,178,2025-03,0.3632,0.3657,0
5,178,2025-04,0.3672,0.3657,63
5,178,2025-05,0.3747,0.3657,50
5,178,2025-06,0.3833,0.3657,29
5,178,2025-07,0.3832,0.3657,38
5,178,2025-08,0.3769,0.3657,43
5,178,2025-09,0.3734,0.3657,16
5,178,2025-10,0.3632,0.3657,70
5,178,2025-11,0.3651,0.3657,0
5,179,2025-01,0.3387,0.3479,7
5,179,2025-02,0.3346,0.3479,58
5,179,2025-03,0.3356,0.3479,7
5,179,2025-04,0.3431,0.3479,70
5,179,2025-05,0.3531,0.3479,59
5,179,2025-06,0.3628,0.3479,39
5,179,2025-07,0.3525,0.3479,27
5,179,2025-08,0.3614,0.3479,64
5,179,2025-09,0.3505,0.3479,57
5,179,2025-10,0.3552,0.3479,71
5,179,2025-11,0.34,0.3479,6
5,180,2025-01,0.3422,0.348,52
5,180,2025-02,0.3318,0.348,37
5,180,2025-03,0.3445,0.348,55
5,180,2025-04,0.3557,0.348,5
5,180,2025-05,0.3466,0.348,32
5,180,2025-06,0.3657,0.348,43
5,180,2025-07,0.355,0.348,56
5,180,2025-08,0.3602,0.348,3
5,180,2025-09,0.3588,0.348,36
5,180,2025-10,0.3503,0.348,13
5,180,2025-11,0.34,0.348,44
5,181,2025-01,0.3315,0.3383,53
5,181,2025-02,0.3244,0.3383,31
5,181,2025-03,0.326,0.3383,30
5,181,2025-04,0.3339,0.3383,25
5,181,2025-05,0.3436,0.3383,29
5,181,2025-06,0.3554,0.3383,61
5,181,2025-07,0.3425,0.3383,40
5,181,2025-08,0.3486,0.3383,29
5,181,2025-09,0.3425,0.3383,68
5,181,2025-10,0.3404,0.3383,31
5,181,2025-11,0.3362,0.3383,36
5,182,2025-01,0.3584,0.3735,1
5,182,2025-02,0.358,0.3735,64
5,182,2025-03,0.3651,0.3735,58
5,182,2025-04,0.3773,0.3735,26
5,182,2025-05,0.3827,0.3735,50
5,182,2025-06,0.388,0.3735,52
5,182,2025-07,0.3931,0.3735,25
5,182,2025-08,0.3768,0.3735,1
5,182,2025-09,0.386,0.3735,56
5,182,2025-10,0.3713,0.3735,36
5,182,2025-11,0.3597,0.3735,72
5,184,2025-01,0.3396,0.3443,23
5,184,2025-02,0.3392,0.3443,9
5,184,2025-03,0.3379,0.3443,34
5,184,2025-04,0.3463,0.3443,14
5,184,2025-05,0.3431,0.3443,50
5,184,2025-06,0.3527,0.3443,63
5,184,2025-07,0.3641,0.3443,34
5,184,2025-08,0.3583,0.3443,26
5,184,2025-09,0.3492,0.3443,3
5,184,2025-10,0.3409,0.3443,37
5,184,2025-11,0.3385,0.3443,60
5,185,2025-01,0.3249,0.3413,14
5,185,2025-02,0.327,0.3413,24
5,185,2025-03,0.33,0.3413,2
5,185,2025-04,0.3362,0.3413,1
5,185,2025-05,0.3455,0.3413,46
5,185,2025-06,0.3479,0.3413,21
5,185,2025-07,0.3499,0.3413,64
5,185,2025-08,0.346,0.3413,30
5,185,2025-09,0.3404,0.3413,21
5,185,2025-10,0.3439,0.3413,12
5,185,2025-11,0.3349,0.3413,14
5,186,2025-01,0.3277,0.3378,42
5,186,2025-02,0.3253,0.3378,11
5,186,2025-03,0.3313,0.3378,24
5,186,2025-04,0.3319,0.3378,6
5,186,2025-05,0.345,0.3378,7
5,186,2025-06,0.341,0.3378,48
5,186,2025-07,0.3549,0.3378,13
5,186,2025-08,0.3431,0.3378,65
5,186,2025-09,0.3489,0.3378,40
5,186,2025-10,0.3391,0.3378,50
5,186,2025-11,0.3311,0.3378,14
5,187,2025-01,0.3212,0.3301,68
5,187,2025-02,0.3241,0.3301,67
5,187,2025-03,0.317,0.3301,0
5,187,2025-04,0.3282,0.3301,55
5,187,2025-05,0.3423,0.3301,30
5,187,2025-06,0.3472,0.3301,57
5,187,2025-07,0.3414,0.3301,71
5,187,2025-08,0.3367,0.3301,23
5,187,2025-09,0.3434,0.3301,32
5,187,2025-10,0.3257,0.3301,67
5,187,2025-11,0.3173,0.3301,69
5,188,2025-01,0.3212,0.3365,3
5,188,2025-02,0.3215,0.3365,1
5,188,2025-03,0.3339,0.3365,36
5,188,2025-04,0.3384,0.3365,6
5,188,2025-05,0.3414,0.3365,22
5,188,2025-06,0.3535,0.3365,26
5,188,2025-07,0.3527,0.3365,59
5,188,2025-08,0.3547,0.3365,15
5,188,2025-09,0.3483,0.3365,65
5,188,2025-10,0.3303,0.3365,6
5,188,2025-11,0.3343,0.3365,65
5,189,2025-01,0.3254,0.3311,56
5,189,2025-02,0.321,0.3311,28
5,189,2025-03,0.3283,0.3311,48
5,189,2025-04,0.335,0.3311,25
5,189,2025-05,0.3416,0.3311,44
5,189,2025-06,0.3422,0.3311,13
5,189,2025-07,0.3459,0.3311,39
5,189,2025-08,0.3488,0.3311,33
5,189,2025-09,0.3364,0.3311,65
5,189,2025-10,0.3262,0.3311,49
5,189,2025-11,0.318,0.3311,18
5,190,2025-01,0.3642,0.3722,4
5,190,2025-02,0.3683,0.3722,7
5,190,2025-03,0.3633,0.3722,30
5,190,2025-04,0.3697,0.3722,11
5,190,2025-05,0.3728,0.3722,28
5,190,2025-06,0.3812,0.3722,66
5,190,2025-07,0.3891,0.3722,62
5,190,2025-08,0.3824,0.3722,17
5,190,2025-09,0.3717,0.3722,37
5,190,2025-10,0.367,0.3722,57
5,190,2025-11,0.3717,0.3722,49
5,192,2025-01,0.333,0.3398,52
5,192,2025-02,0.3268,0.3398,46
5,192,2025-03,0.3297,0.3398,27
5,192,2025-04,0.3467,0.3398,29
5,192,2025-05,0.3529,0.3398,24
5,192,2025-06,0.3474,0.3398,39
5,192,2025-07,0.3495,0.3398,28
5,192,2025-08,0.344,0.3398,56
5,192,2025-09,0.3476,0.3398,29
5,192,2025-10,0.3431,0.3398,38
5,192,2025-11,0.3278,0.3398,33
5,193,2025-01,0.3319,0.3464,18
5,193,2025-02,0.3309,0.3464,40
5,193,2025-03,0.3467,0.3464,60
5,193,2025-04,0.3476,0.3464,12
5,193,2025-05,0.3463,0.3464,65
5,193,2025-06,0.3571,0.3464,72
5,193,2025-07,0.3554,0.3464,69
5,193,2025-08,0.351,0.3464,39
5,193,2025-09,0.3539,0.3464,48
5,193,2025-10,0.3425,0.3464,3
5,193,2025-11,0.3482,0.3464,28
5,194,2025-01,0.3462,0.3552,35
5,194,2025-02,0.3406,0.3552,35
5,194,2025-03,0.3432,0.3552,64
5,194,2025-04,0.353,0.3552,53
5,194,2025-05,0.3586,0.3552,20
5,194,2025-06,0.3715,0.3552,0
5,194,2025-07,0.3714,0.3552,55
5,194,2025-08,0.371,0.3552,61
5,194,2025-09,0.3668,0.3552,37
5,194,2025-10,0.3491,0.3552,10
5,194,2025-11,0.3571,0.3552,7
5,195,2025-01,0.3467,0.3522,32
5,195,2025-02,0.3403,0.3522,38
5,195,2025-03,0.3475,0.3522,16
5,195,2025-04,0.3498,0.3522,50
5,195,2025-05,0.3551,0.3522,18
5,195,2025-06,0.3571,0.3522,72
5,195,2025-07,0.3636,0.3522,66
5,195,2025-08,0.3636,0.3522,34
5,195,2025-09,0.3601,0.3522,58
5,195,2025-10,0.3496,0.3522,58
5,195,2025-11,0.3398,0.3522,33
5,196,2025-01,0.3262,0.336,20
5,196,2025-02,0.3229,0.336,39
5,196,2025-03,0.3254,0.336,41
5,196,2025-04,0.3336,0.336,52
5,196,2025-05,0.3352,0.336,52
5,196,2025-06,0.3531,0.336,44
5,196,2025-07,0.3505,0.336,4
5,196,2025-08,0.3414,0.336,49
5,196,2025-09,0.336,0.336,29
5,196,2025-10,0.339,0.336,37
5,196,2025-11,0.3237,0.336,36
5,197,2025-01,0.326,0.3414,2
5,197,2025-02,0.3293,0.3414,9
5,197,2025-03,0.3315,0.3414,23
5,197,2025-04,0.3443,0.3414,43
5,197,2025-05,0.3457,0.3414,56
5,197,2025-06,0.345,0.3414,3
5,197,2025-07,0.3575,0.3414,5
5,197,2025-08,0.3511,0.3414,12
5,197,2025-09,0.3501,0.3414,43
5,197,2025-10,0.3466,0.3414,43
5,197,2025-11,0.3344,0.3414,70
5,198,2025-01,0.359,0.3721,14
5,198,2025-02,0.3672,0.3721,16
5,198,2025-03,0.3621,0.3721,25
5,198,2025-04,0.3709,0.3721,56
5,198,2025-05,0.3861,0.3721,17
5,198,2025-06,0.3801,0.3721,15
5,198,2025-07,0.3775,0.3721,45
5,198,2025-08,0.3831,0.3721,68
5,198,2025-09,0.3703,0.3721,27
5,198,2025-10,0.3766,0.3721,49
5,198,2025-11,0.3729,0.3721,54
5,199,2025-01,0.349,0.3546,54
5,199,2025-02,0.3369,0.3546,10
5,199,2025-03,0.3459,0.3546,33
5,199,2025-04,0.349,0.3546,53
5,199,2025-05,0.3635,0.3546,52
5,199,2025-06,0.3599,0.3546,45
5,199,2025-07,0.3687,0.3546,39
5,199,2025-08,0.3719,0.3546,65
5,199,2025-09,0.365,0.3546,57
5,199,2025-10,0.3483,0.3546,52
5,199,2025-11,0.3553,0.3546,71
5,200,2025-01,0.3369,0.3498,72
5,200,2025-02,0.3374,0.3498,45
5,200,2025-03,0.3402,0.3498,40
5,200,2025-04,0.3419,0.3498,63
5,200,2025-05,0.3616,0.3498,33
5,200,2025-06,0.3527,0.3498,38
5,200,2025-07,0.3624,0.3498,48
5,200,2025-08,0.366,0.3498,48
5,200,2025-09,0.3629,0.3498,29
5,200,2025-10,0.354,0.3498,8
5,200,2025-11,0.3428,0.3498,65
5,201,2025-01,0.2958,0.3103,55
5,201,2025-02,0.2943,0.3103,0
5,201,2025-03,0.309,0.3103,6
5,201,2025-04,0.3091,0.3103,45
5,201,2025-05,0.3161,0.3103,71
5,201,2025-06,0.3178,0.3103,55
5,201,2025-07,0.3207,0.3103,45
5,201,2025-08,0.3219,0.3103,64
5,201,2025-09,0.3241,0.3103,42
5,201,2025-10,0.3041,0.3103,65
5,201,2025-11,0.3098,0.3103,16
5,202,2025-01,0.3422,0.3525,45
5,202,2025-02,0.3463,0.3525,57
5,202,2025-03,0.3401,0.3525,40
5,202,2025-04,0.3572,0.3525,61
5,202,2025-05,0.366,0.3525,29
5,202,2025-06,0.3603,0.3525,49
5,202,2025-07,0.3686,0.3525,49
5,202,2025-08,0.3638,0.3525,40
5,202,2025-09,0.3508,0.3525,57
5,202,2025-10,0.3579,0.3525,11
5,202,2025-11,0.35,0.3525,47
5,373,2025-01,0.2978,0.3021,60
5,373,2025-02,0.296,0.3021,16
5,373,2025-03,0.2986,0.3021,32
5,373,2025-04,0.3059,0.3021,0
5,373,2025-05,0.3051,0.3021,53
5,373,2025-06,0.3045,0.3021,24
5,373,2025-07,0.3104,0.3021,4
5,373,2025-08,0.31,0.3021,48
5,373,2025-09,0.3019,0.3021,0
5,373,2025-10,0.3063,0.3021,57
5,373,2025-11,0.301,0.3021,71
6,203,2025-01,0.3037,0.3218,27
6,203,2025-02,0.31,0.3218,8
6,203,2025-03,0.32,0.3218,36
6,203,2025-04,0.3252,0.3218,44
6,203,2025-05,0.335,0.3218,66
6,203,2025-06,0.3277,0.3218,45
6,203,2025-07,0.3347,0.3218,25
6,203,2025-08,0.3334,0.3218,34
6,203,2025-09,0.3307,0.3218,53
6,203,2025-10,0.3239,0.3218,11
6,203,2025-11,0.3091,0.3218,26
6,204,2025-01,0.3314,0.3417,60
6,204,2025-02,0.3344,0.3417,0
6,204,2025-03,0.3415,0.3417,17
6,204,2025-04,0.3463,0.3417,6
6,204,2025-05,0.3547,0.3417,51
6,204,2025-06,0.3487,0.3417,11
6,204,2025-07,0.353,0.3417,49
6,204,2025-08,0.3589,0.3417,53
6,204,2025-09,0.3502,0.3417,5
6,204,2025-10,0.3443,0.3417,19
6,204,2025-11,0.3305,0.3417,61
6,205,2025-01,0.3337,0.3428,59
6,205,2025-02,0.3383,0.3428,7
6,205,2025-03,0.3313,0.3428,36
6,205,2025-04,0.3354,0.3428,19
6,205,2025-05,0.3518,0.3428,37
6,205,2025-06,0.3518,0.3428,16
6,205,2025-07,0.3484,0.3428,32
6,205,2025-08,0.3524,0.3428,66
6,205,2025-09,0.3473,0.3428,26
6,205,2025-10,0.3357,0.3428,59
6,205,2025-11,0.3425,0.3428,40
6,206,2025-01,0.3186,0.3373,19
6,206,2025-02,0.3223,0.3373,59
6,206,2025-03,0.3314,0.3373,14
6,206,2025-04,0.3406,0.3373,9
6,206,2025-05,0.3449,0.3373,25
6,206,2025-06,0.3486,0.3373,43
6,206,2025-07,0.354,0.3373,63
6,206,2025-08,0.3491,0.3373,5
6,206,2025-09,0.3512,0.3373,39
6,206,2025-10,0.3372,0.3373,50
6,206,2025-11,0.3309,0.3373,57
6,207,2025-01,0.3278,0.3396,16
6,207,2025-02,0.3243,0.3396,57
6,207,2025-03,0.3332,0.3396,38
6,207,2025-04,0.343,0.3396,65
6,207,2025-05,0.3426,0.3396,6
6,207,2025-06,0.3561,0.3396,49
6,207,2025-07,0.3485,0.3396,13
6,207,2025-08,0.3566,0.3396,31
6,207,2025-09,0.3437,0.3396,19
6,207,2025-10,0.3388,0.3396,33
6,207,2025-11,0.3304,0.3396,64
6,208,2025-01,0.2998,0.314,1
6,208,2025-02,0.305,0.314,71
6,208,2025-03,0.3098,0.314,26
6,208,2025-04,0.307,0.314,37
6,208,2025-05,0.3128,0.314,3
6,208,2025-06,0.3277,0.314,72
6,208,2025-07,0.3328,0.314,59
6,208,2025-08,0.32,0.314,24
6,208,2025-09,0.3266,0.314,23
6,208,2025-10,0.3093,0.314,37
6,208,2025-11,0.3135,0.314,52
6,209,2025-01,0.2988,0.3185,52
6,209,2025-02,0.3113,0.3185,47
6,209,2025-03,0.3134,0.3185,62
6,209,2025-04,0.318,0.3185,19
6,209,2025-05,0.3237,0.3185,34
6,209,2025-06,0.3261,0.3185,55
6,209,2025-07,0.3231,0.3185,9
6,209,2025-08,0.3309,0.3185,45
6,209,2025-09,0.3276,0.3185,58
6,209,2025-10,0.3127,0.3185,71
6,209,2025-11,0.3111,0.3185,61
6,210,2025-01,0.3304,0.3401,18
6,210,2025-02,0.3231,0.3401,11
6,210,2025-03,0.3332,0.3401,54
6,210,2025-04,0.3335,0.3401,49
6,210,2025-05,0.3509,0.3401,43
6,210,2025-06,0.348,0.3401,58
6,210,2025-07,0.3539,0.3401,37
6,210,2025-08,0.3432,0.3401,7
6,210,2025-09,0.3411,0.3401,50
6,210,2025-10,0.3326,0.3401,45
6,210,2025-11,0.333,0.3401,69
6,211,2025-01,0.3443,0.3511,8
6,211,2025-02,0.3352,0.3511,23
6,211,2025-03,0.348,0.3511,53
6,211,2025-04,0.3465,0.3511,68
6,211,2025-05,0.3555,0.3511,36
6,211,2025-06,0.3597,0.3511,63
6,211,2025-07,0.3693,0.3511,30
6,211,2025-08,0.3649,0.3511,38
6,211,2025-09,0.3517,0.3511,63
6,211,2025-10,0.3439,0.3511,35
6,211,2025-11,0.3477,0.3511,64
6,212,2025-01,0.3482,0.3536,6
6,212,2025-02,0.3481,0.3536,59
6,212,2025-03,0.3501,0.3536,18
6,212,2025-04,0.3579,0.3536,46
6,212,2025-05,0.3668,0.3536,29
6,212,2025-06,0.3651,0.3536,40
6,212,2025-07,0.3674,0.3536,36
6,212,2025-08,0.3645,0.3536,32
6,212,2025-09,0.3533,0.3536,5
6,212,2025-10,0.3463,0.3536,70
6,212,2025-11,0.3478,0.3536,30
6,213,2025-01,0.3217,0.3393,36
6,213,2025-02,0.3217,0.3393,19
6,213,2025-03,0.3355,0.3393,53
6,213,2025-04,0.3338,0.3393,14
6,213,2025-05,0.3456,0.3393,65
6,213,2025-06,0.3484,0.3393,53
6,213,2025-07,0.3532,0.3393,44
6,213,2025-08,0.3426,0.3393,33
6,213,2025-09,0.3473,0.3393,70
6,213,2025-10,0.3351,0.3393,50
6,213,2025-11,0.3368,0.3393,31
6,214,2025-01,0.3154,0.3262,66
6,214,2025-02,0.3134,0.3262,66
6,214,2025-03,0.3177,0.3262,45
6,214,2025-04,0.3216,0.3262,43
6,214,2025-05,0.3378,0.3262,25
6,214,2025-06,0.3438,0.3262,53
6,214,2025-07,0.346,0.3262,6
6,214,2025-08,0.3441,0.3262,49
6,214,2025-09,0.3244,0.3262,2
6,214,2025-10,0.3299,0.3262,58
6,214,2025-11,0.3194,0.3262,44
6,215,2025-01,0.3347,0.3411,66
6,215,2025-02,0.3298,0.3411,25
6,215,2025-03,0.3372,0.3411,30
6,215,2025-04,0.3464,0.3411,72
6,215,2025-05,0.3547,0.3411,55
6,215,2025-06,0.3581,0.3411,47
6,215,2025-07,0.3606,0.3411,71
6,215,2025-08,0.3545,0.3411,69
6,215,2025-09,0.3403,0.3411,49
6,215,2025-10,0.3344,0.3411,27
6,215,2025-11,0.3329,0.3411,40
6,216,2025-01,0.3109,0.3306,39
6,216,2025-02,0.3226,0.3306,50
6,216,2025-03,0.3183,0.3306,24
6,216,2025-04,0.3278,0.3306,51
6,216,2025-05,0.3388,0.3306,10
6,216,2025-06,0.3451,0.3306,55
6,216,2025-07,0.3372,0.3306,58
6,216,2025-08,0.3345,0.3306,55
6,216,2025-09,0.3292,0.3306,34
6,216,2025-10,0.3257,0.3306,60
6,216,2025-11,0.3325,0.3306,52
6,222,2025-01,0.3139,0.319,54
6,222,2025-02,0.3113,0.319,5
6,222,2025-03,0.3134,0.319,9
6,222,2025-04,0.3227,0.319,4
6,222,2025-05,0.3231,0.319,45
6,222,2025-06,0.3363,0.319,34
6,222,2025-07,0.3335,0.319,13
6,222,2025-08,0.3231,0.319,5
6,222,2025-09,0.3274,0.319,34
6,222,2025-10,0.3181,0.319,35
6,222,2025-11,0.3117,0.319,44
6,223,2025-01,0.3255,0.343,25
6,223,2025-02,0.3357,0.343,30
6,223,2025-03,0.3443,0.343,20
6,223,2025-04,0.3376,0.343,64
6,223,2025-05,0.3439,0.343,50
6,223,2025-06,0.3517,0.343,5
6,223,2025-07,0.3538,0.343,42
6,223,2025-08,0.3487,0.343,15
6,223,2025-09,0.3541,0.343,22
6,223,2025-10,0.344,0.343,68
6,223,2025-11,0.3333,0.343,23
6,230,2025-01,0.3316,0.3428,68
6,230,2025-02,0.3254,0.3428,1
6,230,2025-03,0.3349,0.3428,68
6,230,2025-04,0.3465,0.3428,53
6,230,2025-05,0.3454,0.3428,6
6,230,2025-06,0.3474,0.3428,24
6,230,2025-07,0.3599,0.3428,72
6,230,2025-08,0.3545,0.3428,37
6,230,2025-09,0.3545,0.3428,43
6,230,2025-10,0.3454,0.3428,2
6,230,2025-11,0.3384,0.3428,39
6,245,2025-01,0.315,0.326,6
6,245,2025-02,0.3134,0.326,41
6,245,2025-03,0.3171,0.326,10
6,245,2025-04,0.3277,0.326,58
6,245,2025-05,0.3353,0.326,14
6,245,2025-06,0.34,0.326,54
6,245,2025-07,0.3368,0.326,14
6,245,2025-08,0.3354,0.326,21
6,245,2025-09,0.3378,0.326,8
6,245,2025-10,0.3199,0.326,3
6,245,2025-11,0.3253,0.326,67
6,246,2025-01,0.2983,0.315,56
6,246,2025-02,0.3075,0.315,58
6,246,2025-03,0.3105,0.315,7
6,246,2025-04,0.3191,0.315,27
6,246,2025-05,0.3158,0.315,38
6,246,2025-06,0.3245,0.315,71
6,246,2025-07,0.324,0.315,37
6,246,2025-08,0.3271,0.315,68
6,246,2025-09,0.317,0.315,31
6,246,2025-10,0.3197,0.315,39
6,246,2025-11,0.3153,0.315,66
6,247,2025-01,0.3175,0.3218,38
6,247,2025-02,0.3169,0.3218,63
6,247,2025-03,0.3083,0.3218,59
6,247,2025-04,0.3145,0.3218,67
6,247,2025-05,0.3255,0.3218,49
6,247,2025-06,0.3351,0.3218,33
6,247,2025-07,0.3356,0.3218,6
6,247,2025-08,0.3337,0.3218,12
6,247,2025-09,0.3335,0.3218,68
6,247,2025-10,0.3226,0.3218,15
6,247,2025-11,0.3144,0.3218,3
6,248,2025-01,0.3044,0.313,29
6,248,2025-02,0.3059,0.313,52
6,248,2025-03,0.3057,0.313,72
6,248,2025-04,0.3141,0.313,68
6,248,2025-05,0.3124,0.313,50
6,248,2025-06,0.3309,0.313,21
6,248,2025-07,0.3179,0.313,24
6,248,2025-08,0.3184,0.313,23
6,248,2025-09,0.3238,0.313,2
6,248,2025-10,0.308,0.313,51
6,248,2025-11,0.3034,0.313,42
6,249,2025-01,0.3199,0.3303,53
6,249,2025-02,0.3146,0.3303,44
6,249,2025-03,0.3256,0.3303,16
6,249,2025-04,0.3294,0.3303,68
6,249,2025-05,0.3301,0.3303,37
6,249,2025-06,0.3392,0.3303,32
6,249,2025-07,0.3368,0.3303,54
6,249,2025-08,0.3356,0.3303,17
6,249,2025-09,0.3331,0.3303,17
6,249,2025-10,0.3296,0.3303,15
6,249,2025-11,0.3192,0.3303,6
6,250,2025-01,0.3207,0.3248,46
6,250,2025-02,0.321,0.3248,35
6,250,2025-03,0.3213,0.3248,52
6,250,2025-04,0.3271,0.3248,4
6,250,2025-05,0.3312,0.3248,40
6,250,2025-06,0.3405,0.3248,65
6,250,2025-07,0.333,0.3248,8
6,250,2025-08,0.3323,0.3248,2
6,250,2025-09,0.3292,0.3248,22
6,250,2025-10,0.325,0.3248,0
6,250,2025-11,0.316,0.3248,55
6,251,2025-01,0.3138,0.3249,37
6,251,2025-02,0.3145,0.3249,39
6,251,2025-03,0.3248,0.3249,39
6,251,2025-04,0.332,0.3249,48
6,251,2025-05,0.3331,0.3249,47
6,251,2025-06,0.3285,0.3249,17
6,251,2025-07,0.3445,0.3249,62
6,251,2025-08,0.3321,0.3249,22
6,251,2025-09,0.3304,0.3249,56
6,251,2025-10,0.3257,0.3249,10
6,251,2025-11,0.3141,0.3249,20
6,252,2025-01,0.3438,0.3488,17
6,252,2025-02,0.3369,0.3488,71
6,252,2025-03,0.3504,0.3488,22
6,252,2025-04,0.3454,0.3488,66
6,252,2025-05,0.3473,0.3488,57
6,252,2025-06,0.3535,0.3488,21
6,252,2025-07,0.357,0.3488,26
6,252,2025-08,0.3521,0.3488,24
6,252,2025-09,0.3622,0.3488,30
6,252,2025-10,0.3472,0.3488,1
6,252,2025-11,0.3392,0.3488,1
6,253,2025-01,0.3635,0.3681,14
6,253,2025-02,0.3652,0.3681,52
6,253,2025-03,0.3612,0.3681,11
6,253,2025-04,0.3712,0.3681,46
6,253,2025-05,0.3753,0.3681,32
6,253,2025-06,0.3732,0.3681,46
6,253,2025-07,0.3791,0.3681,71
6,253,2025-08,0.3767,0.3681,28
6,253,2025-09,0.3693,0.3681,7
6,253,2025-10,0.3607,0.3681,31
6,253,2025-11,0.3656,0.3681,8
6,254,2025-01,0.3251,0.3405,17
6,254,2025-02,0.3274,0.3405,9
6,254,2025-03,0.3283,0.3405,58
6,254,2025-04,0.3381,0.3405,2
6,254,2025-05,0.3522,0.3405,68
6,254,2025-06,0.3479,0.3405,6
6,254,2025-07,0.3522,0.3405,23
6,254,2025-08,0.3516,0.3405,17
6,254,2025-09,0.3524,0.3405,67
6,254,2025-10,0.3453,0.3405,53
6,254,2025-11,0.3332,0.3405,20
6,255,2025-01,0.2958,0.3068,20
6,255,2025-02,0.2966,0.3068,68
6,255,2025-03,0.2952,0.3068,72
6,255,2025-04,0.3052,0.3068,42
6,255,2025-05,0.3062,0.3068,55
6,255,2025-06,0.3164,0.3068,59
6,255,2025-07,0.3255,0.3068,13
6,255,2025-08,0.3118,0.3068,62
6,255,2025-09,0.3151,0.3068,6
6,255,2025-10,0.3095,0.3068,9
6,255,2025-11,0.2958,0.3068,14
6,256,2025-01,0.2858,0.2969,16
6,256,2025-02,0.2833,0.2969,40
6,256,2025-03,0.2894,0.2969,21
6,256,2025-04,0.2957,0.2969,18
6,256,2025-05,0.3089,0.2969,15
6,256,2025-06,0.3004,0.2969,53
6,256,2025-07,0.3101,0.2969,68
6,256,2025-08,0.3018,0.2969,61
6,256,2025-09,0.3018,0.2969,22
6,256,2025-10,0.2954,0.2969,57
6,256,2025-11,0.2957,0.2969,41
6,257,2025-01,0.3117,0.3269,66
6,257,2025-02,0.3162,0.3269,46
6,257,2025-03,0.3176,0.3269,7
6,257,2025-04,0.3248,0.3269,45
6,257,2025-05,0.3351,0.3269,8
6,257,2025-06,0.3367,0.3269,55
6,257,2025-07,0.3403,0.3269,56
6,257,2025-08,0.3318,0.3269,68
6,257,2025-09,0.3334,0.3269,25
6,257,2025-10,0.3281,0.3269,69
6,257,2025-11,0.3152,0.3269,35
6,258,2025-01,0.3011,0.316,34
6,258,2025-02,0.3127,0.316,52
6,258,2025-03,0.3036,0.316,37
6,258,2025-04,0.3178,0.316,12
6,258,2025-05,0.3216,0.316,55
6,258,2025-06,0.3316,0.316,6
6,258,2025-07,0.3258,0.316,49
6,258,2025-08,0.321,0.316,37
6,258,2025-09,0.3179,0.316,27
6,258,2025-10,0.3201,0.316,38
6,258,2025-11,0.3023,0.316,20
6,259,2025-01,0.326,0.334,2
6,259,2025-02,0.3222,0.334,49
6,259,2025-03,0.3328,0.334,10
6,259,2025-04,0.3308,0.334,29
6,259,2025-05,0.3478,0.334,20
6,259,2025-06,0.3423,0.334,49
6,259,2025-07,0.3456,0.334,71
6,259,2025-08,0.3372,0.334,33
6,259,2025-09,0.3429,0.334,63
6,259,2025-10,0.3417,0.334,32
6,259,2025-11,0.3315,0.334,56
6,260,2025-01,0.3459,0.3526,59
6,260,2025-02,0.3412,0.3526,30
6,260,2025-03,0.3474,0.3526,57
6,260,2025-04,0.3597,0.3526,71
6,260,2025-05,0.3511,0.3526,50
6,260,2025-06,0.3581,0.3526,38
6,260,2025-07,0.3685,0.3526,2
6,260,2025-08,0.3603,0.3526,41
6,260,2025-09,0.3512,0.3526,51
6,260,2025-10,0.3512,0.3526,42
6,260,2025-11,0.3469,0.3526,55
6,261,2025-01,0.3301,0.3389,40
6,261,2025-02,0.3217,0.3389,18
6,261,2025-03,0.3407,0.3389,34
6,261,2025-04,0.3323,0.3389,54
6,261,2025-05,0.3371,0.3389,30
6,261,2025-06,0.3436,0.3389,17
6,261,2025-07,0.347,0.3389,72
6,261,2025-08,0.356,0.3389,51
6,261,2025-09,0.3476,0.3389,34
6,261,2025-10,0.3409,0.3389,35
6,261,2025-11,0.3314,0.3389,26
6,262,2025-01,0.3101,0.3217,71
6,262,2025-02,0.3102,0.3217,55
6,262,2025-03,0.3133,0.3217,11
6,262,2025-04,0.3221,0.3217,30
6,262,2025-05,0.3292,0.3217,42
6,262,2025-06,0.3262,0.3217,68
6,262,2025-07,0.3348,0.3217,63
6,262,2025-08,0.3386,0.3217,60
6,262,2025-09,0.3353,0.3217,50
6,262,2025-10,0.3205,0.3217,31
6,262,2025-11,0.3154,0.3217,49
6,263,2025-01,0.3105,0.3299,54
6,263,2025-02,0.3214,0.3299,13
6,263,2025-03,0.3191,0.3299,36
6,263,2025-04,0.3335,0.3299,50
6,263,2025-05,0.3357,0.3299,61
6,263,2025-06,0.3394,0.3299,15
6,263,2025-07,0.3347,0.3299,43
6,263,2025-08,0.338,0.3299,22
6,263,2025-09,0.3428,0.3299,0
6,263,2025-10,0.3295,0.3299,52
6,263,2025-11,0.3278,0.3299,48
6,264,2025-01,0.3006,0.3199,59
6,264,2025-02,0.3098,0.3199,31
6,264,2025-03,0.3072,0.3199,46
6,264,2025-04,0.3199,0.3199,51
6,264,2025-05,0.3268,0.3199,68
6,264,2025-06,0.3346,0.3199,67
6,264,2025-07,0.3349,0.3199,42
6,264,2025-08,0.3379,0.3199,47
6,264,2025-09,0.3245,0.3199,55
6,264,2025-10,0.3241,0.3199,60
6,264,2025-11,0.3192,0.3199,24
6,265,2025-01,0.3392,0.346,54
6,265,2025-02,0.3294,0.346,52
6,265,2025-03,0.3325,0.346,52
6,265,2025-04,0.338,0.346,26
6,265,2025-05,0.3514,0.346,35
6,265,2025-06,0.3535,0.346,57
6,265,2025-07,0.35,0.346,28
6,265,2025-08,0.3512,0.346,42
6,265,2025-09,0.3509,0.346,16
6,265,2025-10,0.3451,0.346,10
6,265,2025-11,0.3379,0.346,20
6,266,2025-01,0.3288,0.3384,29
6,266,2025-02,0.3265,0.3384,37
6,266,2025-03,0.3331,0.3384,64
6,266,2025-04,0.3317,0.3384,49
6,266,2025-05,0.3365,0.3384,51
6,266,2025-06,0.3562,0.3384,1
6,266,2025-07,0.3446,0.3384,15
6,266,2025-08,0.3438,0.3384,49
6,266,2025-09,0.3446,0.3384,39
6,266,2025-10,0.3409,0.3384,19
6,266,2025-11,0.3377,0.3384,69
6,267,2025-01,0.3237,0.3366,40
6,267,2025-02,0.3252,0.3366,14
6,267,2025-03,0.3256,0.3366,6
6,267,2025-04,0.339,0.3366,62
6,267,2025-05,0.3363,0.3366,6
6,267,2025-06,0.3479,0.3366,31
6,267,2025-07,0.3409,0.3366,69
6,267,2025-08,0.3432,0.3366,55
6,267,2025-09,0.3426,0.3366,31
6,267,2025-10,0.3413,0.3366,29
6,267,2025-11,0.327,0.3366,49
6,268,2025-01,0.3125,0.324,11
6,268,2025-02,0.3062,0.324,17
6,268,2025-03,0.3235,0.324,62
6,268,2025-04,0.3254,0.324,19
6,268,2025-05,0.331,0.324,7
6,268,2025-06,0.3379,0.324,28
6,268,2025-07,0.3422,0.324,65
6,268,2025-08,0.3293,0.324,4
6,268,2025-09,0.3251,0.324,43
6,268,2025-10,0.3278,0.324,40
6,268,2025-11,0.3139,0.324,39
6,269,2025-01,0.3185,0.335,11
6,269,2025-02,0.3227,0.335,19
6,269,2025-03,0.3357,0.335,7
6,269,2025-04,0.3417,0.335,52
6,269,2025-05,0.3336,0.335,42
6,269,2025-06,0.3458,0.335,38
6,269,2025-07,0.3541,0.335,36
6,269,2025-08,0.3449,0.335,17
6,269,2025-09,0.3438,0.335,22
6,269,2025-10,0.3317,0.335,26
6,269,2025-11,0.3337,0.335,15
6,270,2025-01,0.3269,0.3342,16
6,270,2025-02,0.3293,0.3342,58
6,270,2025-03,0.3295,0.3342,36
6,270,2025-04,0.3318,0.3342,12
6,270,2025-05,0.3384,0.3342,25
6,270,2025-06,0.3434,0.3342,27
6,270,2025-07,0.3477,0.3342,44
6,270,2025-08,0.3524,0.3342,51
6,270,2025-09,0.3343,0.3342,72
6,270,2025-10,0.3417,0.3342,2
6,270,2025-11,0.3271,0.3342,1
6,271,2025-01,0.3198,0.3345,36
6,271,2025-02,0.3198,0.3345,56
6,271,2025-03,0.3311,0.3345,17
6,271,2025-04,0.3372,0.3345,43
6,271,2025-05,0.3421,0.3345,36
6,271,2025-06,0.3433,0.3345,0
6,271,2025-07,0.3433,0.3345,57
6,271,2025-08,0.3419,0.3345,3
6,271,2025-09,0.3416,0.3345,68
6,271,2025-10,0.3343,0.3345,65
6,271,2025-11,0.334,0.3345,56
6,272,2025-01,0.3113,0.3204,3
6,272,2025-02,0.3074,0.3204,33
6,272,2025-03,0.3119,0.3204,59
6,272,2025-04,0.326,0.3204,72
6,272,2025-05,0.3334,0.3204,14
6,272,2025-06,0.3353,0.3204,60
6,272,2025-07,0.3264,0.3204,36
6,272,2025-08,0.3301,0.3204,3
6,272,2025-09,0.3311,0.3204,30
6,272,2025-10,0.3189,0.3204,22
6,272,2025-11,0.3075,0.3204,26
6,379,2025-01,0.3228,0.3367,35
6,379,2025-02,0.3273,0.3367,8
6,379,2025-03,0.3343,0.3367,14
6,379,2025-04,0.3423,0.3367,65
6,379,2025-05,0.3448,0.3367,64
6,379,2025-06,0.3464,0.3367,37
6,379,2025-07,0.3435,0.3367,13
6,379,2025-08,0.3431,0.3367,16
6,379,2025-09,0.3394,0.3367,30
6,379,2025-10,0.3424,0.3367,21
6,379,2025-11,0.3275,0.3367,25
6,380,2025-01,0.3546,0.3631,11
6,380,2025-02,0.3573,0.3631,56
6,380,2025-03,0.3605,0.3631,14
6,380,2025-04,0.362,0.3631,20
6,380,2025-05,0.3731,0.3631,25
6,380,2025-06,0.3661,0.3631,7
6,380,2025-07,0.3761,0.3631,67
6,380,2025-08,0.3798,0.3631,7
6,380,2025-09,0.3712,0.3631,45
6,380,2025-10,0.3678,0.3631,33
6,380,2025-11,0.3558,0.3631,59
7,287,2025-01,0.3154,0.3299,3
7,287,2025-02,0.3189,0.3299,49
7,287,2025-03,0.3299,0.3299,42
7,287,2025-04,0.3339,0.3299,43
7,287,2025-05,0.3352,0.3299,70
7,287,2025-06,0.3385,0.3299,29
7,287,2025-07,0.3367,0.3299,8
7,287,2025-08,0.3473,0.3299,20
7,287,2025-09,0.3317,0.3299,34
7,287,2025-10,0.3268,0.3299,7
7,287,2025-11,0.3253,0.3299,18
7,288,2025-01,0.3472,0.3581,10
7,288,2025-02,0.3522,0.3581,71
7,288,2025-03,0.3555,0.3581,57
7,288,2025-04,0.358,0.3581,26
7,288,2025-05,0.3583,0.3581,64
7,288,2025-06,0.3713,0.3581,47
7,288,2025-07,0.3648,0.3581,26
7,288,2025-08,0.3698,0.3581,10
7,288,2025-09,0.3628,0.3581,0
7,288,2025-10,0.3556,0.3581,49
7,288,2025-11,0.3444,0.3581,26
7,289,2025-01,0.3158,0.3233,6
7,289,2025-02,0.307,0.3233,54
7,289,2025-03,0.3157,0.3233,53
7,289,2025-04,0.3212,0.3233,67
7,289,2025-05,0.3354,0.3233,10
7,289,2025-06,0.3355,0.3233,63
7,289,2025-07,0.3283,0.3233,42
7,289,2025-08,0.3366,0.3233,59
7,289,2025-09,0.3346,0.3233,66
7,289,2025-10,0.3273,0.3233,62
7,289,2025-11,0.3185,0.3233,11
7,290,2025-01,0.2997,0.3137,14
7,290,2025-02,0.301,0.3137,55
7,290,2025-03,0.3114,0.3137,66
7,290,2025-04,0.3116,0.3137,48
7,290,2025-05,0.3239,0.3137,14
7,290,2025-06,0.326,0.3137,69
7,290,2025-07,0.3267,0.3137,39
7,290,2025-08,0.3264,0.3137,0
7,290,2025-09,0.321,0.3137,39
7,290,2025-10,0.3178,0.3137,26
7,290,2025-11,0.3144,0.3137,25
7,291,2025-01,0.3092,0.3189,1
7,291,2025-02,0.3023,0.3189,50
7,291,2025-03,0.3095,0.3189,61
7,291,2025-04,0.3181,0.3189,29
7,291,2025-05,0.3227,0.3189,36
7,291,2025-06,0.3261,0.3189,72
7,291,2025-07,0.326,0.3189,33
7,291,2025-08,0.3245,0.3189,65
7,291,2025-09,0.3174,0.3189,56
7,291,2025-10,0.316,0.3189,28
7,291,2025-11,0.3174,0.3189,5
7,292,2025-01,0.325,0.3444,69
7,292,2025-02,0.3384,0.3444,50
7,292,2025-03,0.3419,0.3444,37
7,292,2025-04,0.3456,0.3444,56
7,292,2025-05,0.3569,0.3444,69
7,292,2025-06,0.3614,0.3444,21
7,292,2025-07,0.3485,0.3444,49
7,292,2025-08,0.3568,0.3444,17
7,292,2025-09,0.3578,0.3444,60
7,292,2025-10,0.34,0.3444,41
7,292,2025-11,0.3347,0.3444,63
7,293,2025-01,0.3213,0.3313,16
7,293,2025-02,0.313,0.3313,59
7,293,2025-03,0.3331,0.3313,45
7,293,2025-04,0.3296,0.3313,58
7,293,2025-05,0.3375,0.3313,19
7,293,2025-06,0.3393,0.3313,71
7,293,2025-07,0.3372,0.3313,28
7,293,2025-08,0.3463,0.3313,23
7,293,2025-09,0.3309,0.3313,66
7,293,2025-10,0.3382,0.3313,49
7,293,2025-11,0.3273,0.3313,20
7,294,2025-01,0.3211,0.339,11
7,294,2025-02,0.3344,0.339,3
7,294,2025-03,0.3264,0.339,3
7,294,2025-04,0.3453,0.339,10
7,294,2025-05,0.34,0.339,31
7,294,2025-06,0.3439,0.339,1
7,294,2025-07,0.353,0.339,41
7,294,2025-08,0.3541,0.339,25
7,294,2025-09,0.3462,0.339,70
7,294,2025-10,0.3348,0.339,59
7,294,2025-11,0.3294,0.339,8
7,295,2025-01,0.3514,0.3659,12
7,295,2025-02,0.348,0.3659,63
7,295,2025-03,0.3608,0.3659,65
7,295,2025-04,0.3694,0.3659,47
7,295,2025-05,0.3766,0.3659,12
7,295,2025-06,0.3794,0.3659,36
7,295,2025-07,0.3817,0.3659,32
7,295,2025-08,0.3779,0.3659,69
7,295,2025-09,0.3712,0.3659,32
7,295,2025-10,0.3656,0.3659,18
7,295,2025-11,0.3676,0.3659,48
7,296,2025-01,0.342,0.3491,19
7,296,2025-02,0.333,0.3491,46
7,296,2025-03,0.3441,0.3491,60
7,296,2025-04,0.3509,0.3491,55
7,296,2025-05,0.349,0.3491,4
7,296,2025-06,0.3575,0.3491,50
7,296,2025-07,0.355,0.3491,34
7,296,2025-08,0.3614,0.3491,25
7,296,2025-09,0.3481,0.3491,10
7,296,2025-10,0.355,0.3491,58
7,296,2025-11,0.3483,0.3491,68
7,297,2025-01,0.3091,0.325,26
7,297,2025-02,0.3079,0.325,16
7,297,2025-03,0.3158,0.325,0
7,297,2025-04,0.3221,0.325,24
7,297,2025-05,0.3379,0.325,38
7,297,2025-06,0.334,0.325,13
7,297,2025-07,0.3306,0.325,40
7,297,2025-08,0.3365,0.325,10
7,297,2025-09,0.3349,0.325,13
7,297,2025-10,0.3254,0.325,4
7,297,2025-11,0.3203,0.325,24
7,298,2025-01,0.3174,0.3267,12
7,298,2025-02,0.3207,0.3267,50
7,298,2025-03,0.3208,0.3267,63
7,298,2025-04,0.3309,0.3267,5
7,298,2025-05,0.3262,0.3267,62
7,298,2025-06,0.3443,0.3267,24
7,298,2025-07,0.335,0.3267,60
7,298,2025-08,0.3374,0.3267,32
7,298,2025-09,0.325,0.3267,62
7,298,2025-10,0.3209,0.3267,60
7,298,2025-11,0.3175,0.3267,13
7,299,2025-01,0.3289,0.3386,61
7,299,2025-02,0.3248,0.3386,69
7,299,2025-03,0.3307,0.3386,53
7,299,2025-04,0.3308,0.3386,29
7,299,2025-05,0.343,0.3386,32
7,299,2025-06,0.355,0.3386,30
7,299,2025-07,0.3586,0.3386,6
7,299,2025-08,0.3416,0.3386,21
7,299,2025-09,0.3525,0.3386,23
7,299,2025-10,0.3466,0.3386,69
7,299,2025-11,0.3325,0.3386,7
7,300,2025-01,0.3255,0.3306,64
7,300,2025-02,0.3197,0.3306,34
7,300,2025-03,0.3223,0.3306,70
7,300,2025-04,0.3359,0.3306,13
7,300,2025-05,0.3357,0.3306,70
7,300,2025-06,0.3356,0.3306,43
7,300,2025-07,0.3371,0.3306,26
7,300,2025-08,0.3378,0.3306,43
7,300,2025-09,0.3432,0.3306,29
7,300,2025-10,0.3251,0.3306,4
7,300,2025-11,0.3216,0.3306,61
7,301,2025-01,0.3477,0.3527,59
7,301,2025-02,0.3489,0.3527,59
7,301,2025-03,0.3471,0.3527,30
7,301,2025-04,0.3572,0.3527,0
7,301,2025-05,0.3622,0.3527,42
7,301,2025-06,0.3652,0.3527,67
7,301,2025-07,0.3682,0.3527,72
7,301,2025-08,0.3581,0.3527,49
7,301,2025-09,0.358,0.3527,58
7,301,2025-10,0.3487,0.3527,28
7,301,2025-11,0.3421,0.3527,12
7,302,2025-01,0.3203,0.3291,57
7,302,2025-02,0.319,0.3291,14
7,302,2025-03,0.3159,0.3291,38
7,302,2025-04,0.3283,0.3291,50
7,302,2025-05,0.3351,0.3291,9
7,302,2025-06,0.3333,0.3291,66
7,302,2025-07,0.3426,0.3291,53
7,302,2025-08,0.3347,0.3291,30
7,302,2025-09,0.3423,0.3291,58
7,302,2025-10,0.3291,0.3291,52
7,302,2025-11,0.3206,0.3291,68
7,303,2025-01,0.314,0.3284,40
7,303,2025-02,0.3128,0.3284,66
7,303,2025-03,0.323,0.3284,61
7,303,2025-04,0.3322,0.3284,72
7,303,2025-05,0.3374,0.3284,16
7,303,2025-06,0.3391,0.3284,45
7,303,2025-07,0.3471,0.3284,39
7,303,2025-08,0.3343,0.3284,55
7,303,2025-09,0.3271,0.3284,35
7,303,2025-10,0.3247,0.3284,42
7,303,2025-11,0.3163,0.3284,70
7,304,2025-01,0.3401,0.3454,31
7,304,2025-02,0.3311,0.3454,50
7,304,2025-03,0.3395,0.3454,68
7,304,2025-04,0.345,0.3454,39
7,304,2025-05,0.3484,0.3454,23
7,304,2025-06,0.3515,0.3454,57
7,304,2025-07,0.3535,0.3454,52
7,304,2025-08,0.3492,0.3454,49
7,304,2025-09,0.3514,0.3454,40
7,304,2025-10,0.351,0.3454,63
7,304,2025-11,0.3359,0.3454,36
7,305,2025-01,0.3361,0.3445,44
7,305,2025-02,0.337,0.3445,3
7,305,2025-03,0.3401,0.3445,4
7,305,2025-04,0.3367,0.3445,19
7,305,2025-05,0.3557,0.3445,12
7,305,2025-06,0.3562,0.3445,61
7,305,2025-07,0.3547,0.3445,65
7,305,2025-08,0.3545,0.3445,27
7,305,2025-09,0.348,0.3445,10
7,305,2025-10,0.3421,0.3445,14
7,305,2025-11,0.3368,0.3445,42
7,306,2025-01,0.335,0.3495,24
7,306,2025-02,0.3457,0.3495,45
7,306,2025-03,0.3424,0.3495,72
7,306,2025-04,0.3422,0.3495,7
7,306,2025-05,0.3486,0.3495,9
7,306,2025-06,0.3646,0.3495,52
7,306,2025-07,0.362,0.3495,10
7,306,2025-08,0.3666,0.3495,36
7,306,2025-09,0.3633,0.3495,10
7,306,2025-10,0.3478,0.3495,13
7,306,2025-11,0.3419,0.3495,54
7,307,2025-01,0.3366,0.3501,45
7,307,2025-02,0.347,0.3501,50
7,307,2025-03,0.3412,0.3501,25
7,307,2025-04,0.3435,0.3501,10
7,307,2025-05,0.3632,0.3501,53
7,307,2025-06,0.3583,0.3501,21
7,307,2025-07,0.355,0.3501,53
7,307,2025-08,0.3673,0.3501,51
7,307,2025-09,0.3567,0.3501,0
7,307,2025-10,0.3524,0.3501,1
7,307,2025-11,0.339,0.3501,63
7,308,2025-01,0.332,0.339,61
7,308,2025-02,0.3355,0.339,33
7,308,2025-03,0.332,0.339,47
7,308,2025-04,0.3441,0.339,10
7,308,2025-05,0.3449,0.339,5
7,308,2025-06,0.3482,0.339,66
7,308,2025-07,0.3535,0.339,23
7,308,2025-08,0.3488,0.339,20
7,308,2025-09,0.3429,0.339,60
7,308,2025-10,0.3445,0.339,61
7,308,2025-11,0.3366,0.339,8
7,309,2025-01,0.323,0.3371,47
7,309,2025-02,0.3324,0.3371,57
7,309,2025-03,0.3361,0.3371,17
7,309,2025-04,0.3409,0.3371,7
7,309,2025-05,0.3507,0.3371,66
7,309,2025-06,0.3434,0.3371,64
7,309,2025-07,0.3415,0.3371,11
7,309,2025-08,0.3448,0.3371,3
7,309,2025-09,0.3431,0.3371,10
7,309,2025-10,0.3437,0.3371,59
7,309,2025-11,0.3264,0.3371,60
7,310,2025-01,0.3226,0.3368,14
7,310,2025-02,0.3321,0.3368,48
7,310,2025-03,0.3267,0.3368,7
7,310,2025-04,0.3301,0.3368,32
7,310,2025-05,0.3414,0.3368,21
7,310,2025-06,0.3486,0.3368,39
7,310,2025-07,0.3415,0.3368,25
7,310,2025-08,0.3438,0.3368,13
7,310,2025-09,0.3433,0.3368,3
7,310,2025-10,0.3289,0.3368,62
7,310,2025-11,0.3369,0.3368,25
7,311,2025-01,0.332,0.3483,55
7,311,2025-02,0.3334,0.3483,11
7,311,2025-03,0.3469,0.3483,33
7,311,2025-04,0.349,0.3483,52
7,311,2025-05,0.3487,0.3483,22
7,311,2025-06,0.3555,0.3483,47
7,311,2025-07,0.3679,0.3483,16
7,311,2025-08,0.3527,0.3483,48
7,311,2025-09,0.35,0.3483,71
7,311,2025-10,0.3427,0.3483,24
7,311,2025-11,0.3367,0.3483,15
7,328,2025-01,0.328,0.3476,63
7,328,2025-02,0.3419,0.3476,15
7,328,2025-03,0.3358,0.3476,12
7,328,2025-04,0.3539,0.3476,23
7,328,2025-05,0.3599,0.3476,44
7,328,2025-06,0.3559,0.3476,34
7,328,2025-07,0.3604,0.3476,45
7,328,2025-08,0.3569,0.3476,0
7,328,2025-09,0.3513,0.3476,8
7,328,2025-10,0.3449,0.3476,30
7,328,2025-11,0.3431,0.3476,9
7,329,2025-01,0.3348,0.3489,55
7,329,2025-02,0.344,0.3489,70
7,329,2025-03,0.3469,0.3489,8
7,329,2025-04,0.3495,0.3489,44
7,329,2025-05,0.3511,0.3489,52
7,329,2025-06,0.3605,0.3489,64
7,329,2025-07,0.3594,0.3489,53
7,329,2025-08,0.357,0.3489,41
7,329,2025-09,0.3502,0.3489,63
7,329,2025-10,0.3418,0.3489,39
7,329,2025-11,0.3433,0.3489,35
7,330,2025-01,0.3439,0.3619,35
7,330,2025-02,0.3547,0.3619,9
7,330,2025-03,0.3551,0.3619,36
7,330,2025-04,0.3672,0.3619,49
7,330,2025-05,0.3691,0.3619,29
7,330,2025-06,0.367,0.3619,50
7,330,2025-07,0.3727,0.3619,20
7,330,2025-08,0.3762,0.3619,57
7,330,2025-09,0.361,0.3619,42
7,330,2025-10,0.3562,0.3619,60
7,330,2025-11,0.3575,0.3619,46
7,331,2025-01,0.331,0.344,72
7,331,2025-02,0.3406,0.344,60
7,331,2025-03,0.3413,0.344,71
7,331,2025-04,0.339,0.344,45
7,331,2025-05,0.3481,0.344,0
7,331,2025-06,0.3542,0.344,50
7,331,2025-07,0.3595,0.344,16
7,331,2025-08,0.3553,0.344,27
7,331,2025-09,0.3452,0.344,5
7,331,2025-10,0.3516,0.344,41
7,331,2025-11,0.331,0.344,22
7,332,2025-01,0.3346,0.3484,23
7,332,2025-02,0.3441,0.3484,60
7,332,2025-03,0.3445,0.3484,25
7,332,2025-04,0.3428,0.3484,8
7,332,2025-05,0.3622,0.3484,37
7,332,2025-06,0.3589,0.3484,34
7,332,2025-07,0.3663,0.3484,61
7,332,2025-08,0.3537,0.3484,60
7,332,2025-09,0.3616,0.3484,69
7,332,2025-10,0.3431,0.3484,58
7,332,2025-11,0.3346,0.3484,69
7,333,2025-01,0.3401,0.3582,27
7,333,2025-02,0.3492,0.3582,41
7,333,2025-03,0.3522,0.3582,64
7,333,2025-04,0.3622,0.3582,10
7,333,2025-05,0.3667,0.3582,32
7,333,2025-06,0.3755,0.3582,57
7,333,2025-07,0.3757,0.3582,41
7,333,2025-08,0.3721,0.3582,40
7,333,2025-09,0.3576,0.3582,29
7,333,2025-10,0.3647,0.3582,25
7,333,2025-11,0.3587,0.3582,10
7,334,2025-01,0.3252,0.3352,29
7,334,2025-02,0.3186,0.3352,66
7,334,2025-03,0.3358,0.3352,16
7,334,2025-04,0.3308,0.3352,62
7,334,2025-05,0.3484,0.3352,12
7,334,2025-06,0.3467,0.3352,15
7,334,2025-07,0.3416,0.3352,18
7,334,2025-08,0.3423,0.3352,23
7,334,2025-09,0.3401,0.3352,39
7,334,2025-10,0.3274,0.3352,38
7,334,2025-11,0.3321,0.3352,57
7,335,2025-01,0.3311,0.343,12
7,335,2025-02,0.3313,0.343,6
7,335,2025-03,0.3408,0.343,45
7,335,2025-04,0.3409,0.343,32
7,335,2025-05,0.3411,0.343,15
7,335,2025-06,0.3604,0.343,48
7,335,2025-07,0.3541,0.343,65
7,335,2025-08,0.3468,0.343,68
7,335,2025-09,0.3519,0.343,13
7,335,2025-10,0.3452,0.343,69
7,335,2025-11,0.3371,0.343,4
7,336,2025-01,0.3412,0.3532,34
7,336,2025-02,0.3356,0.3532,61
7,336,2025-03,0.3393,0.3532,27
7,336,2025-04,0.3517,0.3532,10
7,336,2025-05,0.3521,0.3532,23
7,336,2025-06,0.3617,0.3532,10
7,336,2025-07,0.3662,0.3532,37
7,336,2025-08,0.3569,0.3532,20
7,336,2025-09,0.3671,0.3532,53
7,336,2025-10,0.3565,0.3532,12
7,336,2025-11,0.3396,0.3532,8
7,337,2025-01,0.3136,0.3309,25
7,337,2025-02,0.3177,0.3309,31
7,337,2025-03,0.3275,0.3309,5
7,337,2025-04,0.3294,0.3309,19
7,337,2025-05,0.3297,0.3309,9
7,337,2025-06,0.3427,0.3309,6
7,337,2025-07,0.3384,0.3309,32
7,337,2025-08,0.3448,0.3309,39
7,337,2025-09,0.3379,0.3309,3
7,337,2025-10,0.3328,0.3309,9
7,337,2025-11,0.332,0.3309,11
7,338,2025-01,0.3155,0.3352,6
7,338,2025-02,0.3169,0.3352,12
7,338,2025-03,0.3218,0.3352,39
7,338,2025-04,0.3406,0.3352,69
7,338,2025-05,0.3458,0.3352,40
7,338,2025-06,0.3529,0.3352,32
7,338,2025-07,0.3509,0.3352,29
7,338,2025-08,0.3535,0.3352,64
7,338,2025-09,0.3476,0.3352,34
7,338,2025-10,0.334,0.3352,47
7,338,2025-11,0.324,0.3352,14
7,339,2025-01,0.32,0.3292,65
7,339,2025-02,0.3119,0.3292,28
7,339,2025-03,0.3296,0.3292,58
7,339,2025-04,0.3323,0.3292,32
7,339,2025-05,0.3374,0.3292,61
7,339,2025-06,0.346,0.3292,18
7,339,2025-07,0.3451,0.3292,8
7,339,2025-08,0.3428,0.3292,33
7,339,2025-09,0.3358,0.3292,59
7,339,2025-10,0.3368,0.3292,50
7,339,2025-11,0.3182,0.3292,8
7,340,2025-01,0.3312,0.3357,4
7,340,2025-02,0.3185,0.3357,20
7,340,2025-03,0.3296,0.3357,40
7,340,2025-04,0.3314,0.3357,20
7,340,2025-05,0.3422,0.3357,51
7,340,2025-06,0.3471,0.3357,16
7,340,2025-07,0.3446,0.3357,35
7,340,2025-08,0.341,0.3357,15
7,340,2025-09,0.3391,0.3357,54
7,340,2025-10,0.3411,0.3357,10
7,340,2025-11,0.3315,0.3357,19
7,341,2025-01,0.334,0.3454,42
7,341,2025-02,0.3335,0.3454,23
7,341,2025-03,0.3415,0.3454,33
7,341,2025-04,0.3465,0.3454,2
7,341,2025-05,0.3582,0.3454,37
7,341,2025-06,0.3557,0.3454,22
7,341,2025-07,0.3507,0.3454,30
7,341,2025-08,0.3502,0.3454,64
7,341,2025-09,0.3493,0.3454,9
7,341,2025-10,0.3526,0.3454,28
7,341,2025-11,0.3453,0.3454,27
7,342,2025-01,0.3255,0.333,28
7,342,2025-02,0.3267,0.333,55
7,342,2025-03,0.3304,0.333,4
7,342,2025-04,0.3389,0.333,0
7,342,2025-05,0.3363,0.333,42
7,342,2025-06,0.3458,0.333,56
7,342,2025-07,0.3467,0.333,32
7,342,2025-08,0.3364,0.333,42
7,342,2025-09,0.3375,0.333,35
7,342,2025-10,0.3377,0.333,1
7,342,2025-11,0.3303,0.333,39
7,343,2025-01,0.3186,0.3257,61
7,343,2025-02,0.3102,0.3257,21
7,343,2025-03,0.3118,0.3257,8
7,343,2025-04,0.3235,0.3257,10
7,343,2025-05,0.3376,0.3257,30
7,343,2025-06,0.3425,0.3257,24
7,343,2025-07,0.3307,0.3257,37
7,343,2025-08,0.3298,0.3257,42
7,343,2025-09,0.3354,0.3257,42
7,343,2025-10,0.333,0.3257,1
7,343,2025-11,0.3243,0.3257,10
7,344,2025-01,0.351,0.3608,19
7,344,2025-02,0.3459,0.3608,34
7,344,2025-03,0.3593,0.3608,6
7,344,2025-04,0.3622,0.3608,66
7,344,2025-05,0.3661,0.3608,11
7,344,2025-06,0.3768,0.3608,32
7,344,2025-07,0.3773,0.3608,29
7,344,2025-08,0.3692,0.3608,35
7,344,2025-09,0.3616,0.3608,52
7,344,2025-10,0.353,0.3608,36
7,344,2025-11,0.3577,0.3608,27
7,345,2025-01,0.3558,0.3688,70
7,345,2025-02,0.3511,0.3688,5
7,345,2025-03,0.357,0.3688,12
7,345,2025-04,0.3711,0.3688,65
7,345,2025-05,0.3775,0.3688,72
7,345,2025-06,0.3772,0.3688,71
7,345,2025-07,0.3814,0.3688,72
7,345,2025-08,0.377,0.3688,15
7,345,2025-09,0.3725,0.3688,42
7,345,2025-10,0.3717,0.3688,25
7,345,2025-11,0.3659,0.3688,2
7,346,2025-01,0.3389,0.3521,34
7,346,2025-02,0.3383,0.3521,70
7,346,2025-03,0.3475,0.3521,63
7,346,2025-04,0.3531,0.3521,8
7,346,2025-05,0.3619,0.3521,37
7,346,2025-06,0.3589,0.3521,12
7,346,2025-07,0.3636,0.3521,59
7,346,2025-08,0.3576,0.3521,32
7,346,2025-09,0.3585,0.3521,58
7,346,2025-10,0.3517,0.3521,49
7,346,2025-11,0.354,0.3521,65
7,347,2025-01,0.3497,0.3588,4
7,347,2025-02,0.3404,0.3588,18
7,347,2025-03,0.3508,0.3588,20
7,347,2025-04,0.3658,0.3588,38
7,347,2025-05,0.3685,0.3588,34
7,347,2025-06,0.3671,0.3588,13
7,347,2025-07,0.3696,0.3588,33
7,347,2025-08,0.3724,0.3588,24
7,347,2025-09,0.3602,0.3588,7
7,347,2025-10,0.3622,0.3588,8
7,347,2025-11,0.3461,0.3588,30
7,348,2025-01,0.3437,0.3554,44
7,348,2025-02,0.3484,0.3554,32
7,348,2025-03,0.3543,0.3554,41
7,348,2025-04,0.3551,0.3554,6
7,348,2025-05,0.3627,0.3554,50
7,348,2025-06,0.3697,0.3554,19
7,348,2025-07,0.3735,0.3554,31
7,348,2025-08,0.3724,0.3554,41
7,348,2025-09,0.3671,0.3554,8
7,348,2025-10,0.3609,0.3554,15
7,348,2025-11,0.357,0.3554,56
